id,name,number,level_id,created_at,updated_at,base_offset,volume,bbox_min_x,bbox_min_y,bbox_min_z,bbox_max_x,bbox_max_y,bbox_max_z,start_x,start_y,end_x,end_y,length,start_z,end_z,shape,size_x,size_y,system_type,start_node_id,end_node_id
du-1,Tees,,lv-7,,,,0.05046641843,17.294225,6.811441098,13.0556,17.395825,13.03655,13.1572,17.345025,13.03655,17.345025,6.811441098,6.225108902,13.1064,13.1064,round,0.1016,0.1016,hvac,,
du-2,Tees,,lv-7,,,,0.04531430149,5.864225,7.4469625,13.0556,5.965825,13.03655,13.1572,5.915025,13.03655,5.915025,7.4469625,5.5895875,13.1064,13.1064,round,0.1016,0.1016,hvac,,
du-3,Tees,,lv-7,,,,0.009472117551,6.4690625,4.3989625,11.7856,6.5706625,4.5005625,12.954,6.5198625,4.4497625,6.5198625,4.4497625,1.1684,11.7856,12.954,round,0.1016,0.1016,hvac,,
du-4,Tees,,lv-7,,,,0.0243667708,-8.9296875,3.541793867,13.0556,-8.8280875,6.547471833,13.1572,-8.8788875,3.541793867,-8.8788875,6.547471833,3.005677965,13.1064,13.1064,round,0.1016,0.1016,hvac,,
du-5,Tees,,lv-7,,,,0.009472117551,-8.9296875,3.338593867,11.7856,-8.8280875,3.440193867,12.954,-8.8788875,3.389393867,-8.8788875,3.389393867,1.1684,11.7856,12.954,round,0.1016,0.1016,hvac,,
du-6,Tees,,lv-7,,,,0.01144118547,-10.442575,6.649071833,13.0556,-9.0312875,6.750671833,13.1572,-9.0312875,6.699871833,-10.442575,6.699871833,1.4112875,13.1064,13.1064,round,0.1016,0.1016,hvac,,
du-7,Tees,,lv-7,,,,0.02182705349,15.7146625,3.814241098,13.0556,15.8162625,6.506641098,13.1572,15.7654625,3.814241098,15.7654625,6.506641098,2.6924,13.1064,13.1064,round,0.1016,0.1016,hvac,,
du-8,Tees,,lv-7,,,,0.01033438912,15.9178625,6.608241098,13.0556,17.192625,6.709841098,13.1572,17.192625,6.659041098,15.9178625,6.659041098,1.2747625,13.1064,13.1064,round,0.1016,0.1016,hvac,,
du-9,Tees,,lv-7,,,,0.02059155989,6.4690625,4.6021625,13.0556,6.5706625,7.1421625,13.1572,6.5198625,4.6021625,6.5198625,7.1421625,2.54,13.1064,13.1064,round,0.1016,0.1016,hvac,,
du-10,Tees,,lv-7,,,,0.002432378012,6.067425,7.2437625,13.0556,6.3674625,7.3453625,13.1572,6.067425,7.2945625,6.3674625,7.2945625,0.3000375,13.1064,13.1064,round,0.1016,0.1016,hvac,,
du-11,Tees,,lv-7,,,,0.0501354072,-10.645775,6.852271833,13.0556,-10.544175,13.03655,13.1572,-10.594975,6.852271833,-10.594975,13.03655,6.184278167,13.1064,13.1064,round,0.1016,0.1016,hvac,,
du-12,Tees,,lv-8,,,,0.03391161334,15.7146625,3.814241098,16.8656,15.8162625,7.9972898,16.9672,15.7654625,3.814241098,15.7654625,7.9972898,4.183048702,16.9164,16.9164,round,0.1016,0.1016,hvac,,
du-13,Tees,,lv-8,,,,0.007412961562,15.7146625,3.611041098,15.8496,15.8162625,3.712641098,16.764,15.7654625,3.661841098,15.7654625,3.661841098,0.9144,15.8496,16.764,round,0.1016,0.1016,hvac,,
du-14,Tees,,lv-8,,,,3.86091748E-05,15.9178625,8.0988898,16.8656,15.922625,8.2004898,16.9672,15.9178625,8.1496898,15.922625,8.1496898,0.0047625,16.9164,16.9164,round,0.1016,0.1016,hvac,,
du-15,Tees,,lv-8,,,,0.03838185858,16.024225,8.3020898,16.8656,16.125825,13.03655,16.9672,16.075025,8.3020898,16.075025,13.03655,4.7344602,16.9164,16.9164,round,0.1016,0.1016,hvac,,
du-16,Tees,,lv-8,,,,0.02100339109,6.5198625,4.6021625,16.8656,6.6214625,7.1929625,16.9672,6.5706625,4.6021625,6.5706625,7.1929625,2.5908,16.9164,16.9164,round,0.1016,0.1016,hvac,,
du-17,Tees,,lv-8,,,,0.007412961562,6.5198625,4.3989625,15.8496,6.6214625,4.5005625,16.764,6.5706625,4.4497625,6.5706625,4.4497625,0.9144,15.8496,16.764,round,0.1016,0.1016,hvac,,
du-18,Tees,,lv-8,,,,0.04490247029,5.864225,7.4977625,16.8656,5.965825,13.03655,16.9672,5.915025,7.4977625,5.915025,13.03655,5.5387875,16.9164,16.9164,round,0.1016,0.1016,hvac,,
du-19,Tees,,lv-8,,,,0.00284420921,6.067425,7.2945625,16.8656,6.4182625,7.3961625,16.9672,6.4182625,7.3453625,6.067425,7.3453625,0.3508375,16.9164,16.9164,round,0.1016,0.1016,hvac,,
du-20,Tees,,lv-8,,,,0.02390166346,-8.9296875,3.541793867,16.8656,-8.8280875,6.49010014,16.9672,-8.8788875,3.541793867,-8.8788875,6.49010014,2.948306272,16.9164,16.9164,round,0.1016,0.1016,hvac,,
du-21,Tees,,lv-8,,,,0.007412961562,-8.9296875,3.338593867,15.8496,-8.8280875,3.440193867,16.764,-8.8788875,3.389393867,-8.8788875,3.389393867,0.9144,15.8496,16.764,round,0.1016,0.1016,hvac,,
du-22,Tees,,lv-8,,,,0.01144118547,-10.442575,6.59170014,16.8656,-9.0312875,6.69330014,16.9672,-9.0312875,6.64250014,-10.442575,6.64250014,1.4112875,16.9164,16.9164,round,0.1016,0.1016,hvac,,
du-23,Tees,,lv-8,,,,0.05060051454,-10.645775,6.79490014,16.8656,-10.544175,13.03655,16.9672,-10.594975,6.79490014,-10.594975,13.03655,6.24164986,16.9164,16.9164,round,0.1016,0.1016,hvac,,
du-24,Tees,,lv-8,,,,0.004455955622,-15.420975,11.4681,16.8656,-15.319375,12.01774885,16.9672,-15.370175,11.4681,-15.370175,12.01774885,0.5496488531,16.9164,16.9164,round,0.1016,0.1016,hvac,,
du-25,Tees,,lv-8,,,,0.007412961562,-15.420975,11.2649,15.8496,-15.319375,11.3665,16.764,-15.370175,11.3157,-15.370175,11.3157,0.9144,15.8496,16.764,round,0.1016,0.1016,hvac,,
du-26,Tees,,lv-8,,,,0.004430216172,-16.3322,12.3825,16.8656,-15.78572615,12.4841,16.9672,-16.3322,12.4333,-15.78572615,12.4333,0.5464738531,16.9164,16.9164,round,0.1016,0.1016,hvac,,
du-27,Tees,,lv-8,,,,0.003655001881,-16.5354,12.5857,16.8656,-16.4338,13.03655,16.9672,-16.4846,13.03655,-16.4846,12.5857,0.45085,16.9164,16.9164,round,0.1016,0.1016,hvac,,
du-28,Tees,,lv-4,,,,0.004455955622,-15.420975,11.4681,8.7376,-15.319375,12.01774885,8.8392,-15.370175,11.4681,-15.370175,12.01774885,0.5496488531,8.7884,8.7884,round,0.1016,0.1016,hvac,,
du-29,Tees,,lv-4,,,,0.007412961562,-15.420975,11.2649,7.7216,-15.319375,11.3665,8.636,-15.370175,11.3157,-15.370175,11.3157,0.9144,8.636,7.7216,round,0.1016,0.1016,hvac,,
du-30,Tees,,lv-4,,,,0.004430216172,-16.3322,12.3825,8.7376,-15.78572615,12.4841,8.8392,-15.78572615,12.4333,-16.3322,12.4333,0.5464738531,8.7884,8.7884,round,0.1016,0.1016,hvac,,
du-31,Tees,,lv-4,,,,0.003655001881,-16.5354,12.5857,8.7376,-16.4338,13.03655,8.8392,-16.4846,12.5857,-16.4846,13.03655,0.45085,8.7884,8.7884,round,0.1016,0.1016,hvac,,
du-32,Tees,,lv-7,,,,0.004455955622,-15.420975,11.4681,12.8016,-15.319375,12.01774885,12.9032,-15.370175,11.4681,-15.370175,12.01774885,0.5496488531,12.8524,12.8524,round,0.1016,0.1016,hvac,,
du-33,Tees,,lv-7,,,,0.007412961562,-15.420975,11.2649,11.7856,-15.319375,11.3665,12.7,-15.370175,11.3157,-15.370175,11.3157,0.9144,12.7,11.7856,round,0.1016,0.1016,hvac,,
du-34,Tees,,lv-7,,,,0.004430216172,-16.3322,12.3825,12.8016,-15.78572615,12.4841,12.9032,-15.78572615,12.4333,-16.3322,12.4333,0.5464738531,12.8524,12.8524,round,0.1016,0.1016,hvac,,
du-35,Tees,,lv-7,,,,0.003655001881,-16.5354,12.5857,12.8016,-16.4338,13.03655,12.9032,-16.4846,12.5857,-16.4846,13.03655,0.45085,12.8524,12.8524,round,0.1016,0.1016,hvac,,
du-36,Tees,,lv-10,,,,0.004247009228,-6.829425,8.1407,20.6248,-6.727825,8.664575,20.7264,-6.778625,8.1407,-6.778625,8.664575,0.523875,20.6756,20.6756,round,0.1016,0.1016,hvac,,
du-37,Tees,,lv-10,,,,0.004941974375,-6.829425,7.9375,19.9136,-6.727825,8.0391,20.5232,-6.778625,7.9883,-6.778625,7.9883,0.6096,19.9136,20.5232,round,0.1016,0.1016,hvac,,
du-38,Tees,,lv-4,,,,0.02403220798,-8.9296875,3.541793867,9.0043,-8.8280875,6.506203004,9.1059,-8.8788875,3.541793867,-8.8788875,6.506203004,2.964409136,9.0551,9.0551,round,0.1016,0.1016,hvac,,
du-39,Tees,,lv-4,,,,0.009575075351,-8.9296875,3.338593867,7.7216,-8.8280875,3.440193867,8.9027,-8.8788875,3.389393867,-8.8788875,3.389393867,1.1811,7.7216,8.9027,round,0.1016,0.1016,hvac,,
du-40,Tees,,lv-4,,,,0.05884341319,6.3928625,4.6021625,8.9916,6.4944625,11.86058635,9.0932,6.4436625,4.6021625,6.4436625,11.86058635,7.258423853,9.0424,9.0424,round,0.1016,0.1016,hvac,,
du-41,Tees,,lv-4,,,,0.009472117551,6.3928625,4.3989625,7.7216,6.4944625,4.5005625,8.89,6.4436625,4.4497625,6.4436625,4.4497625,1.1684,7.7216,8.89,round,0.1016,0.1016,hvac,,
du-42,Tees,,lv-4,,,,0.02188156318,15.7146625,3.8227,8.9916,15.8162625,6.521823853,9.0932,15.7654625,3.8227,15.7654625,6.521823853,2.699123853,9.0424,9.0424,round,0.1016,0.1016,hvac,,
du-43,Tees,,lv-4,,,,0.009472117551,15.7146625,3.6195,7.7216,15.8162625,3.7211,8.89,15.7654625,3.6703,15.7654625,3.6703,1.1684,7.7216,8.89,round,0.1016,0.1016,hvac,,
du-44,Tees,,lv-4,,,,0.04928120757,16.024225,6.957638647,8.9916,16.125825,13.03655,9.0932,16.075025,13.03655,16.075025,6.957638647,6.078911353,9.0424,9.0424,round,0.1016,0.1016,hvac,,
du-45,Tees,,lv-4,,,,0.002525588806,15.7741784,6.593665902,8.9916,16.0663091,6.885796598,9.0932,16.03038807,6.849875573,15.81009943,6.629586927,0.3115351921,9.0424,9.0424,round,0.1016,0.1016,hvac,,
du-46,Tees,,lv-2,,,,0.001048509309,5.661025,12.06303865,4.953,5.762625,12.19237385,5.0546,5.711825,12.06303865,5.711825,12.19237385,0.1293352062,5.0038,5.0038,round,0.1016,0.1016,hvac,,
du-47,Tees,,lv-2,,,,0.004272748678,6.4182625,4.3989625,4.445,6.5198625,4.5005625,4.97205,6.4690625,4.4497625,6.4690625,4.4497625,0.52705,4.445,4.97205,round,0.1016,0.1016,hvac,,
du-48,Tees,,lv-2,,,,0.003667871606,5.864225,4.3989625,5.07365,6.3166625,4.5005625,5.17525,6.3166625,4.4497625,5.864225,4.4497625,0.4524375,5.12445,5.12445,round,0.1016,0.1016,hvac,,
du-49,Tees,,lv-2,,,,0.04108622358,5.661025,6.563938647,5.2578,5.762625,11.63198635,5.3594,5.711825,6.563938647,5.711825,11.63198635,5.068047706,5.3086,5.3086,round,0.1016,0.1016,hvac,,
du-50,Tees,,lv-2,,,,0.003893251062,5.661025,5.658997957,4.95935,5.762625,6.139236353,5.06095,5.711825,5.658997957,5.711825,6.139236353,0.4802383962,5.01015,5.01015,round,0.1016,0.1016,hvac,,
du-51,Tees,,lv-2,,,,0.002470987187,5.661025,11.7038284,5.012515902,5.762625,11.9911966,5.299884098,5.711825,11.95527557,5.711825,11.73974943,0.3048,5.048436927,5.263963073,round,0.1016,0.1016,hvac,,
du-52,Tees,,lv-2,,,,0.006300621189,5.661025,4.6021625,5.07365,5.762625,5.379353636,5.17525,5.711825,4.6021625,5.711825,5.379353636,0.7771911358,5.12445,5.12445,round,0.1016,0.1016,hvac,,
du-53,Tees,,lv-2,,,,0.001191141369,5.661025,5.430153636,4.986573638,5.762625,5.608197957,5.148026362,5.711825,5.455553636,5.711825,5.582797957,0.1469290861,5.104032272,5.030567728,round,0.1016,0.1016,hvac,,
du-54,Tees,,lv-2,,,,0.002398185029,5.661025,6.211078402,5.018865902,5.762625,6.492096598,5.299884098,5.711825,6.456175573,5.711825,6.246999427,0.2958197439,5.263963073,5.054786927,round,0.1016,0.1016,hvac,,
du-55,Tees,,lv-2,,,,0.004172821673,5.864225,12.52182615,4.953,5.965825,13.03655,5.0546,5.915025,13.03655,5.915025,12.52182615,0.5147238531,5.0038,5.0038,round,0.1016,0.1016,hvac,,
du-56,Tees,,lv-2,,,,0.001306152656,5.720540902,12.2642159,4.953,5.906309098,12.4499841,5.0546,5.870388073,12.41406307,5.756461927,12.30013693,0.1611159021,5.0038,5.0038,round,0.1016,0.1016,hvac,,
du-57,Tees,,lv-2,,,,0.004941974375,-8.9296875,3.338593867,4.445,-8.8280875,3.440193867,5.0546,-8.8788875,3.389393867,-8.8788875,3.389393867,0.6096,4.445,5.0546,round,0.1016,0.1016,hvac,,
du-58,Tees,,lv-2,,,,0.003371867933,-4.4592875,3.586625773,4.445,-4.3576875,3.688225773,4.860925,-4.4084875,3.637425773,-4.4084875,3.637425773,0.415925,4.445,4.860925,round,0.1016,0.1016,hvac,,
du-59,Tees,,lv-2,,,,0.01729031814,-4.4592875,3.789825773,4.962525,-4.3576875,5.922612619,5.064125,-4.4084875,3.789825773,-4.4084875,5.922612619,2.132786846,5.013325,5.013325,round,0.1016,0.1016,hvac,,
du-60,Tees,,lv-2,,,,0.01679560769,-4.2560875,6.024212619,4.962525,-2.184323935,6.125812619,5.064125,-4.2560875,6.075012619,-2.184323935,6.075012619,2.071763565,5.013325,5.013325,round,0.1016,0.1016,hvac,,
du-61,Tees,,lv-2,,,,0.0187383195,-2.082723935,6.227412619,4.962525,-1.981123935,8.538812619,5.064125,-2.031923935,6.227412619,-2.031923935,8.538812619,2.3114,5.013325,5.013325,round,0.1016,0.1016,hvac,,
du-62,Tees,,lv-2,,,,0.003294649583,-0.561975,12.63015,5.8928,-0.460375,13.03655,5.9944,-0.511175,13.03655,-0.511175,12.63015,0.4064,5.9436,5.9436,round,0.1016,0.1016,hvac,,
du-63,Tees,,lv-2,,,,0.007233402067,-0.358775,12.42695,5.8928,0.5334760652,12.52855,5.9944,-0.358775,12.47775,0.5334760652,12.47775,0.8922510652,5.9436,5.9436,round,0.1016,0.1016,hvac,,
du-64,Tees,,lv-2,,,,0.02090043329,-1.879523935,8.640412619,4.962525,0.6985760652,8.742012619,5.064125,-1.879523935,8.691212619,0.6985760652,8.691212619,2.5781,5.013325,5.013325,round,0.1016,0.1016,hvac,,
du-65,Tees,,lv-2,,,,0.005070671624,0.8001760652,8.640412619,5.165725,0.9017760652,8.742012619,5.7912,0.8509760652,8.691212619,0.8509760652,8.691212619,0.625475,5.165725,5.7912,round,0.1016,0.1016,hvac,,
du-66,Tees,,lv-2,,,,0.02691584543,0.8001760652,8.843612619,5.8928,0.9017760652,12.16372279,5.9944,0.8509760652,8.843612619,0.8509760652,12.16372279,3.320110169,5.9436,5.9436,round,0.1016,0.1016,hvac,,
du-67,Tees,,lv-2,,,,0.0001029577995,0.7366760652,12.21452279,5.8928,0.7493760652,12.31612279,5.9944,0.7493760652,12.26532279,0.7366760652,12.26532279,0.0127,5.9436,5.9436,round,0.1016,0.1016,hvac,,
du-68,Tees,,lv-2,,,,7.480420897E-05,0.5842760652,12.36692279,5.8928,0.6858760652,12.37615,5.9944,0.6350760652,12.37615,0.6350760652,12.36692279,0.009227212108,5.9436,5.9436,round,0.1016,0.1016,hvac,,
du-69,Tees,,lv-2,,,,0.04067136159,-9.401175,6.83895,5.1562,-9.299575,11.85582385,5.2578,-9.350375,6.83895,-9.350375,11.85582385,5.016873853,5.207,5.207,round,0.1016,0.1016,hvac,,
du-70,Tees,,lv-2,,,,0.001351321118,-9.197975,6.63575,5.1562,-9.0312875,6.73735,5.2578,-9.0312875,6.68655,-9.197975,6.68655,0.1666875,5.207,5.207,round,0.1016,0.1016,hvac,,
du-71,Tees,,lv-2,,,,0.01390233372,-8.9296875,3.541793867,5.1562,-8.8280875,5.25666772,5.2578,-8.8788875,3.541793867,-8.8788875,5.25666772,1.714873853,5.207,5.207,round,0.1016,0.1016,hvac,,
du-72,Tees,,lv-2,,,,0.001216573432,-8.9296875,5.328509769,5.020329243,-8.8280875,5.506464624,5.198284098,-8.8788875,5.364430794,-8.8788875,5.4705436,0.1500661695,5.162363073,5.056250267,round,0.1016,0.1016,hvac,,
du-73,Tees,,lv-2,,,,0.004330289167,-8.9296875,5.578306673,4.960813341,-8.8280875,6.11245438,5.062413341,-8.8788875,5.578306673,-8.8788875,6.11245438,0.5341477062,5.011613341,5.011613341,round,0.1016,0.1016,hvac,,
du-74,Tees,,lv-2,,,,0.001216573432,-8.9296875,6.184296429,5.020329243,-8.8280875,6.362251284,5.198284098,-8.8788875,6.220217453,-8.8788875,6.326330259,0.1500661695,5.056250267,5.162363073,round,0.1016,0.1016,hvac,,
du-75,Tees,,lv-2,,,,0.0008111507323,-8.9296875,6.434093333,5.1562,-8.8280875,6.53415,5.2578,-8.8788875,6.434093333,-8.8788875,6.53415,0.1000566674,5.207,5.207,round,0.1016,0.1016,hvac,,
du-76,Tees,,lv-2,,,,0.002470987187,-9.401175,11.9276659,4.910915902,-9.299575,12.2150341,5.198284098,-9.350375,11.96358693,-9.350375,12.17911307,0.3048,5.162363073,4.946836927,round,0.1016,0.1016,hvac,,
du-77,Tees,,lv-2,,,,0.006077540963,-9.401175,12.28687615,4.8514,-9.299575,13.03655,4.953,-9.350375,12.28687615,-9.350375,13.03655,0.7496738531,4.9022,4.9022,round,0.1016,0.1016,hvac,,
du-78,Tees,,lv-4,,,,0.002265400186,-9.310728033,6.607803004,9.0043,-9.0312875,6.709403004,9.1059,-9.0312875,6.658603004,-9.310728033,6.658603004,0.279440533,9.0551,9.0551,round,0.1016,0.1016,hvac,,
du-79,Tees,,lv-4,,,,0.05046997002,-9.513928033,6.811003004,9.0043,-9.412328033,13.03655,9.1059,-9.463128033,6.811003004,-9.463128033,13.03655,6.225546996,9.0551,9.0551,round,0.1016,0.1016,hvac,,
du-80,Tees,,lv-4,,,,0.004224300573,5.864225,12.51547615,8.9916,5.965825,13.03655,9.0932,5.915025,13.03655,5.915025,12.51547615,0.5210738531,9.0424,9.0424,round,0.1016,0.1016,hvac,,
du-81,Tees,,lv-4,,,,0.005037263263,5.923740902,11.9324284,8.9916,6.434946598,12.4436341,9.0932,6.399025573,11.96834943,5.959661927,12.40771307,0.6213540283,9.0424,9.0424,round,0.1016,0.1016,hvac,,
du-82,Tees,,lv-2,,,,0.007310003762,-9.351130716,-1.222375,4.445,-9.249530716,-1.120775,5.3467,-9.300330716,-1.171575,-9.300330716,-1.171575,0.9017,4.445,5.3467,round,0.1016,0.1016,hvac,,
du-83,Tees,,lv-2,,,,0.01744460381,-9.147930716,-1.222375,5.4483,-6.9961125,-1.120775,5.5499,-9.147930716,-1.171575,-6.9961125,-1.171575,2.151818216,5.4991,5.4991,round,0.1016,0.1016,hvac,,
du-84,Tees,,lv-2,,,,0.01555401976,-6.8945125,-3.242586819,5.4483,-6.7929125,-1.323975,5.5499,-6.8437125,-1.323975,-6.8437125,-3.242586819,1.918611819,5.4991,5.4991,round,0.1016,0.1016,hvac,,
du-85,Tees,,lv-2,,,,0.005199849255,-6.8945125,-8.898884025,4.953,-6.7929125,-8.257474769,5.0546,-6.8437125,-8.257474769,-6.8437125,-8.898884025,0.6414092558,5.0038,5.0038,round,0.1016,0.1016,hvac,,
du-86,Tees,,lv-2,,,,0.003721264856,-6.8945125,-3.648075,4.999973869,-6.7929125,-3.330575,5.4483,-6.8437125,-3.374569091,-6.8437125,-3.604080909,0.459023638,5.4229,5.025373869,round,0.1016,0.1016,hvac,,
du-87,Tees,,lv-2,,,,0.002228376763,-6.8945125,-4.010936819,4.898373869,-6.7929125,-3.736063181,4.999973869,-6.8437125,-4.010936819,-6.8437125,-3.736063181,0.274873638,4.949173869,4.949173869,round,0.1016,0.1016,hvac,,
du-88,Tees,,lv-2,,,,0.02668085414,-6.8945125,-7.795536819,5.4483,-6.7929125,-4.504413181,5.5499,-6.8437125,-4.504413181,-6.8437125,-7.795536819,3.291123638,5.4991,5.4991,round,0.1016,0.1016,hvac,,
du-89,Tees,,lv-2,,,,0.003209906515,-6.8945125,-8.169486588,5.0546,-6.7929125,-7.883525,5.4483,-6.8437125,-7.927519091,-6.8437125,-8.125492498,0.3959468146,5.4229,5.08,round,0.1016,0.1016,hvac,,
du-90,Tees,,lv-4,,,,0.009472117551,6.858,-1.2080875,7.7216,6.9596,-1.1064875,8.89,6.9088,-1.1572875,6.9088,-1.1572875,1.1684,7.7216,8.89,round,0.1016,0.1016,hvac,,
du-91,Tees,,lv-4,,,,0.0273115694,6.2738,-8.035551147,9.509373318,6.3754,-4.666627829,9.610973318,6.3246,-4.666627829,6.3246,-8.035551147,3.368923318,9.560173318,9.560173318,round,0.1016,0.1016,hvac,,
du-92,Tees,,lv-4,,,,0.004912706432,6.2738,-4.59478578,9.051115902,6.3754,-4.094444265,9.551457416,6.3246,-4.558864755,6.3246,-4.13036529,0.6059897552,9.515536392,9.087036927,round,0.1016,0.1016,hvac,,
du-93,Tees,,lv-4,,,,0.01380240672,6.2738,-4.022602217,8.9916,6.3754,-2.32005451,9.0932,6.3246,-4.022602217,6.3246,-2.32005451,1.702547706,9.0424,9.0424,round,0.1016,0.1016,hvac,,
du-94,Tees,,lv-4,,,,0.005674282147,6.333315902,-2.248212461,8.9916,6.900084098,-1.681444265,9.0932,6.369236927,-2.212291437,6.864163073,-1.71736529,0.6999312693,9.0424,9.0424,round,0.1016,0.1016,hvac,,
du-95,Tees,,lv-4,,,,0.002431382617,6.858,-1.609602217,8.9916,6.9596,-1.3096875,9.0932,6.9088,-1.3096875,6.9088,-1.609602217,0.2999147165,9.0424,9.0424,round,0.1016,0.1016,hvac,,
du-96,Tees,,lv-7,,,,0.009472117551,6.858,-1.2080875,11.7856,6.9596,-1.1064875,12.954,6.9088,-1.1572875,6.9088,-1.1572875,1.1684,12.954,11.7856,round,0.1016,0.1016,hvac,,
du-97,Tees,,lv-7,,,,0.004912706432,5.2959,-4.59478578,13.1151159,5.3975,-4.094444265,13.61545742,5.3467,-4.558864755,5.3467,-4.13036529,0.6059897552,13.57953639,13.15103693,round,0.1016,0.1016,hvac,,
du-98,Tees,,lv-7,,,,0.005874656159,5.2959,-4.022602217,13.0556,5.3975,-3.29795451,13.1572,5.3467,-4.022602217,5.3467,-3.29795451,0.7246477062,13.1064,13.1064,round,0.1016,0.1016,hvac,,
du-99,Tees,,lv-7,,,,0.01688581451,5.355415902,-3.226112461,13.0556,6.900084098,-1.681444265,13.1572,5.391336927,-3.190191437,6.864163073,-1.71736529,2.082890712,13.1064,13.1064,round,0.1016,0.1016,hvac,,
du-100,Tees,,lv-7,,,,0.002431382617,6.858,-1.609602217,13.0556,6.9596,-1.3096875,13.1572,6.9088,-1.3096875,6.9088,-1.609602217,0.2999147165,13.1064,13.1064,round,0.1016,0.1016,hvac,,
du-101,Tees,,lv-4,,,,0.01736982429,-9.138706549,-1.2080875,9.5123,-6.9961125,-1.1064875,9.6139,-9.138706549,-1.1572875,-6.9961125,-1.1572875,2.142594049,9.5631,9.5631,round,0.1016,0.1016,hvac,,
du-102,Tees,,lv-7,,,,0.01369498672,-9.351130695,-1.221192188,11.78520587,-9.247966282,-1.106489029,13.47523985,-9.298766261,-1.170393717,-9.300330716,-1.1572875,1.689297287,13.47484572,11.7856,round,0.1016,0.1016,hvac,,
du-103,Tees,,lv-7,,,,0.01743192143,-9.146366326,-1.222375,13.5763,-6.9961125,-1.120775,13.6779,-6.9961125,-1.171575,-9.146366326,-1.171575,2.150253826,13.6271,13.6271,round,0.1016,0.1016,hvac,,
du-104,Tees,,lv-7,,,,0.005209661078,-6.8945125,-8.898884025,13.0683,-6.7929125,-8.256264466,13.1699,-6.8437125,-8.256264466,-6.8437125,-8.898884025,0.642619559,13.1191,13.1191,round,0.1016,0.1016,hvac,,
du-105,Tees,,lv-4,,,,0.01561040457,-6.8945125,-3.235254471,9.5123,-6.7929125,-1.3096875,9.6139,-6.8437125,-1.3096875,-6.8437125,-3.235254471,1.925566971,9.5631,9.5631,round,0.1016,0.1016,hvac,,
du-106,Tees,,lv-4,,,,0.005209661078,-6.8945125,-8.898884025,9.0043,-6.7929125,-8.256264466,9.1059,-6.8437125,-8.256264466,-6.8437125,-8.898884025,0.642619559,9.0551,9.0551,round,0.1016,0.1016,hvac,,
du-107,Tees,,lv-4,,,,0.003840150282,-6.8945125,-3.648075,9.051273869,-6.7929125,-3.323242652,9.5123,-6.8437125,-3.367236742,-6.8437125,-3.604080909,0.4736883348,9.4869,9.076673869,round,0.1016,0.1016,hvac,,
du-108,Tees,,lv-4,,,,0.002202637314,-6.8945125,-4.007761819,8.949673869,-6.7929125,-3.736063181,9.051273869,-6.8437125,-3.736063181,-6.8437125,-4.007761819,0.271698638,9.000473869,9.000473869,round,0.1016,0.1016,hvac,,
du-109,Tees,,lv-4,,,,0.02657789634,-6.8945125,-7.786994167,9.5123,-6.7929125,-4.508570529,9.6139,-6.8437125,-4.508570529,-6.8437125,-7.786994167,3.278423638,9.5631,9.5631,round,0.1016,0.1016,hvac,,
du-110,Tees,,lv-4,,,,0.003840150282,-6.8945125,-4.420582348,9.051273869,-6.7929125,-4.09575,9.5123,-6.8437125,-4.139744091,-6.8437125,-4.376588258,0.4736883348,9.076673869,9.4869,round,0.1016,0.1016,hvac,,
du-111,Tees,,lv-4,,,,0.003328791941,-6.8945125,-8.168276285,9.1059,-6.7929125,-7.874982348,9.5123,-6.8437125,-7.918976439,-6.8437125,-8.124282195,0.4106115114,9.4869,9.1313,round,0.1016,0.1016,hvac,,
du-112,Tees,,lv-2,,,,0.003721264856,-6.8945125,-4.416425,4.999973869,-6.7929125,-4.098925,5.4483,-6.8437125,-4.372430909,-6.8437125,-4.142919091,0.459023638,5.4229,5.025373869,round,0.1016,0.1016,hvac,,
du-113,Tees,,lv-7,,,,0.01549457704,-6.8945125,-3.235254471,13.5763,-6.7929125,-1.323975,13.6779,-6.8437125,-1.323975,-6.8437125,-3.235254471,1.911279471,13.6271,13.6271,round,0.1016,0.1016,hvac,,
du-114,Tees,,lv-7,,,,0.003840150282,-6.8945125,-3.648075,13.11527387,-6.7929125,-3.323242652,13.5763,-6.8437125,-3.367236742,-6.8437125,-3.604080909,0.4736883348,13.5509,13.14067387,round,0.1016,0.1016,hvac,,
du-115,Tees,,lv-7,,,,0.002202637314,-6.8945125,-4.007761819,13.01367387,-6.7929125,-3.736063181,13.11527387,-6.8437125,-3.736063181,-6.8437125,-4.007761819,0.271698638,13.06447387,13.06447387,round,0.1016,0.1016,hvac,,
du-116,Tees,,lv-7,,,,0.02657789634,-6.8945125,-7.786994167,13.5763,-6.7929125,-4.508570529,13.6779,-6.8437125,-4.508570529,-6.8437125,-7.786994167,3.278423638,13.6271,13.6271,round,0.1016,0.1016,hvac,,
du-117,Tees,,lv-7,,,,0.003840150282,-6.8945125,-4.420582348,13.11527387,-6.7929125,-4.09575,13.5763,-6.8437125,-4.139744091,-6.8437125,-4.376588258,0.4736883348,13.14067387,13.5509,round,0.1016,0.1016,hvac,,
du-118,Tees,,lv-7,,,,0.003328791941,-6.8945125,-8.168276285,13.1699,-6.7929125,-7.874982348,13.5763,-6.8437125,-7.918976439,-6.8437125,-8.124282195,0.4106115114,13.5509,13.1953,round,0.1016,0.1016,hvac,,
du-119,Tees,,lv-4,,,,0.01369338733,17.32819811,-0.3302,7.7216,17.42979811,-0.2286,9.4107,17.37899811,-0.2794,17.37899811,-0.2794,1.6891,7.7216,9.4107,round,0.1016,0.1016,hvac,,
du-120,Tees,,lv-4,,,,0.02588480843,17.6514047,-7.680311258,9.5123,17.7530047,-4.48738106,9.6139,17.7022047,-4.48738106,17.7022047,-7.680311258,3.192930198,9.5631,9.5631,round,0.1016,0.1016,hvac,,
du-121,Tees,,lv-4,,,,0.003447677368,17.6514047,-4.399392879,9.0932,17.7530047,-4.098766594,9.5123,17.7022047,-4.355398789,17.7022047,-4.142760685,0.4252762083,9.4869,9.1186,round,0.1016,0.1016,hvac,,
du-122,Tees,,lv-4,,,,0.002227797038,17.6514047,-4.010778413,8.9916,17.7530047,-3.735976285,9.0932,17.7022047,-4.010778413,17.7022047,-3.735976285,0.2748021279,9.0424,9.0424,round,0.1016,0.1016,hvac,,
du-123,Tees,,lv-4,,,,0.003447677368,17.6514047,-3.647988104,9.0932,17.7530047,-3.347361819,9.5123,17.7022047,-3.603994014,17.7022047,-3.391355909,0.4252762083,9.1186,9.4869,round,0.1016,0.1016,hvac,,
du-124,Tees,,lv-4,,,,0.0134838875,17.6514047,-3.259373638,9.5123,17.7530047,-1.596115759,9.6139,17.7022047,-1.596115759,17.7022047,-3.259373638,1.663257879,9.5631,9.5631,round,0.1016,0.1016,hvac,,
du-125,Tees,,lv-7,,,,0.02487170061,17.66148144,-7.555342879,13.5763,17.76308144,-4.48738106,13.6779,17.71228144,-4.48738106,17.71228144,-7.555342879,3.067961819,13.6271,13.6271,round,0.1016,0.1016,hvac,,
du-126,Tees,,lv-7,,,,0.003447677368,17.66148144,-4.399392879,13.1572,17.76308144,-4.098766594,13.5763,17.71228144,-4.355398789,17.71228144,-4.142760685,0.4252762083,13.5509,13.1826,round,0.1016,0.1016,hvac,,
du-127,Tees,,lv-7,,,,0.002227797038,17.66148144,-4.010778413,13.0556,17.76308144,-3.735976285,13.1572,17.71228144,-4.010778413,17.71228144,-3.735976285,0.2748021279,13.1064,13.1064,round,0.1016,0.1016,hvac,,
du-128,Tees,,lv-7,,,,0.003447677368,17.66148144,-3.647988104,13.1572,17.76308144,-3.347361819,13.5763,17.71228144,-3.603994014,17.71228144,-3.391355909,0.4252762083,13.1826,13.5509,round,0.1016,0.1016,hvac,,
du-129,Tees,,lv-4,,,,0.00945730543,17.36652626,-1.5715671,9.5123,17.74698404,-0.4150101787,9.6139,17.6976892,-1.559292771,17.4158211,-0.4272845077,1.166572902,9.5631,9.5631,round,0.1016,0.1016,hvac,,
du-130,Tees,,lv-4,,,,0.0002851470434,6.2738,-8.238751147,9.3726,6.3754,-8.137151147,9.407773318,6.3246,-8.187951147,6.3246,-8.187951147,0.0351733183,9.3726,9.407773318,round,0.1016,0.1016,hvac,,
du-131,Tees,,lv-4,,,,0.004941974375,5.5626,-8.238751147,9.1694,6.1722,-8.137151147,9.271,5.5626,-8.187951147,6.1722,-8.187951147,0.6096,9.2202,9.2202,round,0.1016,0.1016,hvac,,
du-132,Tees,,lv-4,,,,0.0007207045963,5.3594,-8.238751147,8.9789,5.461,-8.137151147,9.0678,5.4102,-8.187951147,5.4102,-8.187951147,0.0889,8.9789,9.0678,round,0.1016,0.1016,hvac,,
du-133,Tees,,lv-7,,,,0.002265071588,17.66148144,-7.758542879,13.1953,17.76308144,-7.656942879,13.4747,17.71228144,-7.707742879,17.71228144,-7.707742879,0.2794,13.4747,13.1953,round,0.1016,0.1016,hvac,,
du-134,Tees,,lv-7,,,,0.0003481851721,17.66148144,-7.903092046,12.9921,17.76308144,-7.860142879,13.0937,17.71228144,-7.860142879,17.71228144,-7.903092046,0.04294916663,13.0429,13.0429,round,0.1016,0.1016,hvac,,
du-135,Tees,,lv-7,,,,0.001978745816,17.67376121,-8.20199102,12.9921,17.85278552,-7.937876044,13.0937,17.72149127,-7.955268043,17.80505547,-8.18459902,0.2440812837,13.0429,13.0429,round,0.1016,0.1016,hvac,,
du-136,Tees,,lv-4,,,,0.005091265356,17.65650047,-8.52846657,8.79161417,17.78865453,-7.908869351,9.120987987,17.73792515,-8.509424726,17.70722984,-7.927911195,0.628015268,8.838718142,9.073884015,round,0.1016,0.1016,hvac,,
du-137,Tees,,lv-4,,,,0.001584934554,17.6514047,-7.883511258,9.21519593,17.7530047,-7.781911258,9.4107,17.7022047,-7.832711258,17.7022047,-7.832711258,0.19550407,9.21519593,9.4107,round,0.1016,0.1016,hvac,,
du-138,Tees,,lv-7,,,,0.002498739732,5.2959,-8.238751147,13.16355,5.3975,-8.137151147,13.47177332,5.3467,-8.187951147,5.3467,-8.187951147,0.3082233183,13.16355,13.47177332,round,0.1016,0.1016,hvac,,
du-139,Tees,,lv-7,,,,0.0273115694,5.2959,-8.035551147,13.57337332,5.3975,-4.666627829,13.67497332,5.3467,-4.666627829,5.3467,-8.035551147,3.368923318,13.62417332,13.62417332,round,0.1016,0.1016,hvac,,
du-140,Tees,,lv-1,,,,0.002856929125,-20.5486,12.531725,0.1778,-20.447,12.633325,0.5302065206,-20.4978,12.582525,-20.4978,12.582525,0.3524065206,0.1778,0.5302065206,round,0.1016,0.1016,hvac,,
du-141,Tees,,lv-1,,,,0.002086804732,-9.271,10.7267375,0.9271,-9.1694,10.8283375,1.184510514,-9.2202,10.7775375,-9.2202,10.7775375,0.2574105142,0.9271,1.184510514,round,0.1016,0.1016,hvac,,
du-142,Tees,,lv-1,,,,0.004839016575,6.3754,12.531725,0.9271,6.477,12.633325,1.524,6.4262,12.582525,6.4262,12.582525,0.5969,0.9271,1.524,round,0.1016,0.1016,hvac,,
du-143,Tees,,lv-1,,,,0.01235462881,-17.1958,12.35075,1.079537885,-17.0942,12.45235,2.6035,-17.145,12.40155,-17.145,12.40155,1.523962115,1.079537885,2.6035,round,0.1016,0.1016,hvac,,
du-144,Tees,,lv-2,,,,0.00391239638,-16.5354,12.55395,2.7051,-16.4338,13.03655,2.8067,-16.4846,13.03655,-16.4846,12.55395,0.4826,2.7559,2.7559,round,0.1016,0.1016,hvac,,
du-145,Tees,,lv-2,,,,0.002882818385,-16.9926,12.35075,2.7051,-16.637,12.45235,2.8067,-16.637,12.40155,-16.9926,12.40155,0.3556,2.7559,2.7559,round,0.1016,0.1016,hvac,,
du-146,Tees,,lv-1,,,,0.001187199053,-17.1958,10.702925,0.1778,-17.0942,10.804525,0.3242427954,-17.145,10.753725,-17.145,10.753725,0.1464427954,0.1778,0.3242427954,round,0.1016,0.1016,hvac,,
du-147,Tees,,lv-1,,,,0.00149588204,-17.1958,10.7624409,0.3960848444,-17.0942,10.9647578,0.5984017473,-17.145,10.79836193,-17.145,10.92883678,0.184519308,0.4320058689,0.5624807229,round,0.1016,0.1016,hvac,,
du-148,Tees,,lv-1,,,,0.009106303568,-17.1958,11.12587371,0.8763378847,-17.0942,12.24915,0.9779378847,-17.145,11.12587371,-17.145,12.24915,1.123276293,0.9271378847,0.9271378847,round,0.1016,0.1016,hvac,,
du-149,Tees,,lv-1,,,,0.0008471245197,-17.1958,10.92267371,0.6702437963,-17.0942,11.02427371,0.7747378847,-17.145,10.97347371,-17.145,10.97347371,0.1044940884,0.6702437963,0.7747378847,round,0.1016,0.1016,hvac,,
du-150,Tees,,lv-1,,,,0.002445247737,-3.7846,10.9299375,1.286110514,-3.683,11.2315625,1.387710514,-3.7338,10.9299375,-3.7338,11.2315625,0.301625,1.336910514,1.336910514,round,0.1016,0.1016,hvac,,
du-151,Tees,,lv-1,,,,0.002086804732,-3.7846,10.7267375,0.9271,-3.683,10.8283375,1.184510514,-3.7338,10.7775375,-3.7338,10.7775375,0.2574105142,0.9271,1.184510514,round,0.1016,0.1016,hvac,,
du-152,Tees,,lv-11,,,,0.004941974375,15.64784085,12.531725,1.9812,15.74944085,12.633325,2.5908,15.69864085,12.582525,15.69864085,12.582525,0.6096,1.9812,2.5908,round,0.1016,0.1016,hvac,,
du-153,Tees,,lv-11,,,,0.002445247737,6.3754,12.734925,1.6256,6.477,13.03655,1.7272,6.4262,13.03655,6.4262,12.734925,0.301625,1.6764,1.6764,round,0.1016,0.1016,hvac,,
du-154,Tees,,lv-2,,,,0.002445247737,15.64784085,12.734925,2.6924,15.74944085,13.03655,2.794,15.69864085,12.734925,15.69864085,13.03655,0.301625,2.7432,2.7432,round,0.1016,0.1016,hvac,,
du-155,Tees,,lv-1,,,,0.002445247737,-9.271,10.9299375,1.286110514,-9.1694,11.2315625,1.387710514,-9.2202,11.2315625,-9.2202,10.9299375,0.301625,1.336910514,1.336910514,round,0.1016,0.1016,hvac,,
du-156,Tees,,lv-1,,,,0.002445247737,-20.5486,12.734925,0.6318065206,-20.447,13.03655,0.7334065206,-20.4978,13.03655,-20.4978,12.734925,0.301625,0.6826065206,0.6826065206,round,0.1016,0.1016,hvac,,
du-157,Tees,,lv-7,,,,0.009469952018,5.2959,-9.508484025,12.96035,5.3975,-8.340351147,13.06195,5.3467,-9.508484025,5.3467,-8.340351147,1.168132878,13.01115,13.01115,round,0.1016,0.1016,hvac,,
du-158,Tees,,lv-4,,,,0.009469952018,5.3594,-9.508484025,8.7757,5.461,-8.340351147,8.8773,5.4102,-9.508484025,5.4102,-8.340351147,1.168132878,8.8265,8.8265,round,0.1016,0.1016,hvac,,
du-159,Tees,,lv-4,,,,0.002116887995,17.69297839,-8.832855521,8.776608078,17.82779236,-8.560706659,8.878208078,17.77742696,-8.82622479,17.74334379,-8.567337389,0.2611213301,8.827408078,8.827408078,round,0.1016,0.1016,hvac,,
du-160,Tees,,lv-7,,,,0.004860630122,17.762567,-8.81755943,12.9921,17.94282096,-8.209813821,13.0937,17.89247011,-8.810819131,17.81291785,-8.21655412,0.5995660637,13.0429,13.0429,round,0.1016,0.1016,hvac,,
du-161,Tees,,lv-7,,,,0.01281581365,17.66148144,-3.259373638,13.5763,17.76308144,-1.678523676,13.6779,17.71228144,-3.259373638,17.71228144,-1.678523676,1.580849962,13.6271,13.6271,round,0.1016,0.1016,hvac,,
du-162,Tees,,lv-7,,,,0.01098710061,17.33664247,-1.654389699,13.5763,17.75726544,-0.3137710134,13.6779,17.70791944,-1.64232271,17.38598847,-0.3258380021,1.355275447,13.6271,13.6271,round,0.1016,0.1016,hvac,,
du-163,Tees,,lv-7,,,,0.01369338733,17.2989875,-0.2286,11.7856,17.4005875,-0.127,13.4747,17.3497875,-0.1778,17.3497875,-0.1778,1.6891,13.4747,11.7856,round,0.1016,0.1016,hvac,,
du-164,Tees,,lv-7,,,,0.009472117551,15.7146625,3.611041098,11.7856,15.8162625,3.712641098,12.954,15.7654625,3.661841098,15.7654625,3.661841098,1.1684,11.7856,12.954,round,0.1016,0.1016,hvac,,
du-165,Tees,,lv-7,,,,0.02306254708,-4.4592875,3.789825773,13.0556,-4.3576875,6.634625773,13.1572,-4.4084875,3.789825773,-4.4084875,6.634625773,2.8448,13.1064,13.1064,round,0.1016,0.1016,hvac,,
du-166,Tees,,lv-7,,,,0.009150374428,-4.2560875,6.736225773,13.0556,-3.127375,6.837825773,13.1572,-3.127375,6.787025773,-4.2560875,6.787025773,1.1287125,13.1064,13.1064,round,0.1016,0.1016,hvac,,
du-167,Tees,,lv-7,,,,0.009472117551,-4.4592875,3.586625773,11.7856,-4.3576875,3.688225773,12.954,-4.4084875,3.637425773,-4.4084875,3.637425773,1.1684,11.7856,12.954,round,0.1016,0.1016,hvac,,
du-168,Tees,,lv-7,,,,0.04942885775,-3.025775,6.939425773,13.0556,-2.924175,13.03655,13.1572,-2.974975,13.03655,-2.974975,6.939425773,6.097124227,13.1064,13.1064,round,0.1016,0.1016,hvac,,
du-169,Tees,,lv-8,,,,0.003017003374,-15.7138841,12.0895909,16.8656,-15.3788909,12.4245841,16.9672,-15.41481193,12.12551193,-15.67796307,12.38866307,0.3721519209,16.9164,16.9164,round,0.1016,0.1016,hvac,,
du-170,Tees,,lv-7,,,,0.003017003374,-15.7138841,12.0895909,12.8016,-15.3788909,12.4245841,12.9032,-15.41481193,12.12551193,-15.67796307,12.38866307,0.3721519209,12.8524,12.8524,round,0.1016,0.1016,hvac,,
du-171,Tees,,lv-4,,,,0.003017003374,-15.7138841,12.0895909,8.7376,-15.3788909,12.4245841,8.8392,-15.41481193,12.12551193,-15.67796307,12.38866307,0.3721519209,8.7884,8.7884,round,0.1016,0.1016,hvac,,
du-172,Tees,,lv-4,,,,0.01369338733,-9.341906549,-1.2080875,7.7216,-9.240306549,-1.1064875,9.4107,-9.291106549,-1.1572875,-9.291106549,-1.1572875,1.6891,7.7216,9.4107,round,0.1016,0.1016,hvac,,
du-173,Tees,,lv-7,,,,0.004890495475,-1.3858875,-1.2080875,11.7856,-1.2842875,-1.1064875,12.38885,-1.3350875,-1.1572875,-1.3350875,-1.1572875,0.60325,11.7856,12.38885,round,0.1016,0.1016,hvac,,
du-174,Tees,,lv-7,,,,0.01709099471,-1.3858875,-3.4178875,12.49045,-1.2842875,-1.3096875,12.59205,-1.3350875,-1.3096875,-1.3350875,-3.4178875,2.1082,12.54125,12.54125,round,0.1016,0.1016,hvac,,
du-175,Tees,,lv-7,,,,0.03456550968,-5.751195303,-3.6210875,12.49045,-1.4874875,-3.5194875,12.59205,-1.4874875,-3.5702875,-5.751195303,-3.5702875,4.263707803,12.54125,12.54125,round,0.1016,0.1016,hvac,,
du-176,Tees,,lv-7,,,,0.02326846268,-5.954395303,-3.6210875,12.69365,-5.852795303,-3.5194875,15.56385,-5.903595303,-3.5702875,-5.903595303,-3.5702875,2.8702,12.69365,15.56385,round,0.1016,0.1016,hvac,,
du-177,Tees,,lv-7,,,,0.03302727752,-5.954395303,-7.796652043,15.66545,-5.852795303,-3.7226875,15.76705,-5.903595303,-3.7226875,-5.903595303,-7.796652043,4.073964543,15.71625,15.71625,round,0.1016,0.1016,hvac,,
du-178,Tees,,lv-8,,,,0.004043077326,-5.927171665,-8.330155966,15.66545,-5.589823638,-7.847452043,15.76705,-5.883177574,-7.872852043,-5.633817728,-8.304755966,0.4987196919,15.71625,15.71625,round,0.1016,0.1016,hvac,,
du-179,Tees,,lv-8,,,,0.001962747736,-5.6642,-8.623063862,15.66545,-5.5626,-8.380955966,15.76705,-5.6134,-8.380955966,-5.6134,-8.623063862,0.2421078964,15.71625,15.71625,round,0.1016,0.1016,hvac,,
du-180,Tees,,lv-8,,,,0.002674922096,-5.6642,-8.964018064,15.76705,-5.5626,-8.711052043,16.1036,-5.6134,-8.920023973,-5.6134,-8.755046134,0.3299556788,16.0782,15.79245,round,0.1016,0.1016,hvac,,
du-181,Tees,,lv-9,,,,0.003082879014,-5.6642,-9.432284025,16.1036,-5.5626,-9.052006245,16.2052,-5.6134,-9.432284025,-5.6134,-9.052006245,0.3802777806,16.1544,16.1544,round,0.1016,0.1016,hvac,,
