id,uuid
lv-1,933c4a06-93b8-11d3-80f8-00c04f8efc32-0000001e
lv-2,6341822b-d4f3-11d3-a039-0000863f1523-000026da
lv-3,37026fa4-e8cf-41db-bc86-3c9ebbec55fb-0014ca78
lv-4,37026fa4-e8cf-41db-bc86-3c9ebbec55fb-0014ca81
lv-5,37026fa4-e8cf-41db-bc86-3c9ebbec55fb-0014cadb
lv-6,37026fa4-e8cf-41db-bc86-3c9ebbec55fb-0014cb23
lv-7,37026fa4-e8cf-41db-bc86-3c9ebbec55fb-0014cb67
lv-8,37026fa4-e8cf-41db-bc86-3c9ebbec55fb-0014cb6e
lv-9,37026fa4-e8cf-41db-bc86-3c9ebbec55fb-0014cb75
lv-10,37026fa4-e8cf-41db-bc86-3c9ebbec55fb-0014cbbc
lv-11,37026fa4-e8cf-41db-bc86-3c9ebbec55fb-0014cc29
gr-1,37026fa4-e8cf-41db-bc86-3c9ebbec55fb-0014cc71
gr-2,37026fa4-e8cf-41db-bc86-3c9ebbec55fb-0014cc72
gr-3,37026fa4-e8cf-41db-bc86-3c9ebbec55fb-0014cc73
gr-4,37026fa4-e8cf-41db-bc86-3c9ebbec55fb-0014cc74
gr-5,37026fa4-e8cf-41db-bc86-3c9ebbec55fb-0014cc75
gr-6,37026fa4-e8cf-41db-bc86-3c9ebbec55fb-0014cc76
gr-7,37026fa4-e8cf-41db-bc86-3c9ebbec55fb-0014cc77
gr-8,37026fa4-e8cf-41db-bc86-3c9ebbec55fb-0014cc78
gr-9,37026fa4-e8cf-41db-bc86-3c9ebbec55fb-0014cc79
gr-10,37026fa4-e8cf-41db-bc86-3c9ebbec55fb-0014cc7a
gr-11,37026fa4-e8cf-41db-bc86-3c9ebbec55fb-0014cc7b
gr-12,37026fa4-e8cf-41db-bc86-3c9ebbec55fb-0014cc7c
gr-13,37026fa4-e8cf-41db-bc86-3c9ebbec55fb-0014cc7d
gr-14,37026fa4-e8cf-41db-bc86-3c9ebbec55fb-0014cc7e
gr-15,37026fa4-e8cf-41db-bc86-3c9ebbec55fb-0014cc80
du-1,ee75abd3-0b00-4374-8f65-b8d52f0bb76e-0014d69e
du-2,ee75abd3-0b00-4374-8f65-b8d52f0bb76e-0014d6b7
du-3,0b202da0-7e91-481c-adf0-ed84186e6285-00150c2e
du-4,507f37c6-d7e4-4fa6-a594-d3a07a01ac04-001516e0
du-5,507f37c6-d7e4-4fa6-a594-d3a07a01ac04-00151701
du-6,507f37c6-d7e4-4fa6-a594-d3a07a01ac04-00151cdf
du-7,507f37c6-d7e4-4fa6-a594-d3a07a01ac04-00151dc2
du-8,507f37c6-d7e4-4fa6-a594-d3a07a01ac04-00151edd
du-9,507f37c6-d7e4-4fa6-a594-d3a07a01ac04-001520cb
du-10,507f37c6-d7e4-4fa6-a594-d3a07a01ac04-00152118
du-11,507f37c6-d7e4-4fa6-a594-d3a07a01ac04-00152121
du-12,507f37c6-d7e4-4fa6-a594-d3a07a01ac04-00152447
du-13,507f37c6-d7e4-4fa6-a594-d3a07a01ac04-00152499
du-14,507f37c6-d7e4-4fa6-a594-d3a07a01ac04-001524a9
du-15,507f37c6-d7e4-4fa6-a594-d3a07a01ac04-001525eb
du-16,507f37c6-d7e4-4fa6-a594-d3a07a01ac04-001525ec
du-17,507f37c6-d7e4-4fa6-a594-d3a07a01ac04-001525ed
du-18,2707bbd2-db0c-4034-9366-37a5081a23bf-001528e4
du-19,2707bbd2-db0c-4034-9366-37a5081a23bf-001528e5
du-20,2707bbd2-db0c-4034-9366-37a5081a23bf-00152af4
du-21,2707bbd2-db0c-4034-9366-37a5081a23bf-00152af5
du-22,2707bbd2-db0c-4034-9366-37a5081a23bf-00152af6
du-23,2707bbd2-db0c-4034-9366-37a5081a23bf-00152c10
du-24,2707bbd2-db0c-4034-9366-37a5081a23bf-00152c11
du-25,2707bbd2-db0c-4034-9366-37a5081a23bf-00152c12
du-26,2707bbd2-db0c-4034-9366-37a5081a23bf-00152dec
du-27,2707bbd2-db0c-4034-9366-37a5081a23bf-00152ded
du-28,2707bbd2-db0c-4034-9366-37a5081a23bf-00152f11
du-29,2707bbd2-db0c-4034-9366-37a5081a23bf-00152f12
du-30,2707bbd2-db0c-4034-9366-37a5081a23bf-0015330a
du-31,2707bbd2-db0c-4034-9366-37a5081a23bf-00153474
du-32,2707bbd2-db0c-4034-9366-37a5081a23bf-00153477
du-33,2707bbd2-db0c-4034-9366-37a5081a23bf-00153479
du-34,2707bbd2-db0c-4034-9366-37a5081a23bf-0015347b
du-35,2707bbd2-db0c-4034-9366-37a5081a23bf-0015347d
du-36,2707bbd2-db0c-4034-9366-37a5081a23bf-0015347f
du-37,2707bbd2-db0c-4034-9366-37a5081a23bf-00153481
du-38,2707bbd2-db0c-4034-9366-37a5081a23bf-00153483
du-39,2707bbd2-db0c-4034-9366-37a5081a23bf-00153485
du-40,2707bbd2-db0c-4034-9366-37a5081a23bf-00153487
du-41,2707bbd2-db0c-4034-9366-37a5081a23bf-00153489
du-42,2707bbd2-db0c-4034-9366-37a5081a23bf-0015348b
du-43,2707bbd2-db0c-4034-9366-37a5081a23bf-001534b1
du-44,2707bbd2-db0c-4034-9366-37a5081a23bf-001534de
du-45,2707bbd2-db0c-4034-9366-37a5081a23bf-001534e1
du-46,2707bbd2-db0c-4034-9366-37a5081a23bf-001534e3
du-47,2707bbd2-db0c-4034-9366-37a5081a23bf-001534e5
du-48,2707bbd2-db0c-4034-9366-37a5081a23bf-001534e7
du-49,2707bbd2-db0c-4034-9366-37a5081a23bf-001534e9
du-50,2707bbd2-db0c-4034-9366-37a5081a23bf-001534eb
du-51,2707bbd2-db0c-4034-9366-37a5081a23bf-001534ed
du-52,2707bbd2-db0c-4034-9366-37a5081a23bf-001534ef
du-53,2707bbd2-db0c-4034-9366-37a5081a23bf-001534f1
du-54,2707bbd2-db0c-4034-9366-37a5081a23bf-001534f3
du-55,2707bbd2-db0c-4034-9366-37a5081a23bf-00153645
du-56,2707bbd2-db0c-4034-9366-37a5081a23bf-001536a2
du-57,2707bbd2-db0c-4034-9366-37a5081a23bf-0015400d
du-58,2707bbd2-db0c-4034-9366-37a5081a23bf-00154043
du-59,2707bbd2-db0c-4034-9366-37a5081a23bf-0015406c
du-60,2707bbd2-db0c-4034-9366-37a5081a23bf-001540a9
du-61,2707bbd2-db0c-4034-9366-37a5081a23bf-001540e1
du-62,2707bbd2-db0c-4034-9366-37a5081a23bf-00154635
du-63,2707bbd2-db0c-4034-9366-37a5081a23bf-0015497d
du-64,2707bbd2-db0c-4034-9366-37a5081a23bf-00154986
du-65,c682183b-7f4f-4935-a156-090a72e2146c-00154cbb
du-66,c682183b-7f4f-4935-a156-090a72e2146c-00154cdf
du-67,c682183b-7f4f-4935-a156-090a72e2146c-00154cea
du-68,c682183b-7f4f-4935-a156-090a72e2146c-00154dbc
du-69,c682183b-7f4f-4935-a156-090a72e2146c-00154dc4
du-70,c682183b-7f4f-4935-a156-090a72e2146c-00154de9
du-71,c682183b-7f4f-4935-a156-090a72e2146c-00154df3
du-72,c682183b-7f4f-4935-a156-090a72e2146c-00154dfb
du-73,c682183b-7f4f-4935-a156-090a72e2146c-00154e37
du-74,c682183b-7f4f-4935-a156-090a72e2146c-00154ede
du-75,c682183b-7f4f-4935-a156-090a72e2146c-00154eeb
du-76,c682183b-7f4f-4935-a156-090a72e2146c-00154fb3
du-77,c682183b-7f4f-4935-a156-090a72e2146c-00154fbf
du-78,c682183b-7f4f-4935-a156-090a72e2146c-00154fc7
du-79,c682183b-7f4f-4935-a156-090a72e2146c-00155009
du-80,c682183b-7f4f-4935-a156-090a72e2146c-00155020
du-81,0c8058fc-a917-453e-99a6-91ab96dd8cbb-00155389
du-82,0c8058fc-a917-453e-99a6-91ab96dd8cbb-00155395
du-83,0c8058fc-a917-453e-99a6-91ab96dd8cbb-00155399
du-84,0c8058fc-a917-453e-99a6-91ab96dd8cbb-001553fb
du-85,0c8058fc-a917-453e-99a6-91ab96dd8cbb-00155406
du-86,0c8058fc-a917-453e-99a6-91ab96dd8cbb-00155477
du-87,0c8058fc-a917-453e-99a6-91ab96dd8cbb-00155563
du-88,0c8058fc-a917-453e-99a6-91ab96dd8cbb-0015556a
du-89,0c8058fc-a917-453e-99a6-91ab96dd8cbb-0015573c
du-90,0c8058fc-a917-453e-99a6-91ab96dd8cbb-001558b9
du-91,0c8058fc-a917-453e-99a6-91ab96dd8cbb-001558eb
du-92,0c8058fc-a917-453e-99a6-91ab96dd8cbb-001558fe
du-93,0c8058fc-a917-453e-99a6-91ab96dd8cbb-00155a35
du-94,0c8058fc-a917-453e-99a6-91ab96dd8cbb-00155a48
du-95,0c8058fc-a917-453e-99a6-91ab96dd8cbb-00155c75
du-96,0c8058fc-a917-453e-99a6-91ab96dd8cbb-00155cbe
du-97,0c8058fc-a917-453e-99a6-91ab96dd8cbb-00155e18
du-98,0c8058fc-a917-453e-99a6-91ab96dd8cbb-00155e21
du-99,0c8058fc-a917-453e-99a6-91ab96dd8cbb-00155e79
du-100,0c8058fc-a917-453e-99a6-91ab96dd8cbb-00155e88
du-101,0c8058fc-a917-453e-99a6-91ab96dd8cbb-0015633a
du-102,0c8058fc-a917-453e-99a6-91ab96dd8cbb-0015633b
du-103,0c8058fc-a917-453e-99a6-91ab96dd8cbb-0015633c
du-104,0c8058fc-a917-453e-99a6-91ab96dd8cbb-00156551
du-105,0c8058fc-a917-453e-99a6-91ab96dd8cbb-00156552
du-106,0c8058fc-a917-453e-99a6-91ab96dd8cbb-00156553
du-107,80ad68d1-c024-4f78-acf0-0e2bfff0fc27-001565b6
du-108,80ad68d1-c024-4f78-acf0-0e2bfff0fc27-00156871
du-109,80ad68d1-c024-4f78-acf0-0e2bfff0fc27-001569f3
du-110,80ad68d1-c024-4f78-acf0-0e2bfff0fc27-00156a62
du-111,80ad68d1-c024-4f78-acf0-0e2bfff0fc27-00156a96
du-112,80ad68d1-c024-4f78-acf0-0e2bfff0fc27-00156aa3
du-113,80ad68d1-c024-4f78-acf0-0e2bfff0fc27-00156c46
du-114,80ad68d1-c024-4f78-acf0-0e2bfff0fc27-00156c9d
du-115,80ad68d1-c024-4f78-acf0-0e2bfff0fc27-00156cf1
du-116,80ad68d1-c024-4f78-acf0-0e2bfff0fc27-00157513
du-117,80ad68d1-c024-4f78-acf0-0e2bfff0fc27-001575bc
du-118,80ad68d1-c024-4f78-acf0-0e2bfff0fc27-0015769f
du-119,50ed4a93-4b29-407a-8d1c-333fcfee1736-00157957
du-120,50ed4a93-4b29-407a-8d1c-333fcfee1736-00157a00
du-121,50ed4a93-4b29-407a-8d1c-333fcfee1736-00157a21
du-122,50ed4a93-4b29-407a-8d1c-333fcfee1736-00157a97
du-123,50ed4a93-4b29-407a-8d1c-333fcfee1736-00157aa4
du-124,50ed4a93-4b29-407a-8d1c-333fcfee1736-00157ce7
du-125,50ed4a93-4b29-407a-8d1c-333fcfee1736-00158199
du-126,50ed4a93-4b29-407a-8d1c-333fcfee1736-001581c3
du-127,50ed4a93-4b29-407a-8d1c-333fcfee1736-00158252
du-128,50ed4a93-4b29-407a-8d1c-333fcfee1736-001582c2
du-129,50ed4a93-4b29-407a-8d1c-333fcfee1736-001582f1
du-130,50ed4a93-4b29-407a-8d1c-333fcfee1736-00158331
du-131,50ed4a93-4b29-407a-8d1c-333fcfee1736-0015833b
du-132,5e87c63f-ac5f-4f89-9346-9e92c685bc17-00158df6
du-133,5e87c63f-ac5f-4f89-9346-9e92c685bc17-00158e3e
du-134,5e87c63f-ac5f-4f89-9346-9e92c685bc17-00158e4a
du-135,5e87c63f-ac5f-4f89-9346-9e92c685bc17-00158e52
du-136,5e87c63f-ac5f-4f89-9346-9e92c685bc17-00159019
du-137,5e87c63f-ac5f-4f89-9346-9e92c685bc17-0015905a
du-138,5e87c63f-ac5f-4f89-9346-9e92c685bc17-00159067
du-139,5e87c63f-ac5f-4f89-9346-9e92c685bc17-00159103
du-140,5e87c63f-ac5f-4f89-9346-9e92c685bc17-0015910f
du-141,5e87c63f-ac5f-4f89-9346-9e92c685bc17-00159232
du-142,5e87c63f-ac5f-4f89-9346-9e92c685bc17-0015928b
du-143,46f425a9-73b3-4d83-8c3d-78265d2abe59-001592b7
du-144,46f425a9-73b3-4d83-8c3d-78265d2abe59-00159cf5
du-145,46f425a9-73b3-4d83-8c3d-78265d2abe59-00159d00
du-146,46f425a9-73b3-4d83-8c3d-78265d2abe59-00159d08
du-147,46f425a9-73b3-4d83-8c3d-78265d2abe59-00159d12
du-148,46f425a9-73b3-4d83-8c3d-78265d2abe59-00159d47
du-149,46f425a9-73b3-4d83-8c3d-78265d2abe59-00159d52
du-150,46f425a9-73b3-4d83-8c3d-78265d2abe59-00159d80
du-151,46f425a9-73b3-4d83-8c3d-78265d2abe59-00159d88
du-152,46f425a9-73b3-4d83-8c3d-78265d2abe59-00159d96
du-153,46f425a9-73b3-4d83-8c3d-78265d2abe59-0015a207
du-154,46f425a9-73b3-4d83-8c3d-78265d2abe59-0015a228
du-155,46f425a9-73b3-4d83-8c3d-78265d2abe59-0015a234
du-156,46f425a9-73b3-4d83-8c3d-78265d2abe59-0015a2f5
du-157,46f425a9-73b3-4d83-8c3d-78265d2abe59-0015a350
du-158,46f425a9-73b3-4d83-8c3d-78265d2abe59-0015a361
du-159,46f425a9-73b3-4d83-8c3d-78265d2abe59-0015a3b6
du-160,46f425a9-73b3-4d83-8c3d-78265d2abe59-0015a3e4
du-161,46f425a9-73b3-4d83-8c3d-78265d2abe59-0015a3f5
du-162,46f425a9-73b3-4d83-8c3d-78265d2abe59-0015a47d
du-163,46f425a9-73b3-4d83-8c3d-78265d2abe59-0015a4a0
du-164,46f425a9-73b3-4d83-8c3d-78265d2abe59-0015a4e5
du-165,46f425a9-73b3-4d83-8c3d-78265d2abe59-0015a538
du-166,46f425a9-73b3-4d83-8c3d-78265d2abe59-0015a697
du-167,46f425a9-73b3-4d83-8c3d-78265d2abe59-0015a6dd
du-168,46f425a9-73b3-4d83-8c3d-78265d2abe59-0015a6e8
du-169,46f425a9-73b3-4d83-8c3d-78265d2abe59-0015a709
du-170,46f425a9-73b3-4d83-8c3d-78265d2abe59-0015a75d
du-171,46f425a9-73b3-4d83-8c3d-78265d2abe59-0015a770
du-172,46f425a9-73b3-4d83-8c3d-78265d2abe59-0015a795
du-173,46f425a9-73b3-4d83-8c3d-78265d2abe59-0015a7d3
du-174,46f425a9-73b3-4d83-8c3d-78265d2abe59-0015a859
du-175,46f425a9-73b3-4d83-8c3d-78265d2abe59-0015a85c
du-176,46f425a9-73b3-4d83-8c3d-78265d2abe59-0015a85e
du-177,46f425a9-73b3-4d83-8c3d-78265d2abe59-0015a86b
du-178,46f425a9-73b3-4d83-8c3d-78265d2abe59-0015ab0f
du-179,d6197270-0ef4-4e34-8760-c60ef0c99ec8-0015b614
du-180,d6197270-0ef4-4e34-8760-c60ef0c99ec8-0015b61f
du-181,d6197270-0ef4-4e34-8760-c60ef0c99ec8-0015b648
du-182,d6197270-0ef4-4e34-8760-c60ef0c99ec8-0015b652
du-183,d6197270-0ef4-4e34-8760-c60ef0c99ec8-0015b7f1
du-184,d6197270-0ef4-4e34-8760-c60ef0c99ec8-0015b81b
du-185,d6197270-0ef4-4e34-8760-c60ef0c99ec8-0015b859
du-186,d6197270-0ef4-4e34-8760-c60ef0c99ec8-0015b867
du-187,d6197270-0ef4-4e34-8760-c60ef0c99ec8-0015b871
du-188,d6197270-0ef4-4e34-8760-c60ef0c99ec8-0015b87d
du-189,d6197270-0ef4-4e34-8760-c60ef0c99ec8-0015b8ef
du-190,d6197270-0ef4-4e34-8760-c60ef0c99ec8-0015b919
du-191,d6197270-0ef4-4e34-8760-c60ef0c99ec8-0015b926
du-192,d6197270-0ef4-4e34-8760-c60ef0c99ec8-0015bc0b
du-193,d6197270-0ef4-4e34-8760-c60ef0c99ec8-0015bc0c
du-194,d6197270-0ef4-4e34-8760-c60ef0c99ec8-0015bc0d
du-195,d6197270-0ef4-4e34-8760-c60ef0c99ec8-0015befb
du-196,d6197270-0ef4-4e34-8760-c60ef0c99ec8-0015befc
du-197,d6197270-0ef4-4e34-8760-c60ef0c99ec8-0015bfe3
du-198,d6197270-0ef4-4e34-8760-c60ef0c99ec8-0015c41d
du-199,d6197270-0ef4-4e34-8760-c60ef0c99ec8-0015c41e
du-200,d6197270-0ef4-4e34-8760-c60ef0c99ec8-0015c41f
du-201,eaa1e96d-0e58-41ad-8fcb-a522a23d402a-0015c476
du-202,eaa1e96d-0e58-41ad-8fcb-a522a23d402a-0015c49b
du-203,eaa1e96d-0e58-41ad-8fcb-a522a23d402a-0015c5b6
du-204,eaa1e96d-0e58-41ad-8fcb-a522a23d402a-0015c5e4
du-205,eaa1e96d-0e58-41ad-8fcb-a522a23d402a-0015c5ee
du-206,eaa1e96d-0e58-41ad-8fcb-a522a23d402a-0015c663
du-207,eaa1e96d-0e58-41ad-8fcb-a522a23d402a-0015c66c
du-208,d82cf6c5-4892-4b63-bdf9-2c8607786391-0015c9f0
du-209,d82cf6c5-4892-4b63-bdf9-2c8607786391-0015c9fb
du-210,d82cf6c5-4892-4b63-bdf9-2c8607786391-0015ca03
du-211,d82cf6c5-4892-4b63-bdf9-2c8607786391-0015ca8b
du-212,d82cf6c5-4892-4b63-bdf9-2c8607786391-0015cab9
du-213,d82cf6c5-4892-4b63-bdf9-2c8607786391-0015cb09
du-214,d82cf6c5-4892-4b63-bdf9-2c8607786391-0015cb97
du-215,d61b3550-94d2-43ab-b740-69d0d0641aec-0015cd2a
du-216,d61b3550-94d2-43ab-b740-69d0d0641aec-0015cd70
du-217,d61b3550-94d2-43ab-b740-69d0d0641aec-0015ce30
du-218,d61b3550-94d2-43ab-b740-69d0d0641aec-0015ce55
du-219,d61b3550-94d2-43ab-b740-69d0d0641aec-0015ce70
du-220,d61b3550-94d2-43ab-b740-69d0d0641aec-0015ce7a
du-221,d61b3550-94d2-43ab-b740-69d0d0641aec-0015ce95
du-222,d61b3550-94d2-43ab-b740-69d0d0641aec-0015ce9f
du-223,d61b3550-94d2-43ab-b740-69d0d0641aec-0015ceba
du-224,d61b3550-94d2-43ab-b740-69d0d0641aec-0015cf61
du-225,d61b3550-94d2-43ab-b740-69d0d0641aec-0015cfc5
du-226,d61b3550-94d2-43ab-b740-69d0d0641aec-0015d015
du-227,d61b3550-94d2-43ab-b740-69d0d0641aec-0015d042
du-228,d61b3550-94d2-43ab-b740-69d0d0641aec-0015d043
du-229,d61b3550-94d2-43ab-b740-69d0d0641aec-0015d524
du-230,d61b3550-94d2-43ab-b740-69d0d0641aec-0015d525
du-231,d61b3550-94d2-43ab-b740-69d0d0641aec-0015d5fa
du-232,d61b3550-94d2-43ab-b740-69d0d0641aec-0015d610
du-233,d61b3550-94d2-43ab-b740-69d0d0641aec-0015d63c
du-234,d61b3550-94d2-43ab-b740-69d0d0641aec-0015d8fe
du-235,d61b3550-94d2-43ab-b740-69d0d0641aec-0015d90a
du-236,d61b3550-94d2-43ab-b740-69d0d0641aec-0015d9f6
du-237,d61b3550-94d2-43ab-b740-69d0d0641aec-0015da40
du-238,d61b3550-94d2-43ab-b740-69d0d0641aec-0015da6a
du-239,d61b3550-94d2-43ab-b740-69d0d0641aec-0015dabf
du-240,d61b3550-94d2-43ab-b740-69d0d0641aec-0015dc46
du-241,d61b3550-94d2-43ab-b740-69d0d0641aec-0015dca1
du-242,9f0b49e2-c58d-4377-870c-4961fd73c258-0015ddae
du-243,9f0b49e2-c58d-4377-870c-4961fd73c258-0015dead
du-244,9f0b49e2-c58d-4377-870c-4961fd73c258-0015deb6
du-245,9f0b49e2-c58d-4377-870c-4961fd73c258-0015df00
du-246,cb80d5b3-ee5d-4541-8643-9ca885597de9-0015dfd9
du-247,cb80d5b3-ee5d-4541-8643-9ca885597de9-0015dfff
du-248,cb80d5b3-ee5d-4541-8643-9ca885597de9-0015e024
du-249,cb80d5b3-ee5d-4541-8643-9ca885597de9-0015e04b
du-250,cb80d5b3-ee5d-4541-8643-9ca885597de9-0015e135
du-251,cb80d5b3-ee5d-4541-8643-9ca885597de9-0015e178
du-252,cb80d5b3-ee5d-4541-8643-9ca885597de9-0015e182
du-253,cb80d5b3-ee5d-4541-8643-9ca885597de9-0015e32c
du-254,148f1061-d6ff-4c36-aba8-25e753060a34-0015e5f0
du-255,148f1061-d6ff-4c36-aba8-25e753060a34-0015e5fb
du-256,148f1061-d6ff-4c36-aba8-25e753060a34-0015e603
du-257,148f1061-d6ff-4c36-aba8-25e753060a34-0015e70b
du-258,148f1061-d6ff-4c36-aba8-25e753060a34-0015e7f1
du-259,77ea100d-1997-45d0-a4b3-2a3b6ba12795-0015e97a
du-260,77ea100d-1997-45d0-a4b3-2a3b6ba12795-0015e9f7
du-261,77ea100d-1997-45d0-a4b3-2a3b6ba12795-0015ea3c
du-262,77ea100d-1997-45d0-a4b3-2a3b6ba12795-0015ea46
du-263,77ea100d-1997-45d0-a4b3-2a3b6ba12795-0015ef4e
du-264,77ea100d-1997-45d0-a4b3-2a3b6ba12795-0015ef4f
du-265,77ea100d-1997-45d0-a4b3-2a3b6ba12795-0015ef50
du-266,77ea100d-1997-45d0-a4b3-2a3b6ba12795-0015efb1
du-267,77ea100d-1997-45d0-a4b3-2a3b6ba12795-0015f060
du-268,77ea100d-1997-45d0-a4b3-2a3b6ba12795-0015f094
du-269,77ea100d-1997-45d0-a4b3-2a3b6ba12795-0015f0db
du-270,77ea100d-1997-45d0-a4b3-2a3b6ba12795-0015f119
du-271,a92a4e4a-67e7-4364-b5b8-1bc3521451d8-0015f436
du-272,a92a4e4a-67e7-4364-b5b8-1bc3521451d8-0015f45a
du-273,a92a4e4a-67e7-4364-b5b8-1bc3521451d8-0015f4bb
du-274,a92a4e4a-67e7-4364-b5b8-1bc3521451d8-0015f4dd
du-275,a92a4e4a-67e7-4364-b5b8-1bc3521451d8-0015f565
du-276,a92a4e4a-67e7-4364-b5b8-1bc3521451d8-0015f579
du-277,a92a4e4a-67e7-4364-b5b8-1bc3521451d8-0015f64f
du-278,a92a4e4a-67e7-4364-b5b8-1bc3521451d8-0015f6b2
du-279,a92a4e4a-67e7-4364-b5b8-1bc3521451d8-0015f6b4
du-280,a92a4e4a-67e7-4364-b5b8-1bc3521451d8-0015f6b6
du-281,a92a4e4a-67e7-4364-b5b8-1bc3521451d8-0015f7a8
du-282,a92a4e4a-67e7-4364-b5b8-1bc3521451d8-0015f7b5
du-283,a92a4e4a-67e7-4364-b5b8-1bc3521451d8-0015f833
du-284,a92a4e4a-67e7-4364-b5b8-1bc3521451d8-0015f86c
du-285,a92a4e4a-67e7-4364-b5b8-1bc3521451d8-0015f88f
du-286,a92a4e4a-67e7-4364-b5b8-1bc3521451d8-0015f8ea
du-287,a92a4e4a-67e7-4364-b5b8-1bc3521451d8-0015f969
du-288,a92a4e4a-67e7-4364-b5b8-1bc3521451d8-0015f99d
du-289,a92a4e4a-67e7-4364-b5b8-1bc3521451d8-0015faad
du-290,a92a4e4a-67e7-4364-b5b8-1bc3521451d8-0015fab1
du-291,a92a4e4a-67e7-4364-b5b8-1bc3521451d8-0015fab5
du-292,a92a4e4a-67e7-4364-b5b8-1bc3521451d8-0015fb12
du-293,a92a4e4a-67e7-4364-b5b8-1bc3521451d8-0015fb1b
du-294,a92a4e4a-67e7-4364-b5b8-1bc3521451d8-0015fba1
du-295,a92a4e4a-67e7-4364-b5b8-1bc3521451d8-0015fbaa
du-296,a92a4e4a-67e7-4364-b5b8-1bc3521451d8-0015fbed
du-297,a92a4e4a-67e7-4364-b5b8-1bc3521451d8-0015fcc0
du-298,a0319bf7-0e7d-44bf-894c-29fdf5026fbd-0015feed
du-299,a0319bf7-0e7d-44bf-894c-29fdf5026fbd-0015fef1
du-300,a0319bf7-0e7d-44bf-894c-29fdf5026fbd-0015fef5
du-301,a0319bf7-0e7d-44bf-894c-29fdf5026fbd-0015ff64
du-302,a0319bf7-0e7d-44bf-894c-29fdf5026fbd-00160063
du-303,a0319bf7-0e7d-44bf-894c-29fdf5026fbd-00160065
du-304,a0319bf7-0e7d-44bf-894c-29fdf5026fbd-00160069
du-305,a0319bf7-0e7d-44bf-894c-29fdf5026fbd-00160354
du-306,a0319bf7-0e7d-44bf-894c-29fdf5026fbd-00160356
du-307,a0319bf7-0e7d-44bf-894c-29fdf5026fbd-00160360
du-308,a0319bf7-0e7d-44bf-894c-29fdf5026fbd-001603ac
du-309,a0319bf7-0e7d-44bf-894c-29fdf5026fbd-001604b3
du-310,a0319bf7-0e7d-44bf-894c-29fdf5026fbd-001604c5
du-311,a0319bf7-0e7d-44bf-894c-29fdf5026fbd-001604cc
du-312,a0319bf7-0e7d-44bf-894c-29fdf5026fbd-00160564
du-313,a0319bf7-0e7d-44bf-894c-29fdf5026fbd-001607c2
du-314,a0319bf7-0e7d-44bf-894c-29fdf5026fbd-00160a76
du-315,a0319bf7-0e7d-44bf-894c-29fdf5026fbd-00160b56
du-316,a0319bf7-0e7d-44bf-894c-29fdf5026fbd-00160b60
du-317,a0319bf7-0e7d-44bf-894c-29fdf5026fbd-00160b68
du-318,a0319bf7-0e7d-44bf-894c-29fdf5026fbd-00160b72
du-319,29ad6e58-46b5-4fcb-a552-654d521c97d8-00160ea7
du-320,29ad6e58-46b5-4fcb-a552-654d521c97d8-00160ec4
du-321,29ad6e58-46b5-4fcb-a552-654d521c97d8-00160ee9
du-322,29ad6e58-46b5-4fcb-a552-654d521c97d8-00160f05
du-323,29ad6e58-46b5-4fcb-a552-654d521c97d8-00161387
du-324,29ad6e58-46b5-4fcb-a552-654d521c97d8-00161390
du-325,29ad6e58-46b5-4fcb-a552-654d521c97d8-001613af
du-326,29ad6e58-46b5-4fcb-a552-654d521c97d8-001613ba
du-327,29ad6e58-46b5-4fcb-a552-654d521c97d8-001613d9
du-328,29ad6e58-46b5-4fcb-a552-654d521c97d8-001613e4
du-329,29ad6e58-46b5-4fcb-a552-654d521c97d8-0016145f
du-330,29ad6e58-46b5-4fcb-a552-654d521c97d8-0016146a
du-331,f6e524e6-b848-42b8-99e6-fa105857ae7b-00161724
du-332,f6e524e6-b848-42b8-99e6-fa105857ae7b-0016172d
du-333,f6e524e6-b848-42b8-99e6-fa105857ae7b-00161758
du-334,f6e524e6-b848-42b8-99e6-fa105857ae7b-001619e0
du-335,f6e524e6-b848-42b8-99e6-fa105857ae7b-001619e9
du-336,f6e524e6-b848-42b8-99e6-fa105857ae7b-001619f7
du-337,f6e524e6-b848-42b8-99e6-fa105857ae7b-001619ff
du-338,f6e524e6-b848-42b8-99e6-fa105857ae7b-00161a22
du-339,f6e524e6-b848-42b8-99e6-fa105857ae7b-001627b9
du-340,f6e524e6-b848-42b8-99e6-fa105857ae7b-00162bbb
du-341,f6e524e6-b848-42b8-99e6-fa105857ae7b-00162c45
du-342,f6e524e6-b848-42b8-99e6-fa105857ae7b-00162ced
du-343,f6e524e6-b848-42b8-99e6-fa105857ae7b-00162f35
du-344,f6e524e6-b848-42b8-99e6-fa105857ae7b-00162f3d
du-345,f6e524e6-b848-42b8-99e6-fa105857ae7b-00162f60
du-346,f6e524e6-b848-42b8-99e6-fa105857ae7b-00162f68
du-347,f6e524e6-b848-42b8-99e6-fa105857ae7b-00162fa8
du-348,f6e524e6-b848-42b8-99e6-fa105857ae7b-00162fcb
du-349,f6e524e6-b848-42b8-99e6-fa105857ae7b-00162ffd
du-350,f6e524e6-b848-42b8-99e6-fa105857ae7b-00163046
du-351,f6e524e6-b848-42b8-99e6-fa105857ae7b-001630c5
du-352,f6e524e6-b848-42b8-99e6-fa105857ae7b-001630e3
du-353,95baf1fe-14cf-4f4f-be30-fd5f5db6aa6e-00163625
du-354,95baf1fe-14cf-4f4f-be30-fd5f5db6aa6e-00163649
du-355,95baf1fe-14cf-4f4f-be30-fd5f5db6aa6e-0016366e
du-356,95baf1fe-14cf-4f4f-be30-fd5f5db6aa6e-00163693
du-357,95baf1fe-14cf-4f4f-be30-fd5f5db6aa6e-001636a3
du-358,95baf1fe-14cf-4f4f-be30-fd5f5db6aa6e-001636ee
du-359,95baf1fe-14cf-4f4f-be30-fd5f5db6aa6e-00163716
du-360,95baf1fe-14cf-4f4f-be30-fd5f5db6aa6e-00163a01
du-361,95baf1fe-14cf-4f4f-be30-fd5f5db6aa6e-00163a1a
du-362,95baf1fe-14cf-4f4f-be30-fd5f5db6aa6e-00163a25
du-363,95baf1fe-14cf-4f4f-be30-fd5f5db6aa6e-00163b0b
du-364,95baf1fe-14cf-4f4f-be30-fd5f5db6aa6e-00163b13
du-365,95baf1fe-14cf-4f4f-be30-fd5f5db6aa6e-00163b1d
du-366,95baf1fe-14cf-4f4f-be30-fd5f5db6aa6e-00163cec
du-367,95baf1fe-14cf-4f4f-be30-fd5f5db6aa6e-00163cfb
du-368,95baf1fe-14cf-4f4f-be30-fd5f5db6aa6e-00163d03
du-369,95baf1fe-14cf-4f4f-be30-fd5f5db6aa6e-00163e6f
du-370,95baf1fe-14cf-4f4f-be30-fd5f5db6aa6e-00163e76
du-371,95baf1fe-14cf-4f4f-be30-fd5f5db6aa6e-00163ef4
du-372,95baf1fe-14cf-4f4f-be30-fd5f5db6aa6e-00163fdb
du-373,95baf1fe-14cf-4f4f-be30-fd5f5db6aa6e-00163fe6
du-374,95baf1fe-14cf-4f4f-be30-fd5f5db6aa6e-0016403e
du-375,04be4628-f152-40c0-a439-566f04daea9a-001642dd
du-376,04be4628-f152-40c0-a439-566f04daea9a-001642e5
du-377,04be4628-f152-40c0-a439-566f04daea9a-00164300
du-378,04be4628-f152-40c0-a439-566f04daea9a-0016430a
du-379,04be4628-f152-40c0-a439-566f04daea9a-0016435a
du-380,04be4628-f152-40c0-a439-566f04daea9a-001643c2
du-381,04be4628-f152-40c0-a439-566f04daea9a-001644ce
du-382,04be4628-f152-40c0-a439-566f04daea9a-0016454f
du-383,04be4628-f152-40c0-a439-566f04daea9a-00164594
du-384,04be4628-f152-40c0-a439-566f04daea9a-001645e3
du-385,04be4628-f152-40c0-a439-566f04daea9a-001645ed
du-386,04be4628-f152-40c0-a439-566f04daea9a-00164693
du-387,04be4628-f152-40c0-a439-566f04daea9a-001646d3
du-388,04be4628-f152-40c0-a439-566f04daea9a-001646dd
du-389,9480508d-8b27-4dc9-9fa5-b336f64a8465-00164745
du-390,9480508d-8b27-4dc9-9fa5-b336f64a8465-00164747
du-391,9480508d-8b27-4dc9-9fa5-b336f64a8465-00164749
du-392,9480508d-8b27-4dc9-9fa5-b336f64a8465-0016474b
du-393,9480508d-8b27-4dc9-9fa5-b336f64a8465-0016474d
du-394,9480508d-8b27-4dc9-9fa5-b336f64a8465-00164751
du-395,9480508d-8b27-4dc9-9fa5-b336f64a8465-00164755
du-396,9480508d-8b27-4dc9-9fa5-b336f64a8465-00164757
du-397,9480508d-8b27-4dc9-9fa5-b336f64a8465-00164765
du-398,9480508d-8b27-4dc9-9fa5-b336f64a8465-0016476b
du-399,9480508d-8b27-4dc9-9fa5-b336f64a8465-0016476e
du-400,9480508d-8b27-4dc9-9fa5-b336f64a8465-00164773
du-401,9480508d-8b27-4dc9-9fa5-b336f64a8465-00164777
du-402,9480508d-8b27-4dc9-9fa5-b336f64a8465-0016477b
du-403,9480508d-8b27-4dc9-9fa5-b336f64a8465-00164785
du-404,9480508d-8b27-4dc9-9fa5-b336f64a8465-00164788
du-405,9480508d-8b27-4dc9-9fa5-b336f64a8465-0016478b
du-406,9480508d-8b27-4dc9-9fa5-b336f64a8465-00164794
du-407,9480508d-8b27-4dc9-9fa5-b336f64a8465-00164797
du-408,9480508d-8b27-4dc9-9fa5-b336f64a8465-0016479a
du-409,9480508d-8b27-4dc9-9fa5-b336f64a8465-0016479c
du-410,9480508d-8b27-4dc9-9fa5-b336f64a8465-001647a2
du-411,9480508d-8b27-4dc9-9fa5-b336f64a8465-001647a6
du-412,9480508d-8b27-4dc9-9fa5-b336f64a8465-001647ac
du-413,9480508d-8b27-4dc9-9fa5-b336f64a8465-001647b8
du-414,9480508d-8b27-4dc9-9fa5-b336f64a8465-001647bc
du-415,9480508d-8b27-4dc9-9fa5-b336f64a8465-001647c0
du-416,9480508d-8b27-4dc9-9fa5-b336f64a8465-001647c4
du-417,9480508d-8b27-4dc9-9fa5-b336f64a8465-001647c8
du-418,9480508d-8b27-4dc9-9fa5-b336f64a8465-001647cc
du-419,9480508d-8b27-4dc9-9fa5-b336f64a8465-001647d3
du-420,9480508d-8b27-4dc9-9fa5-b336f64a8465-001647d7
du-421,9480508d-8b27-4dc9-9fa5-b336f64a8465-001647e0
du-422,9480508d-8b27-4dc9-9fa5-b336f64a8465-001647e4
du-423,9480508d-8b27-4dc9-9fa5-b336f64a8465-001647e6
du-424,9480508d-8b27-4dc9-9fa5-b336f64a8465-001647ec
du-425,9480508d-8b27-4dc9-9fa5-b336f64a8465-001647f0
du-426,1c5b9d5b-698e-4844-836c-171b8f3ed532-00164b8b
du-427,163dfb52-e8ff-4ce3-8c1c-c35b84917839-00164cfc
du-428,163dfb52-e8ff-4ce3-8c1c-c35b84917839-00164df4
du-429,163dfb52-e8ff-4ce3-8c1c-c35b84917839-00164e28
du-430,163dfb52-e8ff-4ce3-8c1c-c35b84917839-00164f24
du-431,163dfb52-e8ff-4ce3-8c1c-c35b84917839-00164f2e
du-432,163dfb52-e8ff-4ce3-8c1c-c35b84917839-00165263
du-433,163dfb52-e8ff-4ce3-8c1c-c35b84917839-0016526c
du-434,163dfb52-e8ff-4ce3-8c1c-c35b84917839-00165274
du-435,163dfb52-e8ff-4ce3-8c1c-c35b84917839-001652b6
du-436,163dfb52-e8ff-4ce3-8c1c-c35b84917839-001652c1
du-437,163dfb52-e8ff-4ce3-8c1c-c35b84917839-00165333
du-438,163dfb52-e8ff-4ce3-8c1c-c35b84917839-0016533d
du-439,163dfb52-e8ff-4ce3-8c1c-c35b84917839-00165345
du-440,163dfb52-e8ff-4ce3-8c1c-c35b84917839-00165456
du-441,163dfb52-e8ff-4ce3-8c1c-c35b84917839-00165483
du-442,163dfb52-e8ff-4ce3-8c1c-c35b84917839-00165601
du-443,163dfb52-e8ff-4ce3-8c1c-c35b84917839-00165635
du-444,163dfb52-e8ff-4ce3-8c1c-c35b84917839-001656cc
du-445,163dfb52-e8ff-4ce3-8c1c-c35b84917839-0016571d
du-446,163dfb52-e8ff-4ce3-8c1c-c35b84917839-00165756
du-447,163dfb52-e8ff-4ce3-8c1c-c35b84917839-001657a1
du-448,163dfb52-e8ff-4ce3-8c1c-c35b84917839-001657a5
du-449,163dfb52-e8ff-4ce3-8c1c-c35b84917839-001657a7
du-450,163dfb52-e8ff-4ce3-8c1c-c35b84917839-001657ad
du-451,163dfb52-e8ff-4ce3-8c1c-c35b84917839-001657b1
du-452,163dfb52-e8ff-4ce3-8c1c-c35b84917839-001657c0
du-453,163dfb52-e8ff-4ce3-8c1c-c35b84917839-001657c3
du-454,163dfb52-e8ff-4ce3-8c1c-c35b84917839-001657c6
du-455,163dfb52-e8ff-4ce3-8c1c-c35b84917839-001657cd
du-456,163dfb52-e8ff-4ce3-8c1c-c35b84917839-001657cf
du-457,163dfb52-e8ff-4ce3-8c1c-c35b84917839-001657d3
du-458,163dfb52-e8ff-4ce3-8c1c-c35b84917839-001657d7
du-459,163dfb52-e8ff-4ce3-8c1c-c35b84917839-001657db
du-460,163dfb52-e8ff-4ce3-8c1c-c35b84917839-001657df
du-461,163dfb52-e8ff-4ce3-8c1c-c35b84917839-001657e1
du-462,163dfb52-e8ff-4ce3-8c1c-c35b84917839-001657e5
du-463,163dfb52-e8ff-4ce3-8c1c-c35b84917839-001657ee
du-464,163dfb52-e8ff-4ce3-8c1c-c35b84917839-001657f2
du-465,163dfb52-e8ff-4ce3-8c1c-c35b84917839-001657f8
du-466,163dfb52-e8ff-4ce3-8c1c-c35b84917839-001657fc
du-467,163dfb52-e8ff-4ce3-8c1c-c35b84917839-00165800
du-468,163dfb52-e8ff-4ce3-8c1c-c35b84917839-001659d0
du-469,163dfb52-e8ff-4ce3-8c1c-c35b84917839-001659d2
du-470,163dfb52-e8ff-4ce3-8c1c-c35b84917839-001659d4
du-471,163dfb52-e8ff-4ce3-8c1c-c35b84917839-001659d6
du-472,163dfb52-e8ff-4ce3-8c1c-c35b84917839-001659d8
du-473,163dfb52-e8ff-4ce3-8c1c-c35b84917839-001659dc
du-474,163dfb52-e8ff-4ce3-8c1c-c35b84917839-001659e0
du-475,163dfb52-e8ff-4ce3-8c1c-c35b84917839-001659e2
du-476,163dfb52-e8ff-4ce3-8c1c-c35b84917839-001659f0
du-477,163dfb52-e8ff-4ce3-8c1c-c35b84917839-001659f6
du-478,163dfb52-e8ff-4ce3-8c1c-c35b84917839-001659f9
du-479,163dfb52-e8ff-4ce3-8c1c-c35b84917839-001659fe
du-480,163dfb52-e8ff-4ce3-8c1c-c35b84917839-00165a02
du-481,163dfb52-e8ff-4ce3-8c1c-c35b84917839-00165a06
du-482,163dfb52-e8ff-4ce3-8c1c-c35b84917839-00165a10
du-483,163dfb52-e8ff-4ce3-8c1c-c35b84917839-00165a13
du-484,163dfb52-e8ff-4ce3-8c1c-c35b84917839-00165a16
du-485,163dfb52-e8ff-4ce3-8c1c-c35b84917839-00165a1e
du-486,163dfb52-e8ff-4ce3-8c1c-c35b84917839-00165a21
du-487,163dfb52-e8ff-4ce3-8c1c-c35b84917839-00165a24
du-488,163dfb52-e8ff-4ce3-8c1c-c35b84917839-00165a26
du-489,163dfb52-e8ff-4ce3-8c1c-c35b84917839-00165a2c
du-490,163dfb52-e8ff-4ce3-8c1c-c35b84917839-00165a30
du-491,163dfb52-e8ff-4ce3-8c1c-c35b84917839-00165a36
du-492,163dfb52-e8ff-4ce3-8c1c-c35b84917839-00165a42
du-493,163dfb52-e8ff-4ce3-8c1c-c35b84917839-00165a46
du-494,163dfb52-e8ff-4ce3-8c1c-c35b84917839-00165a4a
du-495,163dfb52-e8ff-4ce3-8c1c-c35b84917839-00165a4e
du-496,163dfb52-e8ff-4ce3-8c1c-c35b84917839-00165a52
du-497,163dfb52-e8ff-4ce3-8c1c-c35b84917839-00165a56
du-498,163dfb52-e8ff-4ce3-8c1c-c35b84917839-00165a5c
du-499,163dfb52-e8ff-4ce3-8c1c-c35b84917839-00165a5e
du-500,163dfb52-e8ff-4ce3-8c1c-c35b84917839-00165a64
du-501,163dfb52-e8ff-4ce3-8c1c-c35b84917839-00165a68
du-502,163dfb52-e8ff-4ce3-8c1c-c35b84917839-00165a6a
du-503,163dfb52-e8ff-4ce3-8c1c-c35b84917839-00165a70
du-504,163dfb52-e8ff-4ce3-8c1c-c35b84917839-00165a74
du-505,163dfb52-e8ff-4ce3-8c1c-c35b84917839-00165a81
du-506,163dfb52-e8ff-4ce3-8c1c-c35b84917839-00165add
du-507,163dfb52-e8ff-4ce3-8c1c-c35b84917839-00165adf
du-508,163dfb52-e8ff-4ce3-8c1c-c35b84917839-00165ae1
du-509,163dfb52-e8ff-4ce3-8c1c-c35b84917839-00165ae3
du-510,163dfb52-e8ff-4ce3-8c1c-c35b84917839-00165ae7
du-511,163dfb52-e8ff-4ce3-8c1c-c35b84917839-00165aeb
du-512,163dfb52-e8ff-4ce3-8c1c-c35b84917839-00165aed
du-513,163dfb52-e8ff-4ce3-8c1c-c35b84917839-00165afb
du-514,163dfb52-e8ff-4ce3-8c1c-c35b84917839-00165b01
du-515,163dfb52-e8ff-4ce3-8c1c-c35b84917839-00165b04
du-516,163dfb52-e8ff-4ce3-8c1c-c35b84917839-00165b09
du-517,163dfb52-e8ff-4ce3-8c1c-c35b84917839-00165b0d
du-518,163dfb52-e8ff-4ce3-8c1c-c35b84917839-00165b11
du-519,163dfb52-e8ff-4ce3-8c1c-c35b84917839-00165b1b
du-520,163dfb52-e8ff-4ce3-8c1c-c35b84917839-00165b1e
du-521,163dfb52-e8ff-4ce3-8c1c-c35b84917839-00165b21
du-522,163dfb52-e8ff-4ce3-8c1c-c35b84917839-00165b2a
du-523,163dfb52-e8ff-4ce3-8c1c-c35b84917839-00165b2d
du-524,163dfb52-e8ff-4ce3-8c1c-c35b84917839-00165b30
du-525,163dfb52-e8ff-4ce3-8c1c-c35b84917839-00165b32
du-526,163dfb52-e8ff-4ce3-8c1c-c35b84917839-00165b38
du-527,163dfb52-e8ff-4ce3-8c1c-c35b84917839-00165b3c
du-528,163dfb52-e8ff-4ce3-8c1c-c35b84917839-00165b42
du-529,163dfb52-e8ff-4ce3-8c1c-c35b84917839-00165b4e
du-530,163dfb52-e8ff-4ce3-8c1c-c35b84917839-00165b52
du-531,163dfb52-e8ff-4ce3-8c1c-c35b84917839-00165b56
du-532,163dfb52-e8ff-4ce3-8c1c-c35b84917839-00165b5a
du-533,163dfb52-e8ff-4ce3-8c1c-c35b84917839-00165b5e
du-534,163dfb52-e8ff-4ce3-8c1c-c35b84917839-00165b60
du-535,163dfb52-e8ff-4ce3-8c1c-c35b84917839-00165b62
du-536,163dfb52-e8ff-4ce3-8c1c-c35b84917839-00165b69
du-537,163dfb52-e8ff-4ce3-8c1c-c35b84917839-00165b6d
du-538,163dfb52-e8ff-4ce3-8c1c-c35b84917839-00165b73
du-539,163dfb52-e8ff-4ce3-8c1c-c35b84917839-00165b76
du-540,163dfb52-e8ff-4ce3-8c1c-c35b84917839-00165b7a
du-541,163dfb52-e8ff-4ce3-8c1c-c35b84917839-00165b7c
du-542,163dfb52-e8ff-4ce3-8c1c-c35b84917839-00165b82
du-543,163dfb52-e8ff-4ce3-8c1c-c35b84917839-00165b86
du-544,d36e40a4-294f-4a50-b629-f5d3807b912f-00165c06
du-545,d36e40a4-294f-4a50-b629-f5d3807b912f-00165c08
du-546,d36e40a4-294f-4a50-b629-f5d3807b912f-00165c0a
du-547,d36e40a4-294f-4a50-b629-f5d3807b912f-00165c0c
du-548,d36e40a4-294f-4a50-b629-f5d3807b912f-00165c0e
du-549,d36e40a4-294f-4a50-b629-f5d3807b912f-00165c10
du-550,d36e40a4-294f-4a50-b629-f5d3807b912f-00165c18
du-551,d36e40a4-294f-4a50-b629-f5d3807b912f-00165c1a
du-552,d36e40a4-294f-4a50-b629-f5d3807b912f-00165c1c
du-553,d36e40a4-294f-4a50-b629-f5d3807b912f-00165c1e
du-554,d36e40a4-294f-4a50-b629-f5d3807b912f-00165c26
du-555,d36e40a4-294f-4a50-b629-f5d3807b912f-00165c2a
du-556,d36e40a4-294f-4a50-b629-f5d3807b912f-00165c30
du-557,d36e40a4-294f-4a50-b629-f5d3807b912f-00165c32
du-558,d36e40a4-294f-4a50-b629-f5d3807b912f-00165c34
du-559,d36e40a4-294f-4a50-b629-f5d3807b912f-00165c36
du-560,d36e40a4-294f-4a50-b629-f5d3807b912f-00165c3a
du-561,d36e40a4-294f-4a50-b629-f5d3807b912f-00165c3e
du-562,d36e40a4-294f-4a50-b629-f5d3807b912f-00165c44
du-563,d36e40a4-294f-4a50-b629-f5d3807b912f-00165c46
du-564,d36e40a4-294f-4a50-b629-f5d3807b912f-00165c4a
du-565,d36e40a4-294f-4a50-b629-f5d3807b912f-00165c52
du-566,d36e40a4-294f-4a50-b629-f5d3807b912f-00165c55
du-567,d36e40a4-294f-4a50-b629-f5d3807b912f-00165c5c
du-568,d36e40a4-294f-4a50-b629-f5d3807b912f-00165c5f
du-569,d36e40a4-294f-4a50-b629-f5d3807b912f-00165c62
du-570,d36e40a4-294f-4a50-b629-f5d3807b912f-00165c66
du-571,d36e40a4-294f-4a50-b629-f5d3807b912f-00165c75
du-572,d36e40a4-294f-4a50-b629-f5d3807b912f-00165c79
du-573,d36e40a4-294f-4a50-b629-f5d3807b912f-00165c7d
du-574,d36e40a4-294f-4a50-b629-f5d3807b912f-00165c83
du-575,d36e40a4-294f-4a50-b629-f5d3807b912f-00165c87
du-576,d36e40a4-294f-4a50-b629-f5d3807b912f-00165c89
du-577,d36e40a4-294f-4a50-b629-f5d3807b912f-00165c8d
du-578,d36e40a4-294f-4a50-b629-f5d3807b912f-00165ca3
du-579,d36e40a4-294f-4a50-b629-f5d3807b912f-00165ca5
du-580,d36e40a4-294f-4a50-b629-f5d3807b912f-00165ca9
du-581,d36e40a4-294f-4a50-b629-f5d3807b912f-00165cab
du-582,d36e40a4-294f-4a50-b629-f5d3807b912f-00165cad
du-583,d36e40a4-294f-4a50-b629-f5d3807b912f-00165caf
du-584,d36e40a4-294f-4a50-b629-f5d3807b912f-00165cb1
du-585,d36e40a4-294f-4a50-b629-f5d3807b912f-00165cb7
du-586,d36e40a4-294f-4a50-b629-f5d3807b912f-00165cc6
du-587,d36e40a4-294f-4a50-b629-f5d3807b912f-00165cc8
du-588,d36e40a4-294f-4a50-b629-f5d3807b912f-00165cd0
du-589,d36e40a4-294f-4a50-b629-f5d3807b912f-00165cd4
du-590,d36e40a4-294f-4a50-b629-f5d3807b912f-00165cd8
du-591,d36e40a4-294f-4a50-b629-f5d3807b912f-00165cdc
du-592,d36e40a4-294f-4a50-b629-f5d3807b912f-00165cf1
du-593,d36e40a4-294f-4a50-b629-f5d3807b912f-00165cf3
du-594,d36e40a4-294f-4a50-b629-f5d3807b912f-00165cf5
du-595,d36e40a4-294f-4a50-b629-f5d3807b912f-00165cf7
du-596,d36e40a4-294f-4a50-b629-f5d3807b912f-00165cfe
du-597,d36e40a4-294f-4a50-b629-f5d3807b912f-00165d02
du-598,d36e40a4-294f-4a50-b629-f5d3807b912f-00165d08
du-599,d36e40a4-294f-4a50-b629-f5d3807b912f-00165d0c
du-600,d36e40a4-294f-4a50-b629-f5d3807b912f-00165d12
du-601,d36e40a4-294f-4a50-b629-f5d3807b912f-00165d16
du-602,d36e40a4-294f-4a50-b629-f5d3807b912f-00165d1c
du-603,d36e40a4-294f-4a50-b629-f5d3807b912f-00165d20
du-604,d36e40a4-294f-4a50-b629-f5d3807b912f-00165e0e
du-605,d36e40a4-294f-4a50-b629-f5d3807b912f-00165e10
du-606,d36e40a4-294f-4a50-b629-f5d3807b912f-00165e14
du-607,d36e40a4-294f-4a50-b629-f5d3807b912f-00165e16
du-608,d36e40a4-294f-4a50-b629-f5d3807b912f-00165e1a
du-609,d36e40a4-294f-4a50-b629-f5d3807b912f-00165e1e
du-610,d36e40a4-294f-4a50-b629-f5d3807b912f-00165e22
du-611,d36e40a4-294f-4a50-b629-f5d3807b912f-00165e26
du-612,d36e40a4-294f-4a50-b629-f5d3807b912f-00165e2a
du-613,d36e40a4-294f-4a50-b629-f5d3807b912f-00165e2e
du-614,d36e40a4-294f-4a50-b629-f5d3807b912f-00165e34
du-615,d36e40a4-294f-4a50-b629-f5d3807b912f-00165e36
du-616,d36e40a4-294f-4a50-b629-f5d3807b912f-00165e3a
du-617,d36e40a4-294f-4a50-b629-f5d3807b912f-00165e40
du-618,d36e40a4-294f-4a50-b629-f5d3807b912f-00165e41
du-619,d36e40a4-294f-4a50-b629-f5d3807b912f-00165e42
du-620,d36e40a4-294f-4a50-b629-f5d3807b912f-00165e4d
du-621,d36e40a4-294f-4a50-b629-f5d3807b912f-00165e4e
du-622,d36e40a4-294f-4a50-b629-f5d3807b912f-00165e57
du-623,d36e40a4-294f-4a50-b629-f5d3807b912f-00165e5e
du-624,d36e40a4-294f-4a50-b629-f5d3807b912f-00165e5f
du-625,d36e40a4-294f-4a50-b629-f5d3807b912f-00165e60
du-626,d36e40a4-294f-4a50-b629-f5d3807b912f-00165e68
du-627,d36e40a4-294f-4a50-b629-f5d3807b912f-00165e6a
du-628,d36e40a4-294f-4a50-b629-f5d3807b912f-00165e6c
du-629,d36e40a4-294f-4a50-b629-f5d3807b912f-00165e6e
du-630,d36e40a4-294f-4a50-b629-f5d3807b912f-00165e70
du-631,d36e40a4-294f-4a50-b629-f5d3807b912f-00165e7a
du-632,d36e40a4-294f-4a50-b629-f5d3807b912f-00165e7d
du-633,d36e40a4-294f-4a50-b629-f5d3807b912f-00165e8d
du-634,d36e40a4-294f-4a50-b629-f5d3807b912f-00165e8f
du-635,d36e40a4-294f-4a50-b629-f5d3807b912f-00165e91
du-636,d36e40a4-294f-4a50-b629-f5d3807b912f-00165e97
du-637,d36e40a4-294f-4a50-b629-f5d3807b912f-00165e99
du-638,d36e40a4-294f-4a50-b629-f5d3807b912f-00165e9b
du-639,d36e40a4-294f-4a50-b629-f5d3807b912f-00165ea3
du-640,d36e40a4-294f-4a50-b629-f5d3807b912f-00165fb1
du-641,d36e40a4-294f-4a50-b629-f5d3807b912f-00165fb3
du-642,d36e40a4-294f-4a50-b629-f5d3807b912f-00165fb5
du-643,d36e40a4-294f-4a50-b629-f5d3807b912f-00165fb7
du-644,d36e40a4-294f-4a50-b629-f5d3807b912f-00165fb9
du-645,d36e40a4-294f-4a50-b629-f5d3807b912f-00165fbd
du-646,d36e40a4-294f-4a50-b629-f5d3807b912f-00165fc1
du-647,d36e40a4-294f-4a50-b629-f5d3807b912f-00165fc5
du-648,d36e40a4-294f-4a50-b629-f5d3807b912f-00165fc9
du-649,d36e40a4-294f-4a50-b629-f5d3807b912f-00165fcd
du-650,d36e40a4-294f-4a50-b629-f5d3807b912f-00165fd4
du-651,d36e40a4-294f-4a50-b629-f5d3807b912f-00165fdb
du-652,d36e40a4-294f-4a50-b629-f5d3807b912f-00165fdd
du-653,d36e40a4-294f-4a50-b629-f5d3807b912f-00165fde
du-654,d36e40a4-294f-4a50-b629-f5d3807b912f-00165fe9
du-655,d36e40a4-294f-4a50-b629-f5d3807b912f-00165fea
du-656,d36e40a4-294f-4a50-b629-f5d3807b912f-00165ff2
du-657,d36e40a4-294f-4a50-b629-f5d3807b912f-00165ff8
du-658,d36e40a4-294f-4a50-b629-f5d3807b912f-00165ffa
du-659,d36e40a4-294f-4a50-b629-f5d3807b912f-0016600d
du-660,d36e40a4-294f-4a50-b629-f5d3807b912f-00166011
du-661,d36e40a4-294f-4a50-b629-f5d3807b912f-00166016
du-662,d36e40a4-294f-4a50-b629-f5d3807b912f-00166018
du-663,d36e40a4-294f-4a50-b629-f5d3807b912f-0016601e
du-664,d36e40a4-294f-4a50-b629-f5d3807b912f-00166024
du-665,d36e40a4-294f-4a50-b629-f5d3807b912f-0016602a
du-666,d36e40a4-294f-4a50-b629-f5d3807b912f-0016602d
du-667,d36e40a4-294f-4a50-b629-f5d3807b912f-00166030
du-668,d36e40a4-294f-4a50-b629-f5d3807b912f-00166036
du-669,d36e40a4-294f-4a50-b629-f5d3807b912f-00166039
du-670,d36e40a4-294f-4a50-b629-f5d3807b912f-0016603c
du-671,d36e40a4-294f-4a50-b629-f5d3807b912f-001660a1
du-672,d36e40a4-294f-4a50-b629-f5d3807b912f-001660a3
du-673,d36e40a4-294f-4a50-b629-f5d3807b912f-001660a5
du-674,d36e40a4-294f-4a50-b629-f5d3807b912f-001660a7
du-675,d36e40a4-294f-4a50-b629-f5d3807b912f-001660a9
du-676,d36e40a4-294f-4a50-b629-f5d3807b912f-001660ab
du-677,d36e40a4-294f-4a50-b629-f5d3807b912f-001660ad
du-678,d36e40a4-294f-4a50-b629-f5d3807b912f-001660b1
du-679,d36e40a4-294f-4a50-b629-f5d3807b912f-001660c5
du-680,d36e40a4-294f-4a50-b629-f5d3807b912f-001660c8
du-681,d36e40a4-294f-4a50-b629-f5d3807b912f-001660cb
du-682,d36e40a4-294f-4a50-b629-f5d3807b912f-001660d4
du-683,d36e40a4-294f-4a50-b629-f5d3807b912f-001660da
du-684,d36e40a4-294f-4a50-b629-f5d3807b912f-001660e1
du-685,d36e40a4-294f-4a50-b629-f5d3807b912f-001660e5
du-686,d36e40a4-294f-4a50-b629-f5d3807b912f-001660eb
du-687,d36e40a4-294f-4a50-b629-f5d3807b912f-001660ef
du-688,d36e40a4-294f-4a50-b629-f5d3807b912f-001660f4
du-689,d36e40a4-294f-4a50-b629-f5d3807b912f-001660f5
du-690,d36e40a4-294f-4a50-b629-f5d3807b912f-001660f6
du-691,d36e40a4-294f-4a50-b629-f5d3807b912f-001660fe
du-692,d36e40a4-294f-4a50-b629-f5d3807b912f-00166107
du-693,d36e40a4-294f-4a50-b629-f5d3807b912f-00166109
du-694,d36e40a4-294f-4a50-b629-f5d3807b912f-0016610b
du-695,d36e40a4-294f-4a50-b629-f5d3807b912f-0016610f
du-696,bba659af-724e-4b85-850d-0a8d096040ae-0016617d
du-697,bba659af-724e-4b85-850d-0a8d096040ae-0016617f
du-698,bba659af-724e-4b85-850d-0a8d096040ae-00166181
du-699,bba659af-724e-4b85-850d-0a8d096040ae-00166183
du-700,bba659af-724e-4b85-850d-0a8d096040ae-00166185
du-701,bba659af-724e-4b85-850d-0a8d096040ae-00166187
du-702,bba659af-724e-4b85-850d-0a8d096040ae-0016618f
du-703,bba659af-724e-4b85-850d-0a8d096040ae-00166191
du-704,bba659af-724e-4b85-850d-0a8d096040ae-00166193
du-705,bba659af-724e-4b85-850d-0a8d096040ae-00166195
du-706,bba659af-724e-4b85-850d-0a8d096040ae-0016619d
du-707,bba659af-724e-4b85-850d-0a8d096040ae-001661a1
du-708,bba659af-724e-4b85-850d-0a8d096040ae-001661a7
du-709,bba659af-724e-4b85-850d-0a8d096040ae-001661a9
du-710,bba659af-724e-4b85-850d-0a8d096040ae-001661ab
du-711,bba659af-724e-4b85-850d-0a8d096040ae-001661ad
du-712,bba659af-724e-4b85-850d-0a8d096040ae-001661b1
du-713,bba659af-724e-4b85-850d-0a8d096040ae-001661b5
du-714,bba659af-724e-4b85-850d-0a8d096040ae-001661bb
du-715,bba659af-724e-4b85-850d-0a8d096040ae-001661bd
du-716,bba659af-724e-4b85-850d-0a8d096040ae-001661c1
du-717,bba659af-724e-4b85-850d-0a8d096040ae-001661c9
du-718,bba659af-724e-4b85-850d-0a8d096040ae-001661cc
du-719,bba659af-724e-4b85-850d-0a8d096040ae-001661d3
du-720,bba659af-724e-4b85-850d-0a8d096040ae-001661d6
du-721,bba659af-724e-4b85-850d-0a8d096040ae-001661d9
du-722,bba659af-724e-4b85-850d-0a8d096040ae-001661dd
du-723,bba659af-724e-4b85-850d-0a8d096040ae-001661ec
du-724,bba659af-724e-4b85-850d-0a8d096040ae-001661f0
du-725,bba659af-724e-4b85-850d-0a8d096040ae-001661f4
du-726,bba659af-724e-4b85-850d-0a8d096040ae-001661fa
du-727,bba659af-724e-4b85-850d-0a8d096040ae-001661fe
du-728,bba659af-724e-4b85-850d-0a8d096040ae-00166200
du-729,bba659af-724e-4b85-850d-0a8d096040ae-00166204
du-730,bba659af-724e-4b85-850d-0a8d096040ae-0016621a
du-731,bba659af-724e-4b85-850d-0a8d096040ae-0016621c
du-732,bba659af-724e-4b85-850d-0a8d096040ae-00166220
du-733,bba659af-724e-4b85-850d-0a8d096040ae-00166222
du-734,bba659af-724e-4b85-850d-0a8d096040ae-00166224
du-735,bba659af-724e-4b85-850d-0a8d096040ae-00166226
du-736,bba659af-724e-4b85-850d-0a8d096040ae-00166228
du-737,bba659af-724e-4b85-850d-0a8d096040ae-0016622e
du-738,bba659af-724e-4b85-850d-0a8d096040ae-0016623d
du-739,bba659af-724e-4b85-850d-0a8d096040ae-0016623f
du-740,bba659af-724e-4b85-850d-0a8d096040ae-00166247
du-741,bba659af-724e-4b85-850d-0a8d096040ae-0016624b
du-742,bba659af-724e-4b85-850d-0a8d096040ae-0016624f
du-743,bba659af-724e-4b85-850d-0a8d096040ae-00166253
du-744,bba659af-724e-4b85-850d-0a8d096040ae-00166268
du-745,bba659af-724e-4b85-850d-0a8d096040ae-0016626a
du-746,bba659af-724e-4b85-850d-0a8d096040ae-0016626c
du-747,bba659af-724e-4b85-850d-0a8d096040ae-0016626e
du-748,bba659af-724e-4b85-850d-0a8d096040ae-00166274
du-749,bba659af-724e-4b85-850d-0a8d096040ae-00166278
du-750,bba659af-724e-4b85-850d-0a8d096040ae-0016627e
du-751,bba659af-724e-4b85-850d-0a8d096040ae-00166282
du-752,bba659af-724e-4b85-850d-0a8d096040ae-00166288
du-753,bba659af-724e-4b85-850d-0a8d096040ae-0016628c
du-754,bba659af-724e-4b85-850d-0a8d096040ae-00166292
du-755,bba659af-724e-4b85-850d-0a8d096040ae-00166296
du-756,bba659af-724e-4b85-850d-0a8d096040ae-0016636f
du-757,bba659af-724e-4b85-850d-0a8d096040ae-00166371
du-758,bba659af-724e-4b85-850d-0a8d096040ae-00166375
du-759,bba659af-724e-4b85-850d-0a8d096040ae-00166377
du-760,bba659af-724e-4b85-850d-0a8d096040ae-0016637b
du-761,bba659af-724e-4b85-850d-0a8d096040ae-0016637f
du-762,bba659af-724e-4b85-850d-0a8d096040ae-00166383
du-763,bba659af-724e-4b85-850d-0a8d096040ae-00166387
du-764,bba659af-724e-4b85-850d-0a8d096040ae-0016638b
du-765,bba659af-724e-4b85-850d-0a8d096040ae-0016638f
du-766,bba659af-724e-4b85-850d-0a8d096040ae-00166395
du-767,bba659af-724e-4b85-850d-0a8d096040ae-00166397
du-768,bba659af-724e-4b85-850d-0a8d096040ae-0016639b
du-769,bba659af-724e-4b85-850d-0a8d096040ae-001663a1
du-770,bba659af-724e-4b85-850d-0a8d096040ae-001663a2
du-771,bba659af-724e-4b85-850d-0a8d096040ae-001663a3
du-772,bba659af-724e-4b85-850d-0a8d096040ae-001663ae
du-773,bba659af-724e-4b85-850d-0a8d096040ae-001663af
du-774,bba659af-724e-4b85-850d-0a8d096040ae-001663b8
du-775,bba659af-724e-4b85-850d-0a8d096040ae-001663bf
du-776,bba659af-724e-4b85-850d-0a8d096040ae-001663c0
du-777,bba659af-724e-4b85-850d-0a8d096040ae-001663c1
du-778,bba659af-724e-4b85-850d-0a8d096040ae-001663c9
du-779,bba659af-724e-4b85-850d-0a8d096040ae-001663cb
du-780,bba659af-724e-4b85-850d-0a8d096040ae-001663cd
du-781,bba659af-724e-4b85-850d-0a8d096040ae-001663cf
du-782,bba659af-724e-4b85-850d-0a8d096040ae-001663d1
du-783,bba659af-724e-4b85-850d-0a8d096040ae-001663db
du-784,bba659af-724e-4b85-850d-0a8d096040ae-001663de
du-785,bba659af-724e-4b85-850d-0a8d096040ae-001663ed
du-786,bba659af-724e-4b85-850d-0a8d096040ae-001663ef
du-787,bba659af-724e-4b85-850d-0a8d096040ae-001663f1
du-788,bba659af-724e-4b85-850d-0a8d096040ae-001663f7
du-789,bba659af-724e-4b85-850d-0a8d096040ae-001663f9
du-790,bba659af-724e-4b85-850d-0a8d096040ae-001663fb
du-791,bba659af-724e-4b85-850d-0a8d096040ae-00166403
du-792,bba659af-724e-4b85-850d-0a8d096040ae-0016640e
du-793,bba659af-724e-4b85-850d-0a8d096040ae-00166410
du-794,bba659af-724e-4b85-850d-0a8d096040ae-00166412
du-795,bba659af-724e-4b85-850d-0a8d096040ae-00166414
du-796,bba659af-724e-4b85-850d-0a8d096040ae-00166416
du-797,bba659af-724e-4b85-850d-0a8d096040ae-0016641a
du-798,bba659af-724e-4b85-850d-0a8d096040ae-0016641e
du-799,bba659af-724e-4b85-850d-0a8d096040ae-00166422
du-800,bba659af-724e-4b85-850d-0a8d096040ae-00166426
du-801,bba659af-724e-4b85-850d-0a8d096040ae-0016642a
du-802,bba659af-724e-4b85-850d-0a8d096040ae-00166431
du-803,bba659af-724e-4b85-850d-0a8d096040ae-00166438
du-804,bba659af-724e-4b85-850d-0a8d096040ae-0016643a
du-805,bba659af-724e-4b85-850d-0a8d096040ae-0016643b
du-806,bba659af-724e-4b85-850d-0a8d096040ae-00166446
du-807,bba659af-724e-4b85-850d-0a8d096040ae-00166447
du-808,bba659af-724e-4b85-850d-0a8d096040ae-0016644f
du-809,bba659af-724e-4b85-850d-0a8d096040ae-00166455
du-810,bba659af-724e-4b85-850d-0a8d096040ae-00166457
du-811,bba659af-724e-4b85-850d-0a8d096040ae-0016646a
du-812,bba659af-724e-4b85-850d-0a8d096040ae-0016646e
du-813,bba659af-724e-4b85-850d-0a8d096040ae-00166473
du-814,bba659af-724e-4b85-850d-0a8d096040ae-00166475
du-815,bba659af-724e-4b85-850d-0a8d096040ae-0016647b
du-816,bba659af-724e-4b85-850d-0a8d096040ae-00166481
du-817,bba659af-724e-4b85-850d-0a8d096040ae-00166487
du-818,bba659af-724e-4b85-850d-0a8d096040ae-0016648a
du-819,bba659af-724e-4b85-850d-0a8d096040ae-0016648d
du-820,bba659af-724e-4b85-850d-0a8d096040ae-00166492
du-821,bba659af-724e-4b85-850d-0a8d096040ae-00166495
du-822,bba659af-724e-4b85-850d-0a8d096040ae-00166498
du-823,bba659af-724e-4b85-850d-0a8d096040ae-001664a1
du-824,bba659af-724e-4b85-850d-0a8d096040ae-001664a3
du-825,bba659af-724e-4b85-850d-0a8d096040ae-001664a5
du-826,bba659af-724e-4b85-850d-0a8d096040ae-001664a7
du-827,bba659af-724e-4b85-850d-0a8d096040ae-001664a9
du-828,bba659af-724e-4b85-850d-0a8d096040ae-001664ab
du-829,bba659af-724e-4b85-850d-0a8d096040ae-001664ad
du-830,bba659af-724e-4b85-850d-0a8d096040ae-001664b1
du-831,bba659af-724e-4b85-850d-0a8d096040ae-001664c5
du-832,bba659af-724e-4b85-850d-0a8d096040ae-001664c8
du-833,bba659af-724e-4b85-850d-0a8d096040ae-001664cb
du-834,bba659af-724e-4b85-850d-0a8d096040ae-001664d3
du-835,bba659af-724e-4b85-850d-0a8d096040ae-001664d9
du-836,bba659af-724e-4b85-850d-0a8d096040ae-001664e0
du-837,bba659af-724e-4b85-850d-0a8d096040ae-001664e4
du-838,bba659af-724e-4b85-850d-0a8d096040ae-001664ea
du-839,bba659af-724e-4b85-850d-0a8d096040ae-001664ee
du-840,bba659af-724e-4b85-850d-0a8d096040ae-001664f3
du-841,bba659af-724e-4b85-850d-0a8d096040ae-001664f4
du-842,bba659af-724e-4b85-850d-0a8d096040ae-001664f5
du-843,bba659af-724e-4b85-850d-0a8d096040ae-001664fd
du-844,bba659af-724e-4b85-850d-0a8d096040ae-00166506
du-845,bba659af-724e-4b85-850d-0a8d096040ae-00166508
du-846,bba659af-724e-4b85-850d-0a8d096040ae-0016650a
du-847,bba659af-724e-4b85-850d-0a8d096040ae-0016650e
du-848,bba659af-724e-4b85-850d-0a8d096040ae-001665b2
du-849,bba659af-724e-4b85-850d-0a8d096040ae-001665b4
du-850,bba659af-724e-4b85-850d-0a8d096040ae-001665b6
du-851,bba659af-724e-4b85-850d-0a8d096040ae-001665be
du-852,bba659af-724e-4b85-850d-0a8d096040ae-001665c0
du-853,bba659af-724e-4b85-850d-0a8d096040ae-001665c4
du-854,bba659af-724e-4b85-850d-0a8d096040ae-001665c6
du-855,bba659af-724e-4b85-850d-0a8d096040ae-001665c8
du-856,bba659af-724e-4b85-850d-0a8d096040ae-001665cc
du-857,bba659af-724e-4b85-850d-0a8d096040ae-001665d0
du-858,bba659af-724e-4b85-850d-0a8d096040ae-001665d6
du-859,bba659af-724e-4b85-850d-0a8d096040ae-001665d8
du-860,bba659af-724e-4b85-850d-0a8d096040ae-001665dc
du-861,bba659af-724e-4b85-850d-0a8d096040ae-001665e0
du-862,bba659af-724e-4b85-850d-0a8d096040ae-001665e4
du-863,bba659af-724e-4b85-850d-0a8d096040ae-001665e8
du-864,bba659af-724e-4b85-850d-0a8d096040ae-001665ec
du-865,bba659af-724e-4b85-850d-0a8d096040ae-001665fd
du-866,bba659af-724e-4b85-850d-0a8d096040ae-00166600
du-867,bba659af-724e-4b85-850d-0a8d096040ae-00166603
du-868,bba659af-724e-4b85-850d-0a8d096040ae-00166605
du-869,bba659af-724e-4b85-850d-0a8d096040ae-00166609
du-870,bba659af-724e-4b85-850d-0a8d096040ae-0016660f
du-871,bba659af-724e-4b85-850d-0a8d096040ae-00166615
du-872,bba659af-724e-4b85-850d-0a8d096040ae-00166690
du-873,bba659af-724e-4b85-850d-0a8d096040ae-00166698
du-874,bba659af-724e-4b85-850d-0a8d096040ae-0016679c
du-875,ad749fd7-82f7-4fb9-99c9-20ef80280522-00166ab1
du-876,ad749fd7-82f7-4fb9-99c9-20ef80280522-00166ad8
du-877,ad749fd7-82f7-4fb9-99c9-20ef80280522-00166ae2
du-878,ad749fd7-82f7-4fb9-99c9-20ef80280522-00166aea
du-879,ad749fd7-82f7-4fb9-99c9-20ef80280522-00166b64
du-880,ad749fd7-82f7-4fb9-99c9-20ef80280522-00166b6f
du-881,ad749fd7-82f7-4fb9-99c9-20ef80280522-00166b9a
du-882,ad749fd7-82f7-4fb9-99c9-20ef80280522-00166ecb
du-883,ad749fd7-82f7-4fb9-99c9-20ef80280522-00167001
du-884,ad749fd7-82f7-4fb9-99c9-20ef80280522-00167024
du-885,ad749fd7-82f7-4fb9-99c9-20ef80280522-0016707f
du-886,ad749fd7-82f7-4fb9-99c9-20ef80280522-001670b0
du-887,ad749fd7-82f7-4fb9-99c9-20ef80280522-00167161
du-888,ad749fd7-82f7-4fb9-99c9-20ef80280522-00167163
du-889,ad749fd7-82f7-4fb9-99c9-20ef80280522-00167169
du-890,ad749fd7-82f7-4fb9-99c9-20ef80280522-001671c6
du-891,ad749fd7-82f7-4fb9-99c9-20ef80280522-00167646
du-892,ad749fd7-82f7-4fb9-99c9-20ef80280522-00167650
du-893,ad749fd7-82f7-4fb9-99c9-20ef80280522-00167658
du-894,ad749fd7-82f7-4fb9-99c9-20ef80280522-00167707
du-895,ad749fd7-82f7-4fb9-99c9-20ef80280522-00167725
du-896,ad749fd7-82f7-4fb9-99c9-20ef80280522-00167774
du-897,ad749fd7-82f7-4fb9-99c9-20ef80280522-00167815
du-898,ad749fd7-82f7-4fb9-99c9-20ef80280522-0016786d
du-899,ad749fd7-82f7-4fb9-99c9-20ef80280522-001678f8
du-900,ad749fd7-82f7-4fb9-99c9-20ef80280522-00167905
du-901,ad749fd7-82f7-4fb9-99c9-20ef80280522-00167924
du-902,ad749fd7-82f7-4fb9-99c9-20ef80280522-001679ca
du-903,ad749fd7-82f7-4fb9-99c9-20ef80280522-00167ac4
du-904,ad749fd7-82f7-4fb9-99c9-20ef80280522-00167d9c
du-905,ad749fd7-82f7-4fb9-99c9-20ef80280522-00167ddd
du-906,ad749fd7-82f7-4fb9-99c9-20ef80280522-00167df3
du-907,ad749fd7-82f7-4fb9-99c9-20ef80280522-00167e52
du-908,ad749fd7-82f7-4fb9-99c9-20ef80280522-00167e8d
du-909,ad749fd7-82f7-4fb9-99c9-20ef80280522-00167e98
du-910,ad749fd7-82f7-4fb9-99c9-20ef80280522-0016811c
du-911,ad749fd7-82f7-4fb9-99c9-20ef80280522-00168126
du-912,ad749fd7-82f7-4fb9-99c9-20ef80280522-0016812e
du-913,ad749fd7-82f7-4fb9-99c9-20ef80280522-00168153
du-914,ad749fd7-82f7-4fb9-99c9-20ef80280522-00168176
du-915,ad749fd7-82f7-4fb9-99c9-20ef80280522-001682a2
du-916,ad749fd7-82f7-4fb9-99c9-20ef80280522-001682ac
du-917,ad749fd7-82f7-4fb9-99c9-20ef80280522-001682c0
du-918,ad749fd7-82f7-4fb9-99c9-20ef80280522-00168375
du-919,1aef3285-886d-4f24-972f-839bc93509d1-001685ab
du-920,1aef3285-886d-4f24-972f-839bc93509d1-001685ce
du-921,1aef3285-886d-4f24-972f-839bc93509d1-001685d9
du-922,1aef3285-886d-4f24-972f-839bc93509d1-0016860f
du-923,1aef3285-886d-4f24-972f-839bc93509d1-001686d8
du-924,1aef3285-886d-4f24-972f-839bc93509d1-0016879b
du-925,1aef3285-886d-4f24-972f-839bc93509d1-00168860
du-926,1aef3285-886d-4f24-972f-839bc93509d1-00168890
du-927,1aef3285-886d-4f24-972f-839bc93509d1-0016889a
du-928,1aef3285-886d-4f24-972f-839bc93509d1-001688b7
du-929,1aef3285-886d-4f24-972f-839bc93509d1-001688d2
du-930,1aef3285-886d-4f24-972f-839bc93509d1-001688dd
du-931,1aef3285-886d-4f24-972f-839bc93509d1-001688ef
du-932,1aef3285-886d-4f24-972f-839bc93509d1-001689e8
du-933,1aef3285-886d-4f24-972f-839bc93509d1-00168a00
du-934,404d4222-ef42-422e-ba26-4c6664f68677-001693fd
du-935,404d4222-ef42-422e-ba26-4c6664f68677-00169a6c
du-936,404d4222-ef42-422e-ba26-4c6664f68677-00169aa5
du-937,404d4222-ef42-422e-ba26-4c6664f68677-00169b2b
du-938,404d4222-ef42-422e-ba26-4c6664f68677-00169bcb
du-939,c50ff4cc-2d0e-4def-9968-fe4b35963bb3-00169dbe
du-940,c50ff4cc-2d0e-4def-9968-fe4b35963bb3-0016a06f
du-941,c50ff4cc-2d0e-4def-9968-fe4b35963bb3-0016a074
du-942,c50ff4cc-2d0e-4def-9968-fe4b35963bb3-0016a1c6
du-943,c50ff4cc-2d0e-4def-9968-fe4b35963bb3-0016a247
du-944,5394a5eb-ec67-4ba7-89e1-3a5581615cb8-0016a60e
du-945,5394a5eb-ec67-4ba7-89e1-3a5581615cb8-0016a677
du-946,5394a5eb-ec67-4ba7-89e1-3a5581615cb8-0016a68e
du-947,5394a5eb-ec67-4ba7-89e1-3a5581615cb8-0016a6f9
du-948,5394a5eb-ec67-4ba7-89e1-3a5581615cb8-0016a72c
du-949,5394a5eb-ec67-4ba7-89e1-3a5581615cb8-0016a918
du-950,5394a5eb-ec67-4ba7-89e1-3a5581615cb8-0016a938
du-951,5394a5eb-ec67-4ba7-89e1-3a5581615cb8-0016a93f
du-952,5394a5eb-ec67-4ba7-89e1-3a5581615cb8-0016aab1
du-953,5394a5eb-ec67-4ba7-89e1-3a5581615cb8-0016aac6
du-954,5394a5eb-ec67-4ba7-89e1-3a5581615cb8-0016aac9
du-955,5394a5eb-ec67-4ba7-89e1-3a5581615cb8-0016acef
du-956,5394a5eb-ec67-4ba7-89e1-3a5581615cb8-0016acfa
du-957,5394a5eb-ec67-4ba7-89e1-3a5581615cb8-0016ad02
du-958,b49e7d71-b2c1-4884-a18f-4b9044c55222-0016af00
du-959,b49e7d71-b2c1-4884-a18f-4b9044c55222-0016af0a
du-960,b49e7d71-b2c1-4884-a18f-4b9044c55222-0016af12
du-961,b49e7d71-b2c1-4884-a18f-4b9044c55222-0016af35
du-962,b49e7d71-b2c1-4884-a18f-4b9044c55222-0016af78
du-963,b49e7d71-b2c1-4884-a18f-4b9044c55222-0016b005
du-964,b49e7d71-b2c1-4884-a18f-4b9044c55222-0016b097
du-965,0c10a9a6-8fbc-4954-bb30-11a7f5225350-0016ca33
du-966,0c10a9a6-8fbc-4954-bb30-11a7f5225350-0016ca5c
du-967,0c10a9a6-8fbc-4954-bb30-11a7f5225350-0016ca6f
du-968,0c10a9a6-8fbc-4954-bb30-11a7f5225350-0016ca8d
du-969,0c10a9a6-8fbc-4954-bb30-11a7f5225350-0016ca9a
du-970,0c10a9a6-8fbc-4954-bb30-11a7f5225350-0016cacb
du-971,0c10a9a6-8fbc-4954-bb30-11a7f5225350-0016cb87
du-972,0c10a9a6-8fbc-4954-bb30-11a7f5225350-0016cb94
du-973,0c10a9a6-8fbc-4954-bb30-11a7f5225350-0016cd1e
du-974,0c10a9a6-8fbc-4954-bb30-11a7f5225350-0016cd9d
du-975,0c10a9a6-8fbc-4954-bb30-11a7f5225350-0016ce49
du-976,0c10a9a6-8fbc-4954-bb30-11a7f5225350-0016ce4d
du-977,0c10a9a6-8fbc-4954-bb30-11a7f5225350-0016ce4f
du-978,0c10a9a6-8fbc-4954-bb30-11a7f5225350-0016cee9
du-979,0c10a9a6-8fbc-4954-bb30-11a7f5225350-0016cef8
du-980,0c10a9a6-8fbc-4954-bb30-11a7f5225350-0016cf14
du-981,0c10a9a6-8fbc-4954-bb30-11a7f5225350-0016cf8a
du-982,0c10a9a6-8fbc-4954-bb30-11a7f5225350-0016cf91
du-983,0c10a9a6-8fbc-4954-bb30-11a7f5225350-0016cfe1
du-984,0c10a9a6-8fbc-4954-bb30-11a7f5225350-0016cfec
du-985,0c10a9a6-8fbc-4954-bb30-11a7f5225350-0016d02c
du-986,0c10a9a6-8fbc-4954-bb30-11a7f5225350-0016d033
du-987,0c10a9a6-8fbc-4954-bb30-11a7f5225350-0016d25e
du-988,0c10a9a6-8fbc-4954-bb30-11a7f5225350-0016d265
du-989,0c10a9a6-8fbc-4954-bb30-11a7f5225350-0016d2bf
du-990,0c10a9a6-8fbc-4954-bb30-11a7f5225350-0016d2c6
du-991,0c10a9a6-8fbc-4954-bb30-11a7f5225350-0016d3b3
du-992,0c10a9a6-8fbc-4954-bb30-11a7f5225350-0016d480
du-993,0c10a9a6-8fbc-4954-bb30-11a7f5225350-0016d9c8
du-994,0c10a9a6-8fbc-4954-bb30-11a7f5225350-0016e1bc
du-995,0c10a9a6-8fbc-4954-bb30-11a7f5225350-0016e76f
du-996,0c10a9a6-8fbc-4954-bb30-11a7f5225350-0016e770
du-997,0c10a9a6-8fbc-4954-bb30-11a7f5225350-0016e771
du-998,0c10a9a6-8fbc-4954-bb30-11a7f5225350-0016ebf9
du-999,0c10a9a6-8fbc-4954-bb30-11a7f5225350-0016ecd8
du-1000,0c10a9a6-8fbc-4954-bb30-11a7f5225350-0016ed97
du-1001,0c10a9a6-8fbc-4954-bb30-11a7f5225350-0016f614
du-1002,0c10a9a6-8fbc-4954-bb30-11a7f5225350-0016f6ae
du-1003,0c10a9a6-8fbc-4954-bb30-11a7f5225350-0016f812
du-1004,0c10a9a6-8fbc-4954-bb30-11a7f5225350-0016f829
du-1005,0c10a9a6-8fbc-4954-bb30-11a7f5225350-0016f868
du-1006,0c10a9a6-8fbc-4954-bb30-11a7f5225350-0016f8e4
du-1007,0c10a9a6-8fbc-4954-bb30-11a7f5225350-0016f8f9
du-1008,0c10a9a6-8fbc-4954-bb30-11a7f5225350-0016fa52
du-1009,0c10a9a6-8fbc-4954-bb30-11a7f5225350-0016fa53
du-1010,0c10a9a6-8fbc-4954-bb30-11a7f5225350-0016fa75
du-1011,47065ce9-b3e5-4eaa-a2b7-7c850f6d9b5a-0016fb9e
du-1012,47065ce9-b3e5-4eaa-a2b7-7c850f6d9b5a-0016fbf4
du-1013,47065ce9-b3e5-4eaa-a2b7-7c850f6d9b5a-0016fc2d
du-1014,47065ce9-b3e5-4eaa-a2b7-7c850f6d9b5a-0016fc59
du-1015,47065ce9-b3e5-4eaa-a2b7-7c850f6d9b5a-0016fcb5
du-1016,47065ce9-b3e5-4eaa-a2b7-7c850f6d9b5a-0016fcea
du-1017,47065ce9-b3e5-4eaa-a2b7-7c850f6d9b5a-0016fd33
du-1018,47065ce9-b3e5-4eaa-a2b7-7c850f6d9b5a-0016fe18
du-1019,47065ce9-b3e5-4eaa-a2b7-7c850f6d9b5a-0016fe81
du-1020,47065ce9-b3e5-4eaa-a2b7-7c850f6d9b5a-0016fefb
du-1021,47065ce9-b3e5-4eaa-a2b7-7c850f6d9b5a-0016ff8f
du-1022,47065ce9-b3e5-4eaa-a2b7-7c850f6d9b5a-0016ffdf
du-1023,28aca5d6-87ab-42df-b721-2962413d53db-00170f35
du-1024,28aca5d6-87ab-42df-b721-2962413d53db-00170f99
du-1025,28aca5d6-87ab-42df-b721-2962413d53db-001710d4
du-1026,28aca5d6-87ab-42df-b721-2962413d53db-0017118d
du-1027,28aca5d6-87ab-42df-b721-2962413d53db-0017123c
du-1028,28aca5d6-87ab-42df-b721-2962413d53db-001713b9
du-1029,28aca5d6-87ab-42df-b721-2962413d53db-001713f3
du-1030,5b26a1c5-4b92-4d46-a781-d8e2ddf05b18-00171733
du-1031,5b26a1c5-4b92-4d46-a781-d8e2ddf05b18-0017175e
du-1032,5b26a1c5-4b92-4d46-a781-d8e2ddf05b18-0017199d
du-1033,5b26a1c5-4b92-4d46-a781-d8e2ddf05b18-00171ad4
du-1034,5b26a1c5-4b92-4d46-a781-d8e2ddf05b18-00171bab
du-1035,5b26a1c5-4b92-4d46-a781-d8e2ddf05b18-00171bfc
du-1036,5b26a1c5-4b92-4d46-a781-d8e2ddf05b18-0017227c
du-1037,5b26a1c5-4b92-4d46-a781-d8e2ddf05b18-00172616
du-1038,5b26a1c5-4b92-4d46-a781-d8e2ddf05b18-00172698
du-1039,5b26a1c5-4b92-4d46-a781-d8e2ddf05b18-00172ce1
du-1040,5b26a1c5-4b92-4d46-a781-d8e2ddf05b18-00172d1c
du-1041,5b26a1c5-4b92-4d46-a781-d8e2ddf05b18-00172da4
du-1042,5b26a1c5-4b92-4d46-a781-d8e2ddf05b18-00172dac
du-1043,5b26a1c5-4b92-4d46-a781-d8e2ddf05b18-00172df3
du-1044,5b26a1c5-4b92-4d46-a781-d8e2ddf05b18-00172dfb
du-1045,5b26a1c5-4b92-4d46-a781-d8e2ddf05b18-00172e05
du-1046,5b26a1c5-4b92-4d46-a781-d8e2ddf05b18-00172e0d
du-1047,5b26a1c5-4b92-4d46-a781-d8e2ddf05b18-00172e17
du-1048,5b26a1c5-4b92-4d46-a781-d8e2ddf05b18-00172ffd
du-1049,5b26a1c5-4b92-4d46-a781-d8e2ddf05b18-0017311b
du-1050,5b26a1c5-4b92-4d46-a781-d8e2ddf05b18-00173198
du-1051,cf5bfd8a-8304-4ee2-a220-6994cb7ea6f3-001776c5
du-1052,cf5bfd8a-8304-4ee2-a220-6994cb7ea6f3-001776f8
du-1053,cf5bfd8a-8304-4ee2-a220-6994cb7ea6f3-00178031
eq-1,ee75abd3-0b00-4374-8f65-b8d52f0bb76e-0014d4c4
eq-2,4c0c00b4-f00b-4eac-b2f9-977c41681002-0014d87e
eq-3,4c0c00b4-f00b-4eac-b2f9-977c41681002-0014d91b
eq-4,4c0c00b4-f00b-4eac-b2f9-977c41681002-0014d952
eq-5,4c0c00b4-f00b-4eac-b2f9-977c41681002-0014db68
eq-6,4c0c00b4-f00b-4eac-b2f9-977c41681002-0014db70
eq-7,4c0c00b4-f00b-4eac-b2f9-977c41681002-0014dc4b
eq-8,4c0c00b4-f00b-4eac-b2f9-977c41681002-0014dc58
eq-9,4c0c00b4-f00b-4eac-b2f9-977c41681002-0014dc76
eq-10,4c0c00b4-f00b-4eac-b2f9-977c41681002-0014dc83
eq-11,4c0c00b4-f00b-4eac-b2f9-977c41681002-0014dc90
eq-12,4c0c00b4-f00b-4eac-b2f9-977c41681002-0014dcaa
eq-13,5e87c63f-ac5f-4f89-9346-9e92c685bc17-00158c79
eq-14,5e87c63f-ac5f-4f89-9346-9e92c685bc17-00158da7
eq-15,a92a4e4a-67e7-4364-b5b8-1bc3521451d8-0015f185
eq-16,a92a4e4a-67e7-4364-b5b8-1bc3521451d8-0015f18d
eq-17,f6e524e6-b848-42b8-99e6-fa105857ae7b-00161562
eq-18,f6e524e6-b848-42b8-99e6-fa105857ae7b-00162098
eq-19,9480508d-8b27-4dc9-9fa5-b336f64a8465-00164743
eq-20,163dfb52-e8ff-4ce3-8c1c-c35b84917839-0016579f
eq-21,163dfb52-e8ff-4ce3-8c1c-c35b84917839-001659cf
eq-22,163dfb52-e8ff-4ce3-8c1c-c35b84917839-00165ad9
eq-23,d36e40a4-294f-4a50-b629-f5d3807b912f-00165c04
eq-24,d36e40a4-294f-4a50-b629-f5d3807b912f-00165c05
eq-25,d36e40a4-294f-4a50-b629-f5d3807b912f-00165e0c
eq-26,d36e40a4-294f-4a50-b629-f5d3807b912f-00165faf
eq-27,d36e40a4-294f-4a50-b629-f5d3807b912f-0016609f
eq-28,bba659af-724e-4b85-850d-0a8d096040ae-0016617b
eq-29,bba659af-724e-4b85-850d-0a8d096040ae-0016617c
eq-30,bba659af-724e-4b85-850d-0a8d096040ae-0016636e
eq-31,bba659af-724e-4b85-850d-0a8d096040ae-0016640d
eq-32,bba659af-724e-4b85-850d-0a8d096040ae-001664a0
eq-33,bba659af-724e-4b85-850d-0a8d096040ae-001665b1
eq-34,ad749fd7-82f7-4fb9-99c9-20ef80280522-0016681d
eq-35,ad749fd7-82f7-4fb9-99c9-20ef80280522-00166874
eq-36,5394a5eb-ec67-4ba7-89e1-3a5581615cb8-0016a502
eq-37,5b26a1c5-4b92-4d46-a781-d8e2ddf05b18-0017291c
tm-1,384b7cfc-2aa8-4ccb-9943-f3eb3ab2e6f7-00150508
tm-2,0b202da0-7e91-481c-adf0-ed84186e6285-00150b6d
tm-3,0b202da0-7e91-481c-adf0-ed84186e6285-00150fc5
tm-4,2707bbd2-db0c-4034-9366-37a5081a23bf-0015339a
tm-5,2707bbd2-db0c-4034-9366-37a5081a23bf-00153576
tm-6,2707bbd2-db0c-4034-9366-37a5081a23bf-00153ee4
tm-7,2707bbd2-db0c-4034-9366-37a5081a23bf-00153f10
tm-8,2707bbd2-db0c-4034-9366-37a5081a23bf-00154566
tm-9,2707bbd2-db0c-4034-9366-37a5081a23bf-0015458d
tm-10,2707bbd2-db0c-4034-9366-37a5081a23bf-001545f2
tm-11,c682183b-7f4f-4935-a156-090a72e2146c-0015505e
tm-12,0c8058fc-a917-453e-99a6-91ab96dd8cbb-001551d1
tm-13,0c8058fc-a917-453e-99a6-91ab96dd8cbb-001551ff
tm-14,0c8058fc-a917-453e-99a6-91ab96dd8cbb-00155213
tm-15,0c8058fc-a917-453e-99a6-91ab96dd8cbb-0015557d
tm-16,0c8058fc-a917-453e-99a6-91ab96dd8cbb-0015559d
tm-17,0c8058fc-a917-453e-99a6-91ab96dd8cbb-00155634
tm-18,0c8058fc-a917-453e-99a6-91ab96dd8cbb-00155d62
tm-19,0c8058fc-a917-453e-99a6-91ab96dd8cbb-00155d9c
tm-20,0c8058fc-a917-453e-99a6-91ab96dd8cbb-00155fcf
tm-21,0c8058fc-a917-453e-99a6-91ab96dd8cbb-0015600c
tm-22,0c8058fc-a917-453e-99a6-91ab96dd8cbb-00156575
tm-23,80ad68d1-c024-4f78-acf0-0e2bfff0fc27-00156604
tm-24,80ad68d1-c024-4f78-acf0-0e2bfff0fc27-00156b52
tm-25,80ad68d1-c024-4f78-acf0-0e2bfff0fc27-00156b8b
tm-26,80ad68d1-c024-4f78-acf0-0e2bfff0fc27-00156e64
tm-27,80ad68d1-c024-4f78-acf0-0e2bfff0fc27-001571c1
tm-28,80ad68d1-c024-4f78-acf0-0e2bfff0fc27-001573b5
tm-29,50ed4a93-4b29-407a-8d1c-333fcfee1736-00157de0
tm-30,50ed4a93-4b29-407a-8d1c-333fcfee1736-001583cd
tm-31,50ed4a93-4b29-407a-8d1c-333fcfee1736-00158403
tm-32,50ed4a93-4b29-407a-8d1c-333fcfee1736-001584a9
tm-33,50ed4a93-4b29-407a-8d1c-333fcfee1736-001585ec
tm-34,5e87c63f-ac5f-4f89-9346-9e92c685bc17-00159131
tm-35,5e87c63f-ac5f-4f89-9346-9e92c685bc17-00159196
tm-36,46f425a9-73b3-4d83-8c3d-78265d2abe59-00159467
tm-37,46f425a9-73b3-4d83-8c3d-78265d2abe59-00159516
tm-38,46f425a9-73b3-4d83-8c3d-78265d2abe59-00159584
tm-39,46f425a9-73b3-4d83-8c3d-78265d2abe59-001595d9
tm-40,46f425a9-73b3-4d83-8c3d-78265d2abe59-00159642
tm-41,46f425a9-73b3-4d83-8c3d-78265d2abe59-001596ac
tm-42,46f425a9-73b3-4d83-8c3d-78265d2abe59-0015982c
tm-43,46f425a9-73b3-4d83-8c3d-78265d2abe59-00159930
tm-44,46f425a9-73b3-4d83-8c3d-78265d2abe59-00159979
tm-45,46f425a9-73b3-4d83-8c3d-78265d2abe59-0015999e
tm-46,46f425a9-73b3-4d83-8c3d-78265d2abe59-001599d1
tm-47,46f425a9-73b3-4d83-8c3d-78265d2abe59-00159a00
tm-48,46f425a9-73b3-4d83-8c3d-78265d2abe59-00159a75
tm-49,46f425a9-73b3-4d83-8c3d-78265d2abe59-00159aff
tm-50,46f425a9-73b3-4d83-8c3d-78265d2abe59-00159b89
tm-51,46f425a9-73b3-4d83-8c3d-78265d2abe59-00159bea
tm-52,46f425a9-73b3-4d83-8c3d-78265d2abe59-00159c15
tm-53,46f425a9-73b3-4d83-8c3d-78265d2abe59-00159c38
tm-54,46f425a9-73b3-4d83-8c3d-78265d2abe59-00159c82
tm-55,46f425a9-73b3-4d83-8c3d-78265d2abe59-00159cc8
tm-56,46f425a9-73b3-4d83-8c3d-78265d2abe59-00159f6f
tm-57,46f425a9-73b3-4d83-8c3d-78265d2abe59-0015a606
tm-58,46f425a9-73b3-4d83-8c3d-78265d2abe59-0015a9ae
tm-59,d6197270-0ef4-4e34-8760-c60ef0c99ec8-0015c060
tm-60,eaa1e96d-0e58-41ad-8fcb-a522a23d402a-0015c703
tm-61,eaa1e96d-0e58-41ad-8fcb-a522a23d402a-0015c91e
tm-62,eaa1e96d-0e58-41ad-8fcb-a522a23d402a-0015c947
tm-63,eaa1e96d-0e58-41ad-8fcb-a522a23d402a-0015c975
tm-64,eaa1e96d-0e58-41ad-8fcb-a522a23d402a-0015c9bd
tm-65,d61b3550-94d2-43ab-b740-69d0d0641aec-0015d765
tm-66,d61b3550-94d2-43ab-b740-69d0d0641aec-0015d77b
tm-67,d61b3550-94d2-43ab-b740-69d0d0641aec-0015d79c
tm-68,d61b3550-94d2-43ab-b740-69d0d0641aec-0015d7b0
tm-69,d61b3550-94d2-43ab-b740-69d0d0641aec-0015d7e5
tm-70,d61b3550-94d2-43ab-b740-69d0d0641aec-0015d803
tm-71,d61b3550-94d2-43ab-b740-69d0d0641aec-0015d866
tm-72,d61b3550-94d2-43ab-b740-69d0d0641aec-0015d89e
tm-73,d61b3550-94d2-43ab-b740-69d0d0641aec-0015d933
tm-74,d61b3550-94d2-43ab-b740-69d0d0641aec-0015db3d
tm-75,d61b3550-94d2-43ab-b740-69d0d0641aec-0015db7d
tm-76,9f0b49e2-c58d-4377-870c-4961fd73c258-0015de21
tm-77,893e7bbd-2d58-4420-9ff3-3c56048eac45-0015e507
tm-78,893e7bbd-2d58-4420-9ff3-3c56048eac45-0015e52d
tm-79,893e7bbd-2d58-4420-9ff3-3c56048eac45-0015e549
tm-80,893e7bbd-2d58-4420-9ff3-3c56048eac45-0015e570
tm-81,148f1061-d6ff-4c36-aba8-25e753060a34-0015e641
tm-82,148f1061-d6ff-4c36-aba8-25e753060a34-0015e867
tm-83,77ea100d-1997-45d0-a4b3-2a3b6ba12795-0015ea74
tm-84,a92a4e4a-67e7-4364-b5b8-1bc3521451d8-0015fd35
tm-85,a92a4e4a-67e7-4364-b5b8-1bc3521451d8-0015fd44
tm-86,a92a4e4a-67e7-4364-b5b8-1bc3521451d8-0015fd6e
tm-87,a92a4e4a-67e7-4364-b5b8-1bc3521451d8-0015fd89
tm-88,a92a4e4a-67e7-4364-b5b8-1bc3521451d8-0015fdd2
tm-89,a92a4e4a-67e7-4364-b5b8-1bc3521451d8-0015fdf7
tm-90,a92a4e4a-67e7-4364-b5b8-1bc3521451d8-0015fe30
tm-91,a92a4e4a-67e7-4364-b5b8-1bc3521451d8-0015fe94
tm-92,a92a4e4a-67e7-4364-b5b8-1bc3521451d8-0015feb0
tm-93,a0319bf7-0e7d-44bf-894c-29fdf5026fbd-001600b2
tm-94,a0319bf7-0e7d-44bf-894c-29fdf5026fbd-001600dd
tm-95,a0319bf7-0e7d-44bf-894c-29fdf5026fbd-0016011c
tm-96,a0319bf7-0e7d-44bf-894c-29fdf5026fbd-00160123
tm-97,a0319bf7-0e7d-44bf-894c-29fdf5026fbd-00160182
tm-98,a0319bf7-0e7d-44bf-894c-29fdf5026fbd-001601b6
tm-99,a0319bf7-0e7d-44bf-894c-29fdf5026fbd-001601ee
tm-100,a0319bf7-0e7d-44bf-894c-29fdf5026fbd-00160252
tm-101,a0319bf7-0e7d-44bf-894c-29fdf5026fbd-00160277
tm-102,a0319bf7-0e7d-44bf-894c-29fdf5026fbd-0016029b
tm-103,a0319bf7-0e7d-44bf-894c-29fdf5026fbd-001602fc
tm-104,a0319bf7-0e7d-44bf-894c-29fdf5026fbd-00160317
tm-105,a0319bf7-0e7d-44bf-894c-29fdf5026fbd-0016060d
tm-106,a0319bf7-0e7d-44bf-894c-29fdf5026fbd-00160663
tm-107,a0319bf7-0e7d-44bf-894c-29fdf5026fbd-001606a5
tm-108,a0319bf7-0e7d-44bf-894c-29fdf5026fbd-001606cb
tm-109,a0319bf7-0e7d-44bf-894c-29fdf5026fbd-001606f1
tm-110,a0319bf7-0e7d-44bf-894c-29fdf5026fbd-0016075b
tm-111,29ad6e58-46b5-4fcb-a552-654d521c97d8-001611da
tm-112,29ad6e58-46b5-4fcb-a552-654d521c97d8-00161291
tm-113,f6e524e6-b848-42b8-99e6-fa105857ae7b-00161d54
tm-114,f6e524e6-b848-42b8-99e6-fa105857ae7b-00161d7d
tm-115,f6e524e6-b848-42b8-99e6-fa105857ae7b-00161db5
tm-116,f6e524e6-b848-42b8-99e6-fa105857ae7b-00161dd0
tm-117,f6e524e6-b848-42b8-99e6-fa105857ae7b-00161e38
tm-118,f6e524e6-b848-42b8-99e6-fa105857ae7b-00161e50
tm-119,f6e524e6-b848-42b8-99e6-fa105857ae7b-00161eff
tm-120,f6e524e6-b848-42b8-99e6-fa105857ae7b-00162988
tm-121,f6e524e6-b848-42b8-99e6-fa105857ae7b-001631ef
tm-122,f6e524e6-b848-42b8-99e6-fa105857ae7b-0016322d
tm-123,f6e524e6-b848-42b8-99e6-fa105857ae7b-00163257
tm-124,f6e524e6-b848-42b8-99e6-fa105857ae7b-0016329d
tm-125,f6e524e6-b848-42b8-99e6-fa105857ae7b-001632d4
tm-126,95baf1fe-14cf-4f4f-be30-fd5f5db6aa6e-001637d7
tm-127,95baf1fe-14cf-4f4f-be30-fd5f5db6aa6e-00163823
tm-128,95baf1fe-14cf-4f4f-be30-fd5f5db6aa6e-00163858
tm-129,95baf1fe-14cf-4f4f-be30-fd5f5db6aa6e-0016387e
tm-130,95baf1fe-14cf-4f4f-be30-fd5f5db6aa6e-001638e8
tm-131,95baf1fe-14cf-4f4f-be30-fd5f5db6aa6e-0016390a
tm-132,95baf1fe-14cf-4f4f-be30-fd5f5db6aa6e-00163939
tm-133,95baf1fe-14cf-4f4f-be30-fd5f5db6aa6e-00163946
tm-134,95baf1fe-14cf-4f4f-be30-fd5f5db6aa6e-00163d51
tm-135,95baf1fe-14cf-4f4f-be30-fd5f5db6aa6e-00164195
tm-136,95baf1fe-14cf-4f4f-be30-fd5f5db6aa6e-001641d5
tm-137,95baf1fe-14cf-4f4f-be30-fd5f5db6aa6e-00164216
tm-138,95baf1fe-14cf-4f4f-be30-fd5f5db6aa6e-0016423c
tm-139,04be4628-f152-40c0-a439-566f04daea9a-00164596
tm-140,9480508d-8b27-4dc9-9fa5-b336f64a8465-0016475d
tm-141,9480508d-8b27-4dc9-9fa5-b336f64a8465-0016475e
tm-142,9480508d-8b27-4dc9-9fa5-b336f64a8465-0016475f
tm-143,9480508d-8b27-4dc9-9fa5-b336f64a8465-00164760
tm-144,9480508d-8b27-4dc9-9fa5-b336f64a8465-00164761
tm-145,9480508d-8b27-4dc9-9fa5-b336f64a8465-00164762
tm-146,9480508d-8b27-4dc9-9fa5-b336f64a8465-00164763
tm-147,9480508d-8b27-4dc9-9fa5-b336f64a8465-00164764
tm-148,9480508d-8b27-4dc9-9fa5-b336f64a8465-0016478f
tm-149,9480508d-8b27-4dc9-9fa5-b336f64a8465-001647b4
tm-150,9480508d-8b27-4dc9-9fa5-b336f64a8465-001647b5
tm-151,9480508d-8b27-4dc9-9fa5-b336f64a8465-001647b6
tm-152,9480508d-8b27-4dc9-9fa5-b336f64a8465-001647b7
tm-153,9480508d-8b27-4dc9-9fa5-b336f64a8465-0016489a
tm-154,1c5b9d5b-698e-4844-836c-171b8f3ed532-00164a94
tm-155,163dfb52-e8ff-4ce3-8c1c-c35b84917839-00164d4a
tm-156,163dfb52-e8ff-4ce3-8c1c-c35b84917839-00164fc6
tm-157,163dfb52-e8ff-4ce3-8c1c-c35b84917839-00165001
tm-158,163dfb52-e8ff-4ce3-8c1c-c35b84917839-00165020
tm-159,163dfb52-e8ff-4ce3-8c1c-c35b84917839-00165085
tm-160,163dfb52-e8ff-4ce3-8c1c-c35b84917839-001650c2
tm-161,163dfb52-e8ff-4ce3-8c1c-c35b84917839-00165108
tm-162,163dfb52-e8ff-4ce3-8c1c-c35b84917839-0016564d
tm-163,163dfb52-e8ff-4ce3-8c1c-c35b84917839-001657a3
tm-164,163dfb52-e8ff-4ce3-8c1c-c35b84917839-001657b5
tm-165,163dfb52-e8ff-4ce3-8c1c-c35b84917839-001657b6
tm-166,163dfb52-e8ff-4ce3-8c1c-c35b84917839-001657b7
tm-167,163dfb52-e8ff-4ce3-8c1c-c35b84917839-001657b8
tm-168,163dfb52-e8ff-4ce3-8c1c-c35b84917839-001657b9
tm-169,163dfb52-e8ff-4ce3-8c1c-c35b84917839-001657ba
tm-170,163dfb52-e8ff-4ce3-8c1c-c35b84917839-001657f6
tm-171,163dfb52-e8ff-4ce3-8c1c-c35b84917839-001659e8
tm-172,163dfb52-e8ff-4ce3-8c1c-c35b84917839-001659e9
tm-173,163dfb52-e8ff-4ce3-8c1c-c35b84917839-001659ea
tm-174,163dfb52-e8ff-4ce3-8c1c-c35b84917839-001659eb
tm-175,163dfb52-e8ff-4ce3-8c1c-c35b84917839-001659ec
tm-176,163dfb52-e8ff-4ce3-8c1c-c35b84917839-001659ed
tm-177,163dfb52-e8ff-4ce3-8c1c-c35b84917839-001659ee
tm-178,163dfb52-e8ff-4ce3-8c1c-c35b84917839-001659ef
tm-179,163dfb52-e8ff-4ce3-8c1c-c35b84917839-00165a1a
tm-180,163dfb52-e8ff-4ce3-8c1c-c35b84917839-00165a3e
tm-181,163dfb52-e8ff-4ce3-8c1c-c35b84917839-00165a3f
tm-182,163dfb52-e8ff-4ce3-8c1c-c35b84917839-00165a40
tm-183,163dfb52-e8ff-4ce3-8c1c-c35b84917839-00165a41
tm-184,163dfb52-e8ff-4ce3-8c1c-c35b84917839-00165a78
tm-185,163dfb52-e8ff-4ce3-8c1c-c35b84917839-00165a79
tm-186,163dfb52-e8ff-4ce3-8c1c-c35b84917839-00165a7c
tm-187,163dfb52-e8ff-4ce3-8c1c-c35b84917839-00165af3
tm-188,163dfb52-e8ff-4ce3-8c1c-c35b84917839-00165af4
tm-189,163dfb52-e8ff-4ce3-8c1c-c35b84917839-00165af5
tm-190,163dfb52-e8ff-4ce3-8c1c-c35b84917839-00165af6
tm-191,163dfb52-e8ff-4ce3-8c1c-c35b84917839-00165af7
tm-192,163dfb52-e8ff-4ce3-8c1c-c35b84917839-00165af8
tm-193,163dfb52-e8ff-4ce3-8c1c-c35b84917839-00165af9
tm-194,163dfb52-e8ff-4ce3-8c1c-c35b84917839-00165afa
tm-195,163dfb52-e8ff-4ce3-8c1c-c35b84917839-00165b25
tm-196,163dfb52-e8ff-4ce3-8c1c-c35b84917839-00165b4a
tm-197,163dfb52-e8ff-4ce3-8c1c-c35b84917839-00165b4b
tm-198,163dfb52-e8ff-4ce3-8c1c-c35b84917839-00165b4c
tm-199,163dfb52-e8ff-4ce3-8c1c-c35b84917839-00165b4d
tm-200,163dfb52-e8ff-4ce3-8c1c-c35b84917839-00165b75
tm-201,d36e40a4-294f-4a50-b629-f5d3807b912f-00165c6c
tm-202,d36e40a4-294f-4a50-b629-f5d3807b912f-00165c6d
tm-203,d36e40a4-294f-4a50-b629-f5d3807b912f-00165c6e
tm-204,d36e40a4-294f-4a50-b629-f5d3807b912f-00165c6f
tm-205,d36e40a4-294f-4a50-b629-f5d3807b912f-00165c70
tm-206,d36e40a4-294f-4a50-b629-f5d3807b912f-00165c71
tm-207,d36e40a4-294f-4a50-b629-f5d3807b912f-00165c72
tm-208,d36e40a4-294f-4a50-b629-f5d3807b912f-00165c73
tm-209,d36e40a4-294f-4a50-b629-f5d3807b912f-00165c74
tm-210,d36e40a4-294f-4a50-b629-f5d3807b912f-00165c97
tm-211,d36e40a4-294f-4a50-b629-f5d3807b912f-00165c98
tm-212,d36e40a4-294f-4a50-b629-f5d3807b912f-00165c99
tm-213,d36e40a4-294f-4a50-b629-f5d3807b912f-00165c9a
tm-214,d36e40a4-294f-4a50-b629-f5d3807b912f-00165c9b
tm-215,d36e40a4-294f-4a50-b629-f5d3807b912f-00165c9c
tm-216,d36e40a4-294f-4a50-b629-f5d3807b912f-00165c9d
tm-217,d36e40a4-294f-4a50-b629-f5d3807b912f-00165c9e
tm-218,d36e40a4-294f-4a50-b629-f5d3807b912f-00165c9f
tm-219,d36e40a4-294f-4a50-b629-f5d3807b912f-00165ca0
tm-220,d36e40a4-294f-4a50-b629-f5d3807b912f-00165ca1
tm-221,d36e40a4-294f-4a50-b629-f5d3807b912f-00165ca2
tm-222,d36e40a4-294f-4a50-b629-f5d3807b912f-00165cfb
tm-223,d36e40a4-294f-4a50-b629-f5d3807b912f-00165cfd
tm-224,d36e40a4-294f-4a50-b629-f5d3807b912f-00165e5d
tm-225,d36e40a4-294f-4a50-b629-f5d3807b912f-00165e80
tm-226,d36e40a4-294f-4a50-b629-f5d3807b912f-00165e89
tm-227,d36e40a4-294f-4a50-b629-f5d3807b912f-00165e8a
tm-228,d36e40a4-294f-4a50-b629-f5d3807b912f-00165e8b
tm-229,d36e40a4-294f-4a50-b629-f5d3807b912f-00165e8c
tm-230,d36e40a4-294f-4a50-b629-f5d3807b912f-00166005
tm-231,d36e40a4-294f-4a50-b629-f5d3807b912f-00166006
tm-232,d36e40a4-294f-4a50-b629-f5d3807b912f-00166007
tm-233,d36e40a4-294f-4a50-b629-f5d3807b912f-00166008
tm-234,d36e40a4-294f-4a50-b629-f5d3807b912f-00166009
tm-235,d36e40a4-294f-4a50-b629-f5d3807b912f-0016600a
tm-236,d36e40a4-294f-4a50-b629-f5d3807b912f-0016600b
tm-237,d36e40a4-294f-4a50-b629-f5d3807b912f-0016600c
tm-238,d36e40a4-294f-4a50-b629-f5d3807b912f-00166015
tm-239,d36e40a4-294f-4a50-b629-f5d3807b912f-00166028
tm-240,d36e40a4-294f-4a50-b629-f5d3807b912f-00166029
tm-241,d36e40a4-294f-4a50-b629-f5d3807b912f-00166034
tm-242,d36e40a4-294f-4a50-b629-f5d3807b912f-001660c1
tm-243,d36e40a4-294f-4a50-b629-f5d3807b912f-001660c2
tm-244,d36e40a4-294f-4a50-b629-f5d3807b912f-001660c3
tm-245,d36e40a4-294f-4a50-b629-f5d3807b912f-001660c4
tm-246,d36e40a4-294f-4a50-b629-f5d3807b912f-001660cf
tm-247,d36e40a4-294f-4a50-b629-f5d3807b912f-001660de
tm-248,d36e40a4-294f-4a50-b629-f5d3807b912f-001660f3
tm-249,bba659af-724e-4b85-850d-0a8d096040ae-001661e3
tm-250,bba659af-724e-4b85-850d-0a8d096040ae-001661e4
tm-251,bba659af-724e-4b85-850d-0a8d096040ae-001661e5
tm-252,bba659af-724e-4b85-850d-0a8d096040ae-001661e6
tm-253,bba659af-724e-4b85-850d-0a8d096040ae-001661e7
tm-254,bba659af-724e-4b85-850d-0a8d096040ae-001661e8
tm-255,bba659af-724e-4b85-850d-0a8d096040ae-001661e9
tm-256,bba659af-724e-4b85-850d-0a8d096040ae-001661ea
tm-257,bba659af-724e-4b85-850d-0a8d096040ae-001661eb
tm-258,bba659af-724e-4b85-850d-0a8d096040ae-0016620e
tm-259,bba659af-724e-4b85-850d-0a8d096040ae-0016620f
tm-260,bba659af-724e-4b85-850d-0a8d096040ae-00166210
tm-261,bba659af-724e-4b85-850d-0a8d096040ae-00166211
tm-262,bba659af-724e-4b85-850d-0a8d096040ae-00166212
tm-263,bba659af-724e-4b85-850d-0a8d096040ae-00166213
tm-264,bba659af-724e-4b85-850d-0a8d096040ae-00166214
tm-265,bba659af-724e-4b85-850d-0a8d096040ae-00166215
tm-266,bba659af-724e-4b85-850d-0a8d096040ae-00166216
tm-267,bba659af-724e-4b85-850d-0a8d096040ae-00166217
tm-268,bba659af-724e-4b85-850d-0a8d096040ae-00166218
tm-269,bba659af-724e-4b85-850d-0a8d096040ae-00166219
tm-270,bba659af-724e-4b85-850d-0a8d096040ae-00166271
tm-271,bba659af-724e-4b85-850d-0a8d096040ae-00166273
tm-272,bba659af-724e-4b85-850d-0a8d096040ae-001663be
tm-273,bba659af-724e-4b85-850d-0a8d096040ae-001663e1
tm-274,bba659af-724e-4b85-850d-0a8d096040ae-001663e9
tm-275,bba659af-724e-4b85-850d-0a8d096040ae-001663ea
tm-276,bba659af-724e-4b85-850d-0a8d096040ae-001663eb
tm-277,bba659af-724e-4b85-850d-0a8d096040ae-001663ec
tm-278,bba659af-724e-4b85-850d-0a8d096040ae-00166462
tm-279,bba659af-724e-4b85-850d-0a8d096040ae-00166463
tm-280,bba659af-724e-4b85-850d-0a8d096040ae-00166464
tm-281,bba659af-724e-4b85-850d-0a8d096040ae-00166465
tm-282,bba659af-724e-4b85-850d-0a8d096040ae-00166466
tm-283,bba659af-724e-4b85-850d-0a8d096040ae-00166467
tm-284,bba659af-724e-4b85-850d-0a8d096040ae-00166468
tm-285,bba659af-724e-4b85-850d-0a8d096040ae-00166469
tm-286,bba659af-724e-4b85-850d-0a8d096040ae-00166472
tm-287,bba659af-724e-4b85-850d-0a8d096040ae-00166485
tm-288,bba659af-724e-4b85-850d-0a8d096040ae-00166486
tm-289,bba659af-724e-4b85-850d-0a8d096040ae-00166491
tm-290,bba659af-724e-4b85-850d-0a8d096040ae-001664c1
tm-291,bba659af-724e-4b85-850d-0a8d096040ae-001664c2
tm-292,bba659af-724e-4b85-850d-0a8d096040ae-001664c3
tm-293,bba659af-724e-4b85-850d-0a8d096040ae-001664c4
tm-294,bba659af-724e-4b85-850d-0a8d096040ae-001664cf
tm-295,bba659af-724e-4b85-850d-0a8d096040ae-001664dd
tm-296,bba659af-724e-4b85-850d-0a8d096040ae-001664f2
tm-297,bba659af-724e-4b85-850d-0a8d096040ae-001665f2
tm-298,bba659af-724e-4b85-850d-0a8d096040ae-001665f8
tm-299,bba659af-724e-4b85-850d-0a8d096040ae-001665f9
tm-300,bba659af-724e-4b85-850d-0a8d096040ae-001665fa
tm-301,bba659af-724e-4b85-850d-0a8d096040ae-00166694
tm-302,bba659af-724e-4b85-850d-0a8d096040ae-00166695
tm-303,bba659af-724e-4b85-850d-0a8d096040ae-00166696
tm-304,ad749fd7-82f7-4fb9-99c9-20ef80280522-0016729d
tm-305,ad749fd7-82f7-4fb9-99c9-20ef80280522-001672e7
tm-306,ad749fd7-82f7-4fb9-99c9-20ef80280522-001673b4
tm-307,ad749fd7-82f7-4fb9-99c9-20ef80280522-001673d8
tm-308,ad749fd7-82f7-4fb9-99c9-20ef80280522-001673f8
tm-309,ad749fd7-82f7-4fb9-99c9-20ef80280522-00167443
tm-310,ad749fd7-82f7-4fb9-99c9-20ef80280522-0016745e
tm-311,ad749fd7-82f7-4fb9-99c9-20ef80280522-00167482
tm-312,ad749fd7-82f7-4fb9-99c9-20ef80280522-00167544
tm-313,ad749fd7-82f7-4fb9-99c9-20ef80280522-00167566
tm-314,ad749fd7-82f7-4fb9-99c9-20ef80280522-00167bac
tm-315,ad749fd7-82f7-4fb9-99c9-20ef80280522-00167be0
tm-316,ad749fd7-82f7-4fb9-99c9-20ef80280522-00167c1f
tm-317,ad749fd7-82f7-4fb9-99c9-20ef80280522-00167c4b
tm-318,ad749fd7-82f7-4fb9-99c9-20ef80280522-00167c79
tm-319,ad749fd7-82f7-4fb9-99c9-20ef80280522-00167c8b
tm-320,ad749fd7-82f7-4fb9-99c9-20ef80280522-00167d0e
tm-321,ad749fd7-82f7-4fb9-99c9-20ef80280522-00167d3d
tm-322,ad749fd7-82f7-4fb9-99c9-20ef80280522-001682f3
tm-323,1aef3285-886d-4f24-972f-839bc93509d1-001687ec
tm-324,1aef3285-886d-4f24-972f-839bc93509d1-00168c42
tm-325,1aef3285-886d-4f24-972f-839bc93509d1-00168d64
tm-326,1aef3285-886d-4f24-972f-839bc93509d1-00168db3
tm-327,1aef3285-886d-4f24-972f-839bc93509d1-00168ddb
tm-328,c50ff4cc-2d0e-4def-9968-fe4b35963bb3-0016a073
tm-329,5394a5eb-ec67-4ba7-89e1-3a5581615cb8-0016a77b
tm-330,5394a5eb-ec67-4ba7-89e1-3a5581615cb8-0016a7b0
tm-331,5394a5eb-ec67-4ba7-89e1-3a5581615cb8-0016ab54
tm-332,5394a5eb-ec67-4ba7-89e1-3a5581615cb8-0016ab8f
tm-333,5394a5eb-ec67-4ba7-89e1-3a5581615cb8-0016abf2
tm-334,5394a5eb-ec67-4ba7-89e1-3a5581615cb8-0016ac7e
tm-335,b49e7d71-b2c1-4884-a18f-4b9044c55222-0016b057
tm-336,0c10a9a6-8fbc-4954-bb30-11a7f5225350-0016d338
tm-337,0c10a9a6-8fbc-4954-bb30-11a7f5225350-0016e5cd
tm-338,0c10a9a6-8fbc-4954-bb30-11a7f5225350-0016eb5d
tm-339,0c10a9a6-8fbc-4954-bb30-11a7f5225350-0016ec4d
tm-340,0c10a9a6-8fbc-4954-bb30-11a7f5225350-0016ed1a
tm-341,0c10a9a6-8fbc-4954-bb30-11a7f5225350-0016f2f2
tm-342,0c10a9a6-8fbc-4954-bb30-11a7f5225350-0016f30f
tm-343,0c10a9a6-8fbc-4954-bb30-11a7f5225350-0016f372
tm-344,0c10a9a6-8fbc-4954-bb30-11a7f5225350-0016f38b
tm-345,0c10a9a6-8fbc-4954-bb30-11a7f5225350-0016f3aa
tm-346,0c10a9a6-8fbc-4954-bb30-11a7f5225350-0016f3f2
tm-347,0c10a9a6-8fbc-4954-bb30-11a7f5225350-0016f50c
tm-348,0c10a9a6-8fbc-4954-bb30-11a7f5225350-0016f53d
tm-349,0c10a9a6-8fbc-4954-bb30-11a7f5225350-0016f588
tm-350,0c10a9a6-8fbc-4954-bb30-11a7f5225350-0016f662
tm-351,0c10a9a6-8fbc-4954-bb30-11a7f5225350-0016f75d
tm-352,0c10a9a6-8fbc-4954-bb30-11a7f5225350-0016f7bd
tm-353,0c10a9a6-8fbc-4954-bb30-11a7f5225350-0016f846
tm-354,0c10a9a6-8fbc-4954-bb30-11a7f5225350-0016f8b0
tm-355,0c10a9a6-8fbc-4954-bb30-11a7f5225350-0016f93c
tm-356,47065ce9-b3e5-4eaa-a2b7-7c850f6d9b5a-0016fb23
tm-357,47065ce9-b3e5-4eaa-a2b7-7c850f6d9b5a-0016fbbd
tm-358,47065ce9-b3e5-4eaa-a2b7-7c850f6d9b5a-0016fc03
tm-359,47065ce9-b3e5-4eaa-a2b7-7c850f6d9b5a-0016fc7b
tm-360,47065ce9-b3e5-4eaa-a2b7-7c850f6d9b5a-0016fcc6
tm-361,47065ce9-b3e5-4eaa-a2b7-7c850f6d9b5a-0016fd01
tm-362,47065ce9-b3e5-4eaa-a2b7-7c850f6d9b5a-0016fd63
tm-363,47065ce9-b3e5-4eaa-a2b7-7c850f6d9b5a-0016feb6
tm-364,47065ce9-b3e5-4eaa-a2b7-7c850f6d9b5a-0016ff2e
tm-365,47065ce9-b3e5-4eaa-a2b7-7c850f6d9b5a-0016ffb4
tm-366,47065ce9-b3e5-4eaa-a2b7-7c850f6d9b5a-001701d8
tm-367,47065ce9-b3e5-4eaa-a2b7-7c850f6d9b5a-00170225
tm-368,47065ce9-b3e5-4eaa-a2b7-7c850f6d9b5a-0017024f
tm-369,47065ce9-b3e5-4eaa-a2b7-7c850f6d9b5a-0017027f
tm-370,47065ce9-b3e5-4eaa-a2b7-7c850f6d9b5a-001702a5
tm-371,47065ce9-b3e5-4eaa-a2b7-7c850f6d9b5a-001702d1
tm-372,47065ce9-b3e5-4eaa-a2b7-7c850f6d9b5a-001702de
tm-373,47065ce9-b3e5-4eaa-a2b7-7c850f6d9b5a-00170301
tm-374,47065ce9-b3e5-4eaa-a2b7-7c850f6d9b5a-0017049c
tm-375,47065ce9-b3e5-4eaa-a2b7-7c850f6d9b5a-001704b5
tm-376,47065ce9-b3e5-4eaa-a2b7-7c850f6d9b5a-001704ce
tm-377,47065ce9-b3e5-4eaa-a2b7-7c850f6d9b5a-001704f8
tm-378,47065ce9-b3e5-4eaa-a2b7-7c850f6d9b5a-0017050b
tm-379,47065ce9-b3e5-4eaa-a2b7-7c850f6d9b5a-001705b3
tm-380,47065ce9-b3e5-4eaa-a2b7-7c850f6d9b5a-0017060c
tm-381,47065ce9-b3e5-4eaa-a2b7-7c850f6d9b5a-001706d6
tm-382,47065ce9-b3e5-4eaa-a2b7-7c850f6d9b5a-0017078a
tm-383,47065ce9-b3e5-4eaa-a2b7-7c850f6d9b5a-001708cd
tm-384,47065ce9-b3e5-4eaa-a2b7-7c850f6d9b5a-001708fb
tm-385,47065ce9-b3e5-4eaa-a2b7-7c850f6d9b5a-0017093b
tm-386,47065ce9-b3e5-4eaa-a2b7-7c850f6d9b5a-001709b4
tm-387,47065ce9-b3e5-4eaa-a2b7-7c850f6d9b5a-001709cf
tm-388,47065ce9-b3e5-4eaa-a2b7-7c850f6d9b5a-00170a2d
tm-389,47065ce9-b3e5-4eaa-a2b7-7c850f6d9b5a-00170ab1
tm-390,47065ce9-b3e5-4eaa-a2b7-7c850f6d9b5a-00170acd
tm-391,47065ce9-b3e5-4eaa-a2b7-7c850f6d9b5a-00170ad4
tm-392,47065ce9-b3e5-4eaa-a2b7-7c850f6d9b5a-00170ad9
tm-393,47065ce9-b3e5-4eaa-a2b7-7c850f6d9b5a-00170af3
tm-394,47065ce9-b3e5-4eaa-a2b7-7c850f6d9b5a-00170b45
tm-395,47065ce9-b3e5-4eaa-a2b7-7c850f6d9b5a-00170b55
tm-396,47065ce9-b3e5-4eaa-a2b7-7c850f6d9b5a-00170b61
tm-397,47065ce9-b3e5-4eaa-a2b7-7c850f6d9b5a-00170b66
tm-398,47065ce9-b3e5-4eaa-a2b7-7c850f6d9b5a-00170bb5
tm-399,47065ce9-b3e5-4eaa-a2b7-7c850f6d9b5a-00170bd8
tm-400,47065ce9-b3e5-4eaa-a2b7-7c850f6d9b5a-00170c70
tm-401,47065ce9-b3e5-4eaa-a2b7-7c850f6d9b5a-00170cb9
tm-402,47065ce9-b3e5-4eaa-a2b7-7c850f6d9b5a-00170d0b
tm-403,47065ce9-b3e5-4eaa-a2b7-7c850f6d9b5a-00170d3b
tm-404,28aca5d6-87ab-42df-b721-2962413d53db-00170dae
tm-405,28aca5d6-87ab-42df-b721-2962413d53db-00170e02
tm-406,28aca5d6-87ab-42df-b721-2962413d53db-00170e34
tm-407,28aca5d6-87ab-42df-b721-2962413d53db-00170e53
tm-408,28aca5d6-87ab-42df-b721-2962413d53db-00170e6e
tm-409,28aca5d6-87ab-42df-b721-2962413d53db-00170eda
tm-410,28aca5d6-87ab-42df-b721-2962413d53db-00170f6c
tm-411,28aca5d6-87ab-42df-b721-2962413d53db-00170fe4
tm-412,28aca5d6-87ab-42df-b721-2962413d53db-00170ff0
tm-413,28aca5d6-87ab-42df-b721-2962413d53db-0017100c
tm-414,28aca5d6-87ab-42df-b721-2962413d53db-0017104a
tm-415,28aca5d6-87ab-42df-b721-2962413d53db-00171065
tm-416,28aca5d6-87ab-42df-b721-2962413d53db-00171074
tm-417,28aca5d6-87ab-42df-b721-2962413d53db-00171090
tm-418,28aca5d6-87ab-42df-b721-2962413d53db-001710b9
tm-419,28aca5d6-87ab-42df-b721-2962413d53db-0017110e
tm-420,28aca5d6-87ab-42df-b721-2962413d53db-0017111b
tm-421,28aca5d6-87ab-42df-b721-2962413d53db-00171140
tm-422,28aca5d6-87ab-42df-b721-2962413d53db-00171169
tm-423,28aca5d6-87ab-42df-b721-2962413d53db-001711a9
tm-424,28aca5d6-87ab-42df-b721-2962413d53db-001711bf
tm-425,28aca5d6-87ab-42df-b721-2962413d53db-001711c4
tm-426,28aca5d6-87ab-42df-b721-2962413d53db-001711d0
tm-427,28aca5d6-87ab-42df-b721-2962413d53db-001711fb
tm-428,28aca5d6-87ab-42df-b721-2962413d53db-00171297
tm-429,28aca5d6-87ab-42df-b721-2962413d53db-001712be
tm-430,28aca5d6-87ab-42df-b721-2962413d53db-001712c5
tm-431,28aca5d6-87ab-42df-b721-2962413d53db-001712f7
tm-432,28aca5d6-87ab-42df-b721-2962413d53db-00171321
tm-433,28aca5d6-87ab-42df-b721-2962413d53db-00171345
tm-434,28aca5d6-87ab-42df-b721-2962413d53db-00171391
tm-435,28aca5d6-87ab-42df-b721-2962413d53db-001713d2
tm-436,28aca5d6-87ab-42df-b721-2962413d53db-0017144b
tm-437,28aca5d6-87ab-42df-b721-2962413d53db-0017146a
tm-438,28aca5d6-87ab-42df-b721-2962413d53db-0017148f
tm-439,28aca5d6-87ab-42df-b721-2962413d53db-0017149d
tm-440,28aca5d6-87ab-42df-b721-2962413d53db-001714b8
tm-441,28aca5d6-87ab-42df-b721-2962413d53db-00171508
tm-442,28aca5d6-87ab-42df-b721-2962413d53db-00171553
tm-443,5b26a1c5-4b92-4d46-a781-d8e2ddf05b18-00171603
tm-444,5b26a1c5-4b92-4d46-a781-d8e2ddf05b18-0017160f
tm-445,5b26a1c5-4b92-4d46-a781-d8e2ddf05b18-00171650
tm-446,5b26a1c5-4b92-4d46-a781-d8e2ddf05b18-0017165d
tm-447,5b26a1c5-4b92-4d46-a781-d8e2ddf05b18-00171678
tm-448,5b26a1c5-4b92-4d46-a781-d8e2ddf05b18-001716b3
tm-449,5b26a1c5-4b92-4d46-a781-d8e2ddf05b18-001716c2
tm-450,5b26a1c5-4b92-4d46-a781-d8e2ddf05b18-00171701
tm-451,5b26a1c5-4b92-4d46-a781-d8e2ddf05b18-00171742
tm-452,5b26a1c5-4b92-4d46-a781-d8e2ddf05b18-001717be
tm-453,5b26a1c5-4b92-4d46-a781-d8e2ddf05b18-001717da
tm-454,5b26a1c5-4b92-4d46-a781-d8e2ddf05b18-00171870
tm-455,5b26a1c5-4b92-4d46-a781-d8e2ddf05b18-001718b7
tm-456,5b26a1c5-4b92-4d46-a781-d8e2ddf05b18-001718d2
tm-457,5b26a1c5-4b92-4d46-a781-d8e2ddf05b18-00171903
tm-458,5b26a1c5-4b92-4d46-a781-d8e2ddf05b18-0017192c
tm-459,5b26a1c5-4b92-4d46-a781-d8e2ddf05b18-00171969
tm-460,5b26a1c5-4b92-4d46-a781-d8e2ddf05b18-001719e8
tm-461,5b26a1c5-4b92-4d46-a781-d8e2ddf05b18-001719ed
tm-462,5b26a1c5-4b92-4d46-a781-d8e2ddf05b18-001719fe
tm-463,5b26a1c5-4b92-4d46-a781-d8e2ddf05b18-00171a05
tm-464,5b26a1c5-4b92-4d46-a781-d8e2ddf05b18-00171a5f
tm-465,5b26a1c5-4b92-4d46-a781-d8e2ddf05b18-00171a7c
tm-466,5b26a1c5-4b92-4d46-a781-d8e2ddf05b18-00171ab0
tm-467,5b26a1c5-4b92-4d46-a781-d8e2ddf05b18-00171b10
tm-468,5b26a1c5-4b92-4d46-a781-d8e2ddf05b18-00171b22
tm-469,5b26a1c5-4b92-4d46-a781-d8e2ddf05b18-00171b2f
tm-470,5b26a1c5-4b92-4d46-a781-d8e2ddf05b18-00171b79
tm-471,5b26a1c5-4b92-4d46-a781-d8e2ddf05b18-00171bbc
tm-472,5b26a1c5-4b92-4d46-a781-d8e2ddf05b18-00171c30
tm-473,5b26a1c5-4b92-4d46-a781-d8e2ddf05b18-00171c65
tm-474,5b26a1c5-4b92-4d46-a781-d8e2ddf05b18-00171cbc
tm-475,5b26a1c5-4b92-4d46-a781-d8e2ddf05b18-00171ccc
tm-476,5b26a1c5-4b92-4d46-a781-d8e2ddf05b18-001720f8
tm-477,5b26a1c5-4b92-4d46-a781-d8e2ddf05b18-00172121
tm-478,5b26a1c5-4b92-4d46-a781-d8e2ddf05b18-0017214d
tm-479,5b26a1c5-4b92-4d46-a781-d8e2ddf05b18-0017215a
tm-480,5b26a1c5-4b92-4d46-a781-d8e2ddf05b18-0017217c
tm-481,5b26a1c5-4b92-4d46-a781-d8e2ddf05b18-001721c2
tm-482,5b26a1c5-4b92-4d46-a781-d8e2ddf05b18-001722cc
tm-483,5b26a1c5-4b92-4d46-a781-d8e2ddf05b18-001722df
tm-484,5b26a1c5-4b92-4d46-a781-d8e2ddf05b18-00172304
tm-485,5b26a1c5-4b92-4d46-a781-d8e2ddf05b18-00172396
tm-486,5b26a1c5-4b92-4d46-a781-d8e2ddf05b18-001723af
tm-487,5b26a1c5-4b92-4d46-a781-d8e2ddf05b18-001723bc
tm-488,5b26a1c5-4b92-4d46-a781-d8e2ddf05b18-0017246a
tm-489,5b26a1c5-4b92-4d46-a781-d8e2ddf05b18-001724ba
tm-490,5b26a1c5-4b92-4d46-a781-d8e2ddf05b18-001724c8
tm-491,5b26a1c5-4b92-4d46-a781-d8e2ddf05b18-001724dd
tm-492,5b26a1c5-4b92-4d46-a781-d8e2ddf05b18-00172568
tm-493,5b26a1c5-4b92-4d46-a781-d8e2ddf05b18-00172579
tm-494,5b26a1c5-4b92-4d46-a781-d8e2ddf05b18-00172589
tm-495,5b26a1c5-4b92-4d46-a781-d8e2ddf05b18-001725dd
tm-496,5b26a1c5-4b92-4d46-a781-d8e2ddf05b18-00172654
tm-497,5b26a1c5-4b92-4d46-a781-d8e2ddf05b18-001726d8
tm-498,5b26a1c5-4b92-4d46-a781-d8e2ddf05b18-001726ef
tm-499,5b26a1c5-4b92-4d46-a781-d8e2ddf05b18-0017276e
tm-500,5b26a1c5-4b92-4d46-a781-d8e2ddf05b18-00172e6c
tm-501,5b26a1c5-4b92-4d46-a781-d8e2ddf05b18-00172e90
tm-502,5b26a1c5-4b92-4d46-a781-d8e2ddf05b18-00172eb2
tm-503,5b26a1c5-4b92-4d46-a781-d8e2ddf05b18-00172ece
tm-504,5b26a1c5-4b92-4d46-a781-d8e2ddf05b18-00172ef3
tm-505,5b26a1c5-4b92-4d46-a781-d8e2ddf05b18-00172f3b
tm-506,5b26a1c5-4b92-4d46-a781-d8e2ddf05b18-00172f5c
tm-507,5b26a1c5-4b92-4d46-a781-d8e2ddf05b18-00172f95
tm-508,5b26a1c5-4b92-4d46-a781-d8e2ddf05b18-0017315b
tm-509,cf5bfd8a-8304-4ee2-a220-6994cb7ea6f3-0017764b
