id,name,number,level_id,created_at,updated_at,base_offset,volume,bbox_min_x,bbox_min_y,bbox_min_z,bbox_max_x,bbox_max_y,bbox_max_z,x,y,rotation,system_type,terminal_type
tm-1,"4"" DIA",1,lv-2,,,0,0.001249534933,-10.804525,-8.994134025,4.9022,-10.652125,-8.892534025,5.0546,-10.728325,-8.892534025,270,hvac,
tm-2,48x4 1/4-8 In Inlet 2-Slot,3,lv-2,,,0,0.0378786573,-11.65004273,-3.568292998,4.899025,-10.40544273,-3.415892998,5.1816,-11.02774273,-3.501617998,180,hvac,
tm-3,"12"" x 12""",4,lv-2,,,0,0.001282287758,-10.410825,-2.1844,4.9022,-10.106025,-1.8796,4.9355375,-10.258425,-2.032,180,hvac,
tm-4,"4"" DIA",10,lv-2,,,0,0.001249534933,-6.835775,13.0302,4.826,-6.683375,13.1318,4.9784,-6.759575,13.0302,180,hvac,
tm-5,"12"" x 12""",11,lv-2,,,0,0.001282287758,-10.39495,4.127825,4.9022,-10.09015,4.432625,4.9355375,-10.24255,4.280225,180,hvac,
tm-6,16x10,13,lv-2,,,0.4064,0.005871113762,-12.798425,-3.18918511,2.6495375,-12.74445,-2.90184761,3.0908625,-12.785725,-3.04551636,90,hvac,
tm-7,16x10,14,lv-2,,,0.4064,0.005871113762,-8.773135478,5.56895,2.6495375,-8.485797978,5.622925,3.0908625,-8.629466728,5.58165,120,hvac,
tm-8,16x4 Connection 8 Diameter Duct,15,lv-2,,,2.8956,0.00246868097,-10.3505,10.81054406,5.28955,-10.290175,11.26139406,5.429259695,-10.34415,11.03596906,240,hvac,
tm-9,16x4 Connection 8 Diameter Duct,17,lv-2,,,2.8956,0.00246868097,-10.194925,9.271662702,5.289540305,-10.1346,9.722512702,5.42925,-10.14095,9.497087702,240,hvac,
tm-10,16x4 Connection 8 Diameter Duct,18,lv-2,,,2.8956,0.00246868097,-10.3505,7.652034256,5.28955,-10.290175,8.102884256,5.429259695,-10.34415,7.877459256,240,hvac,
tm-11,"4"" DIA",19,lv-6,,,0,0.001249534933,-4.321175,13.0302,8.9662,-4.168775,13.1318,9.1186,-4.244975,13.0302,180,hvac,
tm-12,16x4 Connection 8 Diameter Duct,21,lv-6,,,3.2004,0.00246868097,-3.422659695,8.562696424,8.93445,-3.28295,9.013546424,8.994775,-3.3528,8.788121424,270,hvac,
tm-13,16x4 Connection 8 Diameter Duct,22,lv-6,,,3.2004,0.00246868097,-3.422659695,9.655694479,8.93445,-3.28295,10.10654448,8.994775,-3.3528,9.881119479,270,hvac,
tm-14,16x4 Connection 8 Diameter Duct,23,lv-6,,,3.2004,0.00246868097,-3.422659695,10.76294557,8.93445,-3.28295,11.21379557,8.994775,-3.3528,10.98837057,270,hvac,
tm-15,16x4 Connection 8 Diameter Duct,26,lv-6,,,-0.5443312644,0.00246868097,-3.603625,6.991461476,5.126218736,-3.152775,7.051786476,5.265928431,-3.3782,7.045436476,180,hvac,
tm-16,16x4 Connection 8 Diameter Duct,27,lv-6,,,-0.5443312644,0.00246868097,-4.899025,6.991461476,5.126218736,-4.448175,7.051786476,5.265928431,-4.6736,7.045436476,180,hvac,
tm-17,"12"" x 12""",28,lv-2,,,0,0.001282287758,-3.5814,4.3942,4.9022,-3.2766,4.699,4.9355375,-3.429,4.5466,180,hvac,
tm-18,16x4 Connection 8 Diameter Duct,29,lv-2,,,2.95,0.00246868097,2.6685875,7.849262997,5.34395,2.7289125,8.300112997,5.483659695,2.7225625,8.074687997,120,hvac,
tm-19,"12"" x 12""",30,lv-2,,,0,0.001282287758,8.3566,5.3975,4.9022,8.6614,5.7023,4.9355375,8.509,5.5499,180,hvac,
tm-20,16x4 Connection 8 Diameter Duct,32,lv-2,,,2.95,0.00246868097,3.990975,8.125703601,5.34395,4.441825,8.186028601,5.483659695,4.2164,8.179678601,180,hvac,
tm-21,16x4 Connection 8 Diameter Duct,33,lv-2,,,2.95,0.00246868097,6.353175,8.125740534,5.34395,6.804025,8.186065534,5.483659695,6.5786,8.179715534,180,hvac,
tm-22,"4"" DIA",36,lv-2,,,0,0.001249534933,4.568825,13.0302,4.826,4.721225,13.1318,4.9784,4.645025,13.0302,180,hvac,
tm-23,"4"" DIA",38,lv-2,,,0,0.001249534933,17.268825,13.0302,4.826,17.421225,13.1318,4.9784,17.345025,13.0302,180,hvac,
tm-24,"12"" x 12""",39,lv-1,,,0,0.001282287758,13.6398,11.4098761,2.7432,13.9446,11.7146761,2.7765375,13.7922,11.5622761,180,hvac,
tm-25,"12"" x 12""",40,lv-1,,,0,0.001282287758,13.6398,9.022276101,2.7432,13.9446,9.327076101,2.7765375,13.7922,9.174676101,180,hvac,
tm-26,16x4 Connection 8 Diameter Duct,41,lv-2,,,2.4384,0.00246868097,15.37383295,4.8006976,4.83235,15.43415795,5.2515476,4.972059695,15.42780795,5.0261226,120,hvac,
tm-27,16x4 Connection 8 Diameter Duct,47,lv-2,,,2.4384,0.00246868097,14.71025795,8.9154976,4.83235,14.77058295,9.3663476,4.972059695,14.71660795,9.1409226,240,hvac,
tm-28,16x4 Connection 8 Diameter Duct,49,lv-2,,,2.4384,0.00246868097,15.37383295,7.5438976,4.83235,15.43415795,7.9947476,4.972059695,15.42780795,7.7693226,120,hvac,
tm-29,"4"" DIA",51,lv-1,,,0,0.001249534933,16.66535061,-8.989840955,5.1562,16.82970827,-8.869217965,5.3086,16.74089871,-8.879164061,90.24508742,hvac,
tm-30,16x4 Connection 8 Diameter Duct,52,lv-2,,,2.3622,0.00246868097,16.93140479,0.092075,4.75615,16.99172979,0.542925,4.895859695,16.93775479,0.3175,240,hvac,
tm-31,16x4 Connection 8 Diameter Duct,53,lv-2,,,2.3622,0.00246868097,16.93140479,-2.651125,4.75615,16.99172979,-2.200275,4.895859695,16.93775479,-2.4257,240,hvac,
tm-32,16x4 Connection 8 Diameter Duct,55,lv-2,,,2.3622,0.00246868097,17.08697979,-1.279525,4.756140305,17.14730479,-0.828675,4.89585,17.14095479,-1.0541,240,hvac,
tm-33,16x4 Connection 8 Diameter Duct,56,lv-2,,,2.3622,0.00246868097,17.25542341,-3.841329332,4.756140305,17.61687872,-3.479874023,4.89585,17.45298905,-3.643763697,98.42105812,hvac,
tm-34,"12"" x 12""",59,lv-10,,,0,0.001282287758,10.9474,11.4681,1.6891,11.2522,11.7729,1.7224375,11.0998,11.6205,180,hvac,
tm-35,"12"" x 12""",60,lv-10,,,0,0.001282287758,8.5598,11.4681,1.6891,8.8646,11.7729,1.7224375,8.7122,11.6205,180,hvac,
tm-36,16x4 Connection 8 Diameter Duct,61,lv-2,,,2.3277,0.00246868097,4.771758851,-4.251325,4.72165,4.832083851,-3.800475,4.861359695,4.778108851,-4.0259,240,hvac,
tm-37,16x4 Connection 8 Diameter Duct,63,lv-2,,,2.3277,0.00246868097,4.771758851,-1.508125,4.72165,4.832083851,-1.057275,4.861359695,4.778108851,-1.2827,240,hvac,
tm-38,16x4 Connection 8 Diameter Duct,64,lv-10,,,2.667,0.00246868097,4.771758851,1.235075,1.54305,4.832083851,1.685925,1.682759695,4.778108851,1.4605,240,hvac,
tm-39,16x4 Connection 8 Diameter Duct,65,lv-10,,,2.667,0.00246868097,4.771758851,3.978275,1.54305,4.832083851,4.429125,1.682759695,4.778108851,4.2037,240,hvac,
tm-40,16x4 Connection 8 Diameter Duct,66,lv-10,,,2.667,0.00246868097,4.771758851,6.721475,1.54305,4.832083851,7.172325,1.682759695,4.778108851,6.9469,240,hvac,
tm-41,16x4 Connection 8 Diameter Duct,67,lv-10,,,2.667,0.00246868097,4.771758851,9.464675,1.54305,4.832083851,9.915525,1.682759695,4.778108851,9.6901,240,hvac,
tm-42,16x4 Connection 8 Diameter Duct,69,lv-2,,,2.3277,0.00246868097,9.311863215,-4.251325,4.72165,9.372188215,-3.800475,4.861359695,9.318213215,-4.0259,240,hvac,
tm-43,16x4 Connection 8 Diameter Duct,71,lv-2,,,2.3277,0.00246868097,9.312065327,-1.508125,4.72165,9.372390327,-1.057275,4.861359695,9.318415327,-1.2827,240,hvac,
tm-44,16x4 Connection 8 Diameter Duct,72,lv-10,,,2.667,0.00246868097,9.312033802,1.235075,1.54305,9.372358802,1.685925,1.682759695,9.318383802,1.4605,240,hvac,
tm-45,16x4 Connection 8 Diameter Duct,73,lv-10,,,2.667,0.00246868097,9.311881261,3.978275,1.54305,9.372206261,4.429125,1.682759695,9.318231261,4.2037,240,hvac,
tm-46,16x4 Connection 8 Diameter Duct,74,lv-10,,,2.667,0.00246868097,9.311863215,6.721475,1.54305,9.372188215,7.172325,1.682759695,9.318213215,6.9469,240,hvac,
tm-47,16x4 Connection 8 Diameter Duct,75,lv-10,,,2.667,0.00246868097,9.312033802,9.007475,1.54305,9.372358802,9.458325,1.682759695,9.318383802,9.2329,240,hvac,
tm-48,16x4 Connection 8 Diameter Duct,76,lv-10,,,2.667,0.00246868097,4.927333851,8.093075,1.543040305,4.987658851,8.543925,1.68275,4.981308851,8.3185,240,hvac,
tm-49,16x4 Connection 8 Diameter Duct,77,lv-10,,,2.667,0.00246868097,4.927333851,5.349875,1.543040305,4.987658851,5.800725,1.68275,4.981308851,5.5753,240,hvac,
tm-50,16x4 Connection 8 Diameter Duct,78,lv-10,,,2.667,0.00246868097,4.927333851,2.606675,1.543040305,4.987658851,3.057525,1.68275,4.981308851,2.8321,240,hvac,
tm-51,16x4 Connection 8 Diameter Duct,79,lv-10,,,2.667,0.00246868097,9.467608802,7.864475,1.543040305,9.527933802,8.315325,1.68275,9.521583802,8.0899,240,hvac,
tm-52,16x4 Connection 8 Diameter Duct,80,lv-10,,,2.667,0.00246868097,9.467608802,5.349875,1.543040305,9.527933802,5.800725,1.68275,9.521583802,5.5753,240,hvac,
tm-53,16x4 Connection 8 Diameter Duct,81,lv-10,,,2.667,0.00246868097,9.467608802,2.606675,1.543040305,9.527933802,3.057525,1.68275,9.521583802,2.8321,240,hvac,
tm-54,16x4 Connection 8 Diameter Duct,82,lv-2,,,2.3277,0.00246868097,4.927333851,-2.879725,4.721640305,4.987658851,-2.428875,4.86135,4.981308851,-2.6543,240,hvac,
tm-55,16x4 Connection 8 Diameter Duct,83,lv-2,,,2.3277,0.00246868097,9.467640327,-2.879725,4.721640305,9.527965327,-2.428875,4.86135,9.521615327,-2.6543,240,hvac,
tm-56,16x4 Connection 8 Diameter Duct,86,lv-2,,,1.9177,0.00246868097,1.56986619,-0.3997834858,4.311640305,1.63019119,0.05106651417,4.45135,1.62384119,-0.1743584858,240,hvac,
tm-57,"4"" DIA",94,lv-10,,,0,0.001249534933,2.495283851,-9.527534025,5.1943,2.647683851,-9.425934025,5.3467,2.571483851,-9.425934025,90,hvac,
tm-58,"4"" DIA",95,lv-10,,,0,0.001249534933,8.083283851,-9.527534025,5.1943,8.235683851,-9.425934025,5.3467,8.159483851,-9.425934025,90,hvac,
tm-59,"4"" DIA",98,lv-6,,,0,0.001249534933,-6.861175,13.0302,8.9662,-6.708775,13.1318,9.1186,-6.784975,13.0302,180,hvac,
tm-60,"12"" x 12""",99,lv-6,,,0,0.001035165996,-10.3886,4.041775,8.1788,-10.0838,4.346575,8.2121375,-10.2362,4.194175,180,hvac,
tm-61,16x4 Connection 8 Diameter Duct,100,lv-6,,,3.6576,0.00246868097,-10.02475443,11.0649827,9.328140305,-9.964429427,11.5158327,9.46785,-9.970779427,11.2904077,240,hvac,
tm-62,16x4 Connection 8 Diameter Duct,101,lv-6,,,3.6576,0.00246868097,-10.02475443,7.305675,9.328140305,-9.964429427,7.756525,9.46785,-9.970779427,7.5311,240,hvac,
tm-63,16x4 Connection 8 Diameter Duct,102,lv-6,,,3.6576,0.00246868097,-10.02475443,9.134475,9.328140305,-9.964429427,9.585325,9.46785,-9.970779427,9.3599,240,hvac,
tm-64,16x4 Connection 8 Diameter Duct,103,lv-6,,,3.6576,0.00246868097,-10.18032943,9.134475,9.32815,-10.12000443,9.585325,9.467859695,-10.17397943,9.3599,240,hvac,
tm-65,16x4 Connection 8 Diameter Duct,111,lv-6,,,3.3782,0.00246868097,2.746375,9.748992355,9.04875,3.197225,9.809317355,9.188459695,2.9718,9.755342355,90,hvac,
tm-66,16x4 Connection 8 Diameter Duct,112,lv-6,,,3.3782,0.00246868097,2.746375,9.904567355,9.048740305,3.197225,9.964892355,9.18845,2.9718,9.958542355,90,hvac,
tm-67,16x4 Connection 8 Diameter Duct,113,lv-6,,,3.3782,0.00246868097,4.831421575,9.748992355,9.04875,5.282271575,9.809317355,9.188459695,5.056846575,9.755342355,90,hvac,
tm-68,16x4 Connection 8 Diameter Duct,114,lv-6,,,3.3782,0.00246868097,4.831421575,9.904567355,9.048740305,5.282271575,9.964892355,9.18845,5.056846575,9.958542355,90,hvac,
tm-69,16x4 Connection 8 Diameter Duct,115,lv-6,,,3.3782,0.00246868097,6.861175,9.904567355,9.048740305,7.312025,9.964892355,9.18845,7.0866,9.958542355,90,hvac,
tm-70,16x4 Connection 8 Diameter Duct,116,lv-6,,,3.3782,0.00246868097,6.861175,9.748992355,9.04875,7.312025,9.809317355,9.188459695,7.0866,9.755342355,90,hvac,
tm-71,16x4 Connection 8 Diameter Duct,117,lv-6,,,3.3782,0.00246868097,9.022421575,9.904567355,9.048740305,9.473271575,9.964892355,9.18845,9.247846575,9.958542355,270,hvac,
tm-72,16x4 Connection 8 Diameter Duct,118,lv-6,,,3.3782,0.00246868097,9.022421575,9.748992355,9.04875,9.473271575,9.809317355,9.188459695,9.247846575,9.755342355,90,hvac,
tm-73,"4"" DIA",119,lv-6,,,0,0.001249534933,1.805646575,13.0302,8.8138,1.958046575,13.1318,8.9662,1.881846575,13.0302,180,hvac,
tm-74,16x4 Connection 8 Diameter Duct,120,lv-6,,,3.1623,0.00246868097,4.181032842,7.653052812,8.832840305,4.241357842,8.103902812,8.97255,4.235007842,7.878477812,240,hvac,
tm-75,16x4 Connection 8 Diameter Duct,121,lv-6,,,3.1623,0.00246868097,4.181032842,4.206875,8.83285,4.241357842,4.657725,8.972559695,4.235007842,4.4323,120,hvac,
tm-76,"12"" x 12""",122,lv-6,,,0,0.001282287758,7.7978,5.172075,8.1788,8.1026,5.476875,8.2121375,7.9502,5.324475,180,hvac,
tm-77,16x4 Connection 8 Diameter Duct,127,lv-6,,,3.302,0.00246868097,14.05718298,6.779117355,8.972540305,14.11750798,7.229967355,9.11225,14.11115798,7.004542355,240,hvac,
tm-78,16x4 Connection 8 Diameter Duct,128,lv-6,,,3.302,0.00246868097,14.05718298,8.455517355,8.972540305,14.11750798,8.906367355,9.11225,14.11115798,8.680942355,240,hvac,
tm-79,16x4 Connection 8 Diameter Duct,129,lv-6,,,3.302,0.00246868097,14.05718298,9.827117355,8.972540305,14.11750798,10.27796735,9.11225,14.11115798,10.05254235,240,hvac,
tm-80,16x4 Connection 8 Diameter Duct,130,lv-6,,,3.302,0.00246868097,14.05718298,11.50351735,8.972540305,14.11750798,11.95436735,9.11225,14.11115798,11.72894235,240,hvac,
tm-81,"12"" x 12""",131,lv-6,,,0,0.001984932914,14.246225,4.041775,8.1788,14.551025,4.346575,8.2121375,14.398625,4.194175,180,hvac,
tm-82,16x4 Connection 8 Diameter Duct,132,lv-6,,,3.044697535,0.00246868097,16.29445574,3.617079431,8.715247535,16.35478074,4.067929431,8.85495723,16.34843074,3.842504431,120,hvac,
tm-83,"4"" DIA",133,lv-6,,,0,0.001249534933,13.458825,13.0302,8.9662,13.611225,13.1318,9.1186,13.535025,13.0302,180,hvac,
tm-84,16x4 Connection 8 Diameter Duct,135,lv-6,,,2.856068731,0.00246868097,-29.6005259,-0.9508613565,8.526618731,-29.35866804,-0.5155889476,8.666328426,-29.45792852,-0.7431000349,107.0168769,hvac,
tm-85,16x4 Connection 8 Diameter Duct,136,lv-6,,,2.856068731,0.00246868097,-29.74209313,-0.8863454553,8.526609036,-29.50023527,-0.4510730464,8.666318731,-29.64283265,-0.658834368,107.0168769,hvac,
tm-86,16x4 Connection 8 Diameter Duct,137,lv-6,,,3.2512,0.00246868097,-30.77941559,1.544789929,8.921740305,-30.32856559,1.605114929,9.06145,-30.55399059,1.598764929,90,hvac,
tm-87,16x4 Connection 8 Diameter Duct,138,lv-6,,,3.2512,0.00246868097,-28.11275927,1.544789929,8.921740305,-27.66190927,1.605114929,9.06145,-27.88733427,1.598764929,90,hvac,
tm-88,16x4 Connection 8 Diameter Duct,139,lv-6,,,3.6576,0.00246868097,-26.20406875,3.038475,9.328140305,-26.14374375,3.489325,9.46785,-26.19771875,3.2639,120,hvac,
tm-89,16x4 Connection 8 Diameter Duct,140,lv-6,,,3.6576,0.00246868097,-26.20406875,4.486275,9.328140305,-26.14374375,4.937125,9.46785,-26.19771875,4.7117,120,hvac,
tm-90,16x4 Connection 8 Diameter Duct,141,lv-6,,,3.6576,0.00246868097,-26.04849375,3.768725,9.32815,-25.98816875,4.219575,9.467859695,-25.99451875,3.99415,120,hvac,
tm-91,16x4 Connection 8 Diameter Duct,142,lv-6,,,3.6068,0.00246868097,-25.69199344,8.728075,9.277340305,-25.63166844,9.178925,9.41705,-25.68564344,8.9535,120,hvac,
tm-92,16x4 Connection 8 Diameter Duct,143,lv-6,,,3.6068,0.00246868097,-25.53641844,8.093075,9.27735,-25.47609344,8.543925,9.417059695,-25.48244344,8.3185,120,hvac,
tm-93,16x4 Connection 8 Diameter Duct,144,lv-6,,,2.856068731,0.00246868097,-17.56506616,-0.7944719924,8.526618731,-17.3232083,-0.3591995835,8.666328426,-17.42246877,-0.5867106708,107.0168769,hvac,
tm-94,16x4 Connection 8 Diameter Duct,145,lv-6,,,2.856068731,0.00246868097,-17.70663338,-0.7299560911,8.526609036,-17.46477552,-0.2946836823,8.666318731,-17.6073729,-0.5024450039,107.0168769,hvac,
tm-95,16x4 Connection 8 Diameter Duct,146,lv-6,,,2.856068731,0.00246868097,-23.08684787,-0.7299560911,8.526609036,-22.84499001,-0.2946836823,8.666318731,-22.9875874,-0.5024450039,107.0168769,hvac,
tm-96,16x4 Connection 8 Diameter Duct,147,lv-6,,,2.856068731,0.00246868097,-22.94528065,-0.7944719924,8.526618731,-22.70342279,-0.3591995835,8.666328426,-22.80268327,-0.5867106708,107.0168769,hvac,
tm-97,16x4 Connection 8 Diameter Duct,148,lv-6,,,3.2512,0.00246868097,-24.13210293,1.544789929,8.92175,-23.68125293,1.605114929,9.061459695,-23.90667793,1.598764929,180,hvac,
tm-98,16x4 Connection 8 Diameter Duct,149,lv-6,,,3.2512,0.00246868097,-21.13524662,1.544789929,8.921740305,-20.68439662,1.605114929,9.06145,-20.90982162,1.598764929,90,hvac,
tm-99,16x4 Connection 8 Diameter Duct,150,lv-6,,,3.2512,0.00246868097,-18.30546954,1.544789929,8.921740305,-17.85461954,1.605114929,9.06145,-18.08004454,1.598764929,90,hvac,
tm-100,16x4 Connection 8 Diameter Duct,151,lv-6,,,3.6576,0.00246868097,-18.95464344,3.038475,9.328140305,-18.89431844,3.489325,9.46785,-18.94829344,3.2639,120,hvac,
tm-101,16x4 Connection 8 Diameter Duct,152,lv-6,,,3.6576,0.00246868097,-18.95464344,4.486275,9.328140305,-18.89431844,4.937125,9.46785,-18.94829344,4.7117,120,hvac,
tm-102,16x4 Connection 8 Diameter Duct,153,lv-6,,,3.6576,0.00246868097,-18.79906844,3.768007464,9.32815,-18.73874344,4.218857464,9.467859695,-18.74509344,3.993432464,120,hvac,
tm-103,16x4 Connection 8 Diameter Duct,154,lv-6,,,3.6576,0.00246868097,-18.95464344,8.728075,9.328140305,-18.89431844,9.178925,9.46785,-18.94829344,8.9535,120,hvac,
tm-104,16x4 Connection 8 Diameter Duct,155,lv-6,,,3.6576,0.00246868097,-18.79906844,8.093075,9.32815,-18.73874344,8.543925,9.467859695,-18.74509344,8.3185,120,hvac,
tm-105,16x4 Connection 8 Diameter Duct,156,lv-6,,,3.2512,0.00246868097,-15.83343636,7.188840975,8.921740305,-15.77311136,7.639690975,9.06145,-15.82708636,7.414265975,120,hvac,
tm-106,16x4 Connection 8 Diameter Duct,157,lv-6,,,3.2512,0.00246868097,-15.83343636,5.862137555,8.921740305,-15.77311136,6.312987555,9.06145,-15.82708636,6.087562555,120,hvac,
tm-107,16x4 Connection 8 Diameter Duct,158,lv-6,,,3.2512,0.00246868097,-15.83343636,4.489616406,8.921740305,-15.77311136,4.940466406,9.06145,-15.82708636,4.715041406,120,hvac,
tm-108,16x4 Connection 8 Diameter Duct,159,lv-6,,,3.2512,0.00246868097,-15.83343636,3.168383899,8.921740305,-15.77311136,3.619233899,9.06145,-15.82708636,3.393808899,120,hvac,
tm-109,16x4 Connection 8 Diameter Duct,160,lv-6,,,3.2512,0.00246868097,-15.83343636,1.77426422,8.921740305,-15.77311136,2.22511422,9.06145,-15.82708636,1.99968922,120,hvac,
tm-110,16x4 Connection 8 Diameter Duct,161,lv-6,,,3.2512,0.00246868097,-18.132425,9.444189929,8.921740305,-17.681575,9.504514929,9.06145,-17.907,9.498164929,90,hvac,
tm-111,"4"" DIA",171,lv-6,,,0,0.001249534933,-24.1808,13.0302,8.9662,-24.0284,13.1318,9.1186,-24.1046,13.0302,180,hvac,
tm-112,"4"" DIA",173,lv-6,,,0,0.001249534933,-17.8308,13.0302,8.9662,-17.6784,13.1318,9.1186,-17.7546,13.0302,180,hvac,
tm-113,16x4 Connection 8 Diameter Duct,182,lv-5,,,3.2766,0.00246868097,-26.01595,11.40116245,4.883140305,-25.5651,11.46148745,5.02285,-25.790525,11.40751245,180,hvac,
tm-114,16x4 Connection 8 Diameter Duct,183,lv-5,,,3.2766,0.00246868097,-24.152225,11.40116245,4.883140305,-23.701375,11.46148745,5.02285,-23.9268,11.40751245,180,hvac,
tm-115,16x4 Connection 8 Diameter Duct,184,lv-5,,,3.2766,0.00246868097,-21.643975,11.40116245,4.883140305,-21.193125,11.46148745,5.02285,-21.41855,11.40751245,180,hvac,
tm-116,16x4 Connection 8 Diameter Duct,185,lv-5,,,3.2766,0.00246868097,-19.103975,11.40116245,4.883140305,-18.653125,11.46148745,5.02285,-18.87855,11.40751245,180,hvac,
tm-117,16x4 Connection 8 Diameter Duct,186,lv-5,,,3.2766,0.00246868097,-26.17579724,9.685895925,4.88315,-26.11547224,10.13674592,5.022859695,-26.12182224,9.911320925,120,hvac,
tm-118,16x4 Connection 8 Diameter Duct,187,lv-5,,,3.2766,0.00246868097,-26.17579724,8.093075,4.88315,-26.11547224,8.543925,5.022859695,-26.12182224,8.3185,120,hvac,
tm-119,"4"" DIA",189,lv-5,,,0,0.001249534933,-24.1808,13.0302,4.8768,-24.0284,13.1318,5.0292,-24.1046,13.0302,180,hvac,
tm-120,"4"" DIA",190,lv-5,,,0,0.001249534933,-25.879425,2.571750004,4.8514,-25.727025,2.673350004,5.0038,-25.803225,2.673350004,90,hvac,
tm-121,16x4 Connection 8 Diameter Duct,192,lv-3,,,3.0988,0.00246868097,-25.219025,5.275563122,1.22555,-24.768175,5.335888122,1.365259695,-24.9936,5.281913122,90,hvac,
tm-122,16x4 Connection 8 Diameter Duct,193,lv-3,,,3.0988,0.00246868097,-23.390225,5.275563122,1.22555,-22.939375,5.335888122,1.365259695,-23.1648,5.281913122,90,hvac,
tm-123,16x4 Connection 8 Diameter Duct,194,lv-3,,,3.0988,0.00246868097,-21.561425,5.275563122,1.22555,-21.110575,5.335888122,1.365259695,-21.336,5.281913122,90,hvac,
tm-124,16x4 Connection 8 Diameter Duct,195,lv-3,,,3.0988,0.00246868097,-19.732625,5.275563122,1.22555,-19.281775,5.335888122,1.365259695,-19.5072,5.281913122,90,hvac,
tm-125,16x4 Connection 8 Diameter Duct,196,lv-3,,,3.0988,0.00246868097,-17.903825,5.275563122,1.22555,-17.452975,5.335888122,1.365259695,-17.6784,5.281913122,90,hvac,
tm-126,16x4 Connection 8 Diameter Duct,202,lv-6,,,3.3909,0.00246868097,-12.950825,-7.894596384,9.061440305,-12.499975,-7.834271384,9.20115,-12.7254,-7.840621384,90,hvac,
tm-127,16x4 Connection 8 Diameter Duct,203,lv-6,,,3.3909,0.00246868097,-8.683625,-7.894596384,9.06145,-8.232775,-7.834271384,9.201159695,-8.4582,-7.840621384,180,hvac,
tm-128,16x4 Connection 8 Diameter Duct,204,lv-6,,,3.3909,0.00246868097,-9.902825,-7.894596384,9.06145,-9.451975,-7.834271384,9.201159695,-9.6774,-7.840621384,180,hvac,
tm-129,16x4 Connection 8 Diameter Duct,205,lv-6,,,3.3909,0.00246868097,-11.731625,-7.894596384,9.061440305,-11.280775,-7.834271384,9.20115,-11.5062,-7.840621384,90,hvac,
tm-130,16x4 Connection 8 Diameter Duct,206,lv-6,,,3.3909,0.00246868097,-11.1125,-6.867525,9.06145,-11.052175,-6.416675,9.201159695,-11.058525,-6.6421,120,hvac,
tm-131,16x4 Connection 8 Diameter Duct,207,lv-6,,,3.3909,0.00246868097,-11.1125,-5.521325,9.06145,-11.052175,-5.070475,9.201159695,-11.058525,-5.2959,120,hvac,
tm-132,16x4 Connection 8 Diameter Duct,208,lv-6,,,3.3909,0.00246868097,-11.268075,-5.521325,9.061440305,-11.20775,-5.070475,9.20115,-11.261725,-5.2959,120,hvac,
tm-133,16x4 Connection 8 Diameter Duct,209,lv-6,,,3.3909,0.00246868097,-11.268075,-6.867525,9.061440305,-11.20775,-6.416675,9.20115,-11.261725,-6.6421,120,hvac,
tm-134,"12"" x 12""",214,lv-6,,,0,0.001282287758,-10.760075,-2.1844,8.1788,-10.455275,-1.8796,8.2121375,-10.607675,-2.032,180,hvac,
tm-135,16x4 Connection 8 Diameter Duct,215,lv-6,,,3.2512,0.00246868097,-8.0391,-2.803525,8.921740305,-7.978775,-2.352675,9.06145,-7.985125,-2.5781,240,hvac,
tm-136,16x4 Connection 8 Diameter Duct,216,lv-6,,,3.2512,0.00246868097,-8.0391,-1.406525,8.921740305,-7.978775,-0.955675,9.06145,-7.985125,-1.1811,240,hvac,
tm-137,16x4 Connection 8 Diameter Duct,217,lv-6,,,3.0353,0.00246868097,-13.515975,-2.850053214,8.70585,-13.45565,-2.399203214,8.845559695,-13.509625,-2.624628214,240,hvac,
tm-138,16x4 Connection 8 Diameter Duct,218,lv-6,,,3.0353,0.00246868097,-13.515975,-1.261543117,8.70585,-13.45565,-0.8106931168,8.845559695,-13.509625,-1.036118117,240,hvac,
tm-139,"4"" DIA",220,,,,0,0.001249534933,-8.823325,-8.994134025,8.9662,-8.670925,-8.892534025,9.1186,-8.747125,-8.892534025,90,hvac,
tm-140,16x4 Connection 8 Diameter Duct,221,lv-6,,,3.3909,0.00246868097,3.305175,-7.894596384,9.061440305,3.756025,-7.834271384,9.20115,3.5306,-7.840621384,90,hvac,
tm-141,16x4 Connection 8 Diameter Duct,222,lv-6,,,3.3909,0.00246868097,7.572375,-7.894596384,9.06145,8.023225,-7.834271384,9.201159695,7.7978,-7.840621384,180,hvac,
tm-142,16x4 Connection 8 Diameter Duct,223,lv-6,,,3.3909,0.00246868097,6.353175,-7.894596384,9.06145,6.804025,-7.834271384,9.201159695,6.5786,-7.840621384,180,hvac,
tm-143,16x4 Connection 8 Diameter Duct,224,lv-6,,,3.3909,0.00246868097,4.524375,-7.894596384,9.061440305,4.975225,-7.834271384,9.20115,4.7498,-7.840621384,90,hvac,
tm-144,16x4 Connection 8 Diameter Duct,225,lv-6,,,3.3909,0.00246868097,5.1435,-6.867525,9.06145,5.203825,-6.416675,9.201159695,5.197475,-6.6421,120,hvac,
tm-145,16x4 Connection 8 Diameter Duct,226,lv-6,,,3.3909,0.00246868097,5.1435,-5.521325,9.06145,5.203825,-5.070475,9.201159695,5.197475,-5.2959,120,hvac,
tm-146,16x4 Connection 8 Diameter Duct,227,lv-6,,,3.3909,0.00246868097,4.987925,-5.521325,9.061440305,5.04825,-5.070475,9.20115,4.994275,-5.2959,120,hvac,
tm-147,16x4 Connection 8 Diameter Duct,228,lv-6,,,3.3909,0.00246868097,4.987925,-6.867525,9.061440305,5.04825,-6.416675,9.20115,4.994275,-6.6421,120,hvac,
tm-148,"12"" x 12""",233,lv-6,,,0,0.001282287758,5.5118,-2.1971,8.1788,5.8166,-1.8923,8.2121375,5.6642,-2.0447,180,hvac,
tm-149,16x4 Connection 8 Diameter Duct,234,lv-6,,,3.2512,0.00246868097,8.2169,-2.803525,8.921740305,8.277225,-2.352675,9.06145,8.270875,-2.5781,240,hvac,
tm-150,16x4 Connection 8 Diameter Duct,235,lv-6,,,3.2512,0.00246868097,8.2169,-1.406525,8.921740305,8.277225,-0.955675,9.06145,8.270875,-1.1811,240,hvac,
tm-151,16x4 Connection 8 Diameter Duct,236,lv-6,,,3.0353,0.00246868097,2.740025,-2.850053214,8.70585,2.80035,-2.399203214,8.845559695,2.746375,-2.624628214,240,hvac,
tm-152,16x4 Connection 8 Diameter Duct,237,lv-6,,,3.0353,0.00246868097,2.740025,-1.261543117,8.70585,2.80035,-0.8106931168,8.845559695,2.746375,-1.036118117,240,hvac,
tm-153,16x4 Connection 8 Diameter Duct,241,lv-6,,,3.3909,0.00246868097,9.984510473,-7.894596384,9.06145,10.43536047,-7.834271384,9.201159695,10.20993547,-7.840621384,180,hvac,
tm-154,"4"" DIA",243,lv-6,,,0,0.001249534933,10.8966,-9.603734025,8.7503,11.049,-9.502134025,8.9027,10.9728,-9.502134025,90,hvac,
tm-155,"12"" x 12""",244,lv-6,,,0,0.001282287758,18.72519811,-1.044575,8.1788,19.02999811,-0.739775,8.2121375,18.87759811,-0.892175,180,hvac,
tm-156,16x4 Connection 8 Diameter Duct,245,lv-6,,,3.2512,0.00246868097,16.37072876,-7.655413361,8.921740305,16.82559567,-7.536756716,9.06145,16.59505406,-7.572476258,269.7549126,hvac,
tm-157,16x4 Connection 8 Diameter Duct,246,lv-6,,,3.2512,0.00246868097,14.24851773,-7.934807744,8.921740305,14.70338464,-7.816151099,9.06145,14.47284303,-7.851870641,269.7549126,hvac,
tm-158,16x4 Connection 8 Diameter Duct,247,lv-6,,,3.2512,0.00246868097,18.32811505,-7.397718568,8.921740305,18.78298195,-7.279061923,9.06145,18.55244034,-7.314781465,269.7549126,hvac,
tm-159,16x4 Connection 8 Diameter Duct,248,lv-6,,,3.2512,0.00246868097,19.50370107,-6.626779476,8.921740305,19.56402607,-6.175929476,9.06145,19.51005107,-6.401354476,120,hvac,
tm-160,16x4 Connection 8 Diameter Duct,249,lv-6,,,3.2512,0.00246868097,19.50370107,-5.318520726,8.921740305,19.56402607,-4.867670726,9.06145,19.51005107,-5.093095726,120,hvac,
tm-161,16x4 Connection 8 Diameter Duct,250,lv-6,,,3.2512,0.00246868097,19.50370107,-3.641725,8.921740305,19.56402607,-3.190875,9.06145,19.51005107,-3.4163,120,hvac,
tm-162,"4"" DIA",255,lv-6,,,0,0.001249534933,19.44880093,-8.700250296,8.763,19.61315858,-8.579627306,8.9154,19.52434902,-8.589573402,90.24508742,hvac,
tm-163,"12"" x 12""",256,,,,0,0.001282287758,18.72519811,-1.044575,12.2428,19.02999811,-0.739775,12.2761375,18.87759811,-0.892175,180,hvac,
tm-164,16x4 Connection 8 Diameter Duct,257,lv-7,,,3.2512,0.00246868097,16.37072876,-7.655413361,12.9857403,16.82559567,-7.536756716,13.12545,16.59505406,-7.572476258,269.7549126,hvac,
tm-165,16x4 Connection 8 Diameter Duct,258,lv-7,,,3.2512,0.00246868097,14.24851773,-7.934807744,12.9857403,14.70338464,-7.816151099,13.12545,14.47284303,-7.851870641,269.7549126,hvac,
tm-166,16x4 Connection 8 Diameter Duct,259,lv-7,,,3.2512,0.00246868097,18.32811505,-7.397718568,12.9857403,18.78298195,-7.279061923,13.12545,18.55244034,-7.314781465,269.7549126,hvac,
tm-167,16x4 Connection 8 Diameter Duct,260,lv-7,,,3.2512,0.00246868097,19.50370107,-6.626779476,12.9857403,19.56402607,-6.175929476,13.12545,19.51005107,-6.401354476,120,hvac,
tm-168,16x4 Connection 8 Diameter Duct,261,lv-7,,,3.2512,0.00246868097,19.50370107,-5.318520726,12.9857403,19.56402607,-4.867670726,13.12545,19.51005107,-5.093095726,120,hvac,
tm-169,16x4 Connection 8 Diameter Duct,262,lv-7,,,3.2512,0.00246868097,19.50370107,-3.641725,12.9857403,19.56402607,-3.190875,13.12545,19.51005107,-3.4163,120,hvac,
tm-170,"4"" DIA",267,,,,0,0.001249534933,19.44880093,-8.700250296,12.827,19.61315858,-8.579627306,12.9794,19.52434902,-8.589573402,90.24508742,hvac,
tm-171,16x4 Connection 8 Diameter Duct,268,lv-7,,,3.3909,0.00246868097,3.305175,-7.894596384,13.1254403,3.756025,-7.834271384,13.26515,3.5306,-7.840621384,90,hvac,
tm-172,16x4 Connection 8 Diameter Duct,269,lv-7,,,3.3909,0.00246868097,7.572375,-7.894596384,13.12545,8.023225,-7.834271384,13.2651597,7.7978,-7.840621384,180,hvac,
tm-173,16x4 Connection 8 Diameter Duct,270,lv-7,,,3.3909,0.00246868097,6.353175,-7.894596384,13.12545,6.804025,-7.834271384,13.2651597,6.5786,-7.840621384,180,hvac,
tm-174,16x4 Connection 8 Diameter Duct,271,lv-7,,,3.3909,0.00246868097,4.524375,-7.894596384,13.1254403,4.975225,-7.834271384,13.26515,4.7498,-7.840621384,90,hvac,
tm-175,16x4 Connection 8 Diameter Duct,272,lv-7,,,3.3909,0.00246868097,5.1435,-6.867525,13.12545,5.203825,-6.416675,13.2651597,5.197475,-6.6421,120,hvac,
tm-176,16x4 Connection 8 Diameter Duct,273,lv-7,,,3.3909,0.00246868097,5.1435,-5.521325,13.12545,5.203825,-5.070475,13.2651597,5.197475,-5.2959,120,hvac,
tm-177,16x4 Connection 8 Diameter Duct,274,lv-7,,,3.3909,0.00246868097,4.987925,-5.521325,13.1254403,5.04825,-5.070475,13.26515,4.994275,-5.2959,120,hvac,
tm-178,16x4 Connection 8 Diameter Duct,275,lv-7,,,3.3909,0.00246868097,4.987925,-6.867525,13.1254403,5.04825,-6.416675,13.26515,4.994275,-6.6421,120,hvac,
tm-179,"12"" x 12""",280,,,,0,0.001282287758,5.5118,-2.1971,12.2428,5.8166,-1.8923,12.2761375,5.6642,-2.0447,180,hvac,
tm-180,16x4 Connection 8 Diameter Duct,281,lv-7,,,3.2512,0.00246868097,8.2169,-2.803525,12.9857403,8.277225,-2.352675,13.12545,8.270875,-2.5781,240,hvac,
tm-181,16x4 Connection 8 Diameter Duct,282,lv-7,,,3.2512,0.00246868097,8.2169,-1.406525,12.9857403,8.277225,-0.955675,13.12545,8.270875,-1.1811,240,hvac,
tm-182,16x4 Connection 8 Diameter Duct,283,lv-7,,,3.0353,0.00246868097,2.740025,-2.850053214,12.76985,2.80035,-2.399203214,12.9095597,2.746375,-2.624628214,240,hvac,
tm-183,16x4 Connection 8 Diameter Duct,284,lv-7,,,3.0353,0.00246868097,2.740025,-1.261543117,12.76985,2.80035,-0.8106931168,12.9095597,2.746375,-1.036118117,240,hvac,
tm-184,16x4 Connection 8 Diameter Duct,285,lv-7,,,3.3909,0.00246868097,8.785800093,-7.894596384,13.12545,9.236650093,-7.834271384,13.2651597,9.011225093,-7.840621384,180,hvac,
tm-185,16x4 Connection 8 Diameter Duct,286,lv-7,,,3.3909,0.00246868097,10.00281892,-7.894596384,13.12545,10.45366892,-7.834271384,13.2651597,10.22824392,-7.840621384,180,hvac,
tm-186,"4"" DIA",288,,,,0,0.001249534933,10.8966,-9.603734025,12.8143,11.049,-9.502134025,12.9667,10.9728,-9.502134025,90,hvac,
tm-187,16x4 Connection 8 Diameter Duct,289,lv-7,,,3.3909,0.00246868097,-12.950825,-7.894596384,13.1254403,-12.499975,-7.834271384,13.26515,-12.7254,-7.840621384,90,hvac,
tm-188,16x4 Connection 8 Diameter Duct,290,lv-7,,,3.3909,0.00246868097,-8.683625,-7.894596384,13.12545,-8.232775,-7.834271384,13.2651597,-8.4582,-7.840621384,180,hvac,
tm-189,16x4 Connection 8 Diameter Duct,291,lv-7,,,3.3909,0.00246868097,-9.902825,-7.894596384,13.12545,-9.451975,-7.834271384,13.2651597,-9.6774,-7.840621384,180,hvac,
tm-190,16x4 Connection 8 Diameter Duct,292,lv-7,,,3.3909,0.00246868097,-11.731625,-7.894596384,13.1254403,-11.280775,-7.834271384,13.26515,-11.5062,-7.840621384,90,hvac,
tm-191,16x4 Connection 8 Diameter Duct,293,lv-7,,,3.3909,0.00246868097,-11.1125,-6.867525,13.12545,-11.052175,-6.416675,13.2651597,-11.058525,-6.6421,120,hvac,
tm-192,16x4 Connection 8 Diameter Duct,294,lv-7,,,3.3909,0.00246868097,-11.1125,-5.521325,13.12545,-11.052175,-5.070475,13.2651597,-11.058525,-5.2959,120,hvac,
tm-193,16x4 Connection 8 Diameter Duct,295,lv-7,,,3.3909,0.00246868097,-11.268075,-5.521325,13.1254403,-11.20775,-5.070475,13.26515,-11.261725,-5.2959,120,hvac,
tm-194,16x4 Connection 8 Diameter Duct,296,lv-7,,,3.3909,0.00246868097,-11.268075,-6.867525,13.1254403,-11.20775,-6.416675,13.26515,-11.261725,-6.6421,120,hvac,
tm-195,"12"" x 12""",301,,,,0,0.001282287758,-10.760075,-2.1844,12.2428,-10.455275,-1.8796,12.2761375,-10.607675,-2.032,180,hvac,
tm-196,16x4 Connection 8 Diameter Duct,302,lv-7,,,3.2512,0.00246868097,-8.0391,-2.803525,12.9857403,-7.978775,-2.352675,13.12545,-7.985125,-2.5781,240,hvac,
tm-197,16x4 Connection 8 Diameter Duct,303,lv-7,,,3.2512,0.00246868097,-8.0391,-1.406525,12.9857403,-7.978775,-0.955675,13.12545,-7.985125,-1.1811,240,hvac,
tm-198,16x4 Connection 8 Diameter Duct,304,lv-7,,,3.0353,0.00246868097,-13.515975,-2.850053214,12.76985,-13.45565,-2.399203214,12.9095597,-13.509625,-2.624628214,240,hvac,
tm-199,16x4 Connection 8 Diameter Duct,305,lv-7,,,3.0353,0.00246868097,-13.515975,-1.261543117,12.76985,-13.45565,-0.8106931168,12.9095597,-13.509625,-1.036118117,240,hvac,
tm-200,"4"" DIA",307,,,,0,0.001249534933,-8.823325,-8.994134025,13.0302,-8.670925,-8.892534025,13.1826,-8.747125,-8.892534025,90,hvac,
tm-201,16x4 Connection 8 Diameter Duct,308,lv-7,,,2.856068731,0.00246868097,-29.6005259,-0.9508613565,12.59061873,-29.35866804,-0.5155889476,12.73032843,-29.45792852,-0.7431000349,107.0168769,hvac,
tm-202,16x4 Connection 8 Diameter Duct,309,lv-7,,,2.856068731,0.00246868097,-29.74209313,-0.8863454553,12.59060904,-29.50023527,-0.4510730464,12.73031873,-29.64283265,-0.658834368,107.0168769,hvac,
tm-203,16x4 Connection 8 Diameter Duct,310,lv-7,,,3.2512,0.00246868097,-30.77941559,1.544789929,12.9857403,-30.32856559,1.605114929,13.12545,-30.55399059,1.598764929,90,hvac,
tm-204,16x4 Connection 8 Diameter Duct,311,lv-7,,,3.2512,0.00246868097,-28.11275927,1.544789929,12.9857403,-27.66190927,1.605114929,13.12545,-27.88733427,1.598764929,90,hvac,
tm-205,16x4 Connection 8 Diameter Duct,312,lv-7,,,3.6576,0.00246868097,-26.20406875,3.038475,13.3921403,-26.14374375,3.489325,13.53185,-26.19771875,3.2639,120,hvac,
tm-206,16x4 Connection 8 Diameter Duct,313,lv-7,,,3.6576,0.00246868097,-26.20406875,4.486275,13.3921403,-26.14374375,4.937125,13.53185,-26.19771875,4.7117,120,hvac,
tm-207,16x4 Connection 8 Diameter Duct,314,lv-7,,,3.6576,0.00246868097,-26.04849375,3.768725,13.39215,-25.98816875,4.219575,13.5318597,-25.99451875,3.99415,120,hvac,
tm-208,16x4 Connection 8 Diameter Duct,315,lv-7,,,3.6068,0.00246868097,-25.69199344,8.728075,13.3413403,-25.63166844,9.178925,13.48105,-25.68564344,8.9535,120,hvac,
tm-209,16x4 Connection 8 Diameter Duct,316,lv-7,,,3.6068,0.00246868097,-25.53641844,8.093075,13.34135,-25.47609344,8.543925,13.4810597,-25.48244344,8.3185,120,hvac,
tm-210,16x4 Connection 8 Diameter Duct,317,lv-7,,,2.856068731,0.00246868097,-17.56506616,-0.7944719924,12.59061873,-17.3232083,-0.3591995835,12.73032843,-17.42246877,-0.5867106708,107.0168769,hvac,
tm-211,16x4 Connection 8 Diameter Duct,318,lv-7,,,2.856068731,0.00246868097,-17.70663338,-0.7299560911,12.59060904,-17.46477552,-0.2946836823,12.73031873,-17.6073729,-0.5024450039,107.0168769,hvac,
tm-212,16x4 Connection 8 Diameter Duct,319,lv-7,,,2.856068731,0.00246868097,-23.08684787,-0.7299560911,12.59060904,-22.84499001,-0.2946836823,12.73031873,-22.9875874,-0.5024450039,107.0168769,hvac,
tm-213,16x4 Connection 8 Diameter Duct,320,lv-7,,,2.856068731,0.00246868097,-22.94528065,-0.7944719924,12.59061873,-22.70342279,-0.3591995835,12.73032843,-22.80268327,-0.5867106708,107.0168769,hvac,
tm-214,16x4 Connection 8 Diameter Duct,321,lv-7,,,3.2512,0.00246868097,-24.13210293,1.544789929,12.98575,-23.68125293,1.605114929,13.1254597,-23.90667793,1.598764929,180,hvac,
tm-215,16x4 Connection 8 Diameter Duct,322,lv-7,,,3.2512,0.00246868097,-21.13524662,1.544789929,12.9857403,-20.68439662,1.605114929,13.12545,-20.90982162,1.598764929,90,hvac,
tm-216,16x4 Connection 8 Diameter Duct,323,lv-7,,,3.2512,0.00246868097,-18.30546954,1.544789929,12.9857403,-17.85461954,1.605114929,13.12545,-18.08004454,1.598764929,90,hvac,
tm-217,16x4 Connection 8 Diameter Duct,324,lv-7,,,3.6576,0.00246868097,-18.95464344,3.038475,13.3921403,-18.89431844,3.489325,13.53185,-18.94829344,3.2639,120,hvac,
tm-218,16x4 Connection 8 Diameter Duct,325,lv-7,,,3.6576,0.00246868097,-18.95464344,4.486275,13.3921403,-18.89431844,4.937125,13.53185,-18.94829344,4.7117,120,hvac,
tm-219,16x4 Connection 8 Diameter Duct,326,lv-7,,,3.6576,0.00246868097,-18.79906844,3.768007464,13.39215,-18.73874344,4.218857464,13.5318597,-18.74509344,3.993432464,120,hvac,
tm-220,16x4 Connection 8 Diameter Duct,327,lv-7,,,3.6576,0.00246868097,-18.95464344,8.728075,13.3921403,-18.89431844,9.178925,13.53185,-18.94829344,8.9535,120,hvac,
tm-221,16x4 Connection 8 Diameter Duct,328,lv-7,,,3.6576,0.00246868097,-18.79906844,8.093075,13.39215,-18.73874344,8.543925,13.5318597,-18.74509344,8.3185,120,hvac,
tm-222,"4"" DIA",343,,,,0,0.001249534933,-24.1808,13.0302,13.0302,-24.0284,13.1318,13.1826,-24.1046,13.0302,180,hvac,
tm-223,"4"" DIA",345,,,,0,0.001249534933,-17.8308,13.0302,13.0302,-17.6784,13.1318,13.1826,-17.7546,13.0302,180,hvac,
tm-224,"4"" DIA",347,,,,0,0.001249534933,-6.861175,13.0302,13.0302,-6.708775,13.1318,13.1826,-6.784975,13.0302,180,hvac,
tm-225,"12"" x 12""",348,,,,0,0.001035165996,-10.3886,4.041775,12.2428,-10.0838,4.346575,12.2761375,-10.2362,4.194175,180,hvac,
tm-226,16x4 Connection 8 Diameter Duct,349,lv-7,,,3.6576,0.00246868097,-10.02475443,11.0649827,13.3921403,-9.964429427,11.5158327,13.53185,-9.970779427,11.2904077,240,hvac,
tm-227,16x4 Connection 8 Diameter Duct,350,lv-7,,,3.6576,0.00246868097,-10.02475443,7.305675,13.3921403,-9.964429427,7.756525,13.53185,-9.970779427,7.5311,240,hvac,
tm-228,16x4 Connection 8 Diameter Duct,351,lv-7,,,3.6576,0.00246868097,-10.02475443,9.134475,13.3921403,-9.964429427,9.585325,13.53185,-9.970779427,9.3599,240,hvac,
tm-229,16x4 Connection 8 Diameter Duct,352,lv-7,,,3.6576,0.00246868097,-10.18032943,9.134475,13.39215,-10.12000443,9.585325,13.5318597,-10.17397943,9.3599,240,hvac,
tm-230,16x4 Connection 8 Diameter Duct,367,lv-7,,,3.3782,0.00246868097,2.746375,9.748992355,13.11275,3.197225,9.809317355,13.2524597,2.9718,9.755342355,90,hvac,
tm-231,16x4 Connection 8 Diameter Duct,368,lv-7,,,3.3782,0.00246868097,2.746375,9.904567355,13.1127403,3.197225,9.964892355,13.25245,2.9718,9.958542355,90,hvac,
tm-232,16x4 Connection 8 Diameter Duct,369,lv-7,,,3.3782,0.00246868097,4.831421575,9.748992355,13.11275,5.282271575,9.809317355,13.2524597,5.056846575,9.755342355,90,hvac,
tm-233,16x4 Connection 8 Diameter Duct,370,lv-7,,,3.3782,0.00246868097,4.831421575,9.904567355,13.1127403,5.282271575,9.964892355,13.25245,5.056846575,9.958542355,90,hvac,
tm-234,16x4 Connection 8 Diameter Duct,371,lv-7,,,3.3782,0.00246868097,6.861175,9.904567355,13.1127403,7.312025,9.964892355,13.25245,7.0866,9.958542355,90,hvac,
tm-235,16x4 Connection 8 Diameter Duct,372,lv-7,,,3.3782,0.00246868097,6.861175,9.748992355,13.11275,7.312025,9.809317355,13.2524597,7.0866,9.755342355,90,hvac,
tm-236,16x4 Connection 8 Diameter Duct,373,lv-7,,,3.3782,0.00246868097,9.022421575,9.904567355,13.1127403,9.473271575,9.964892355,13.25245,9.247846575,9.958542355,270,hvac,
tm-237,16x4 Connection 8 Diameter Duct,374,lv-7,,,3.3782,0.00246868097,9.022421575,9.748992355,13.11275,9.473271575,9.809317355,13.2524597,9.247846575,9.755342355,90,hvac,
tm-238,"4"" DIA",375,,,,0,0.001249534933,1.805646575,13.0302,12.8778,1.958046575,13.1318,13.0302,1.881846575,13.0302,180,hvac,
tm-239,16x4 Connection 8 Diameter Duct,376,lv-7,,,3.1623,0.00246868097,4.181032842,7.653052812,12.8968403,4.241357842,8.103902812,13.03655,4.235007842,7.878477812,240,hvac,
tm-240,16x4 Connection 8 Diameter Duct,377,lv-7,,,3.1623,0.00246868097,4.181032842,4.206875,12.89685,4.241357842,4.657725,13.0365597,4.235007842,4.4323,120,hvac,
tm-241,"12"" x 12""",378,,,,0,0.001282287758,7.7978,5.172075,12.2428,8.1026,5.476875,12.2761375,7.9502,5.324475,180,hvac,
tm-242,16x4 Connection 8 Diameter Duct,383,lv-7,,,3.302,0.00246868097,14.05718298,6.779117355,13.0365403,14.11750798,7.229967355,13.17625,14.11115798,7.004542355,240,hvac,
tm-243,16x4 Connection 8 Diameter Duct,384,lv-7,,,3.302,0.00246868097,14.05718298,8.455517355,13.0365403,14.11750798,8.906367355,13.17625,14.11115798,8.680942355,240,hvac,
tm-244,16x4 Connection 8 Diameter Duct,385,lv-7,,,3.302,0.00246868097,14.05718298,9.827117355,13.0365403,14.11750798,10.27796735,13.17625,14.11115798,10.05254235,240,hvac,
tm-245,16x4 Connection 8 Diameter Duct,386,lv-7,,,3.302,0.00246868097,14.05718298,11.50351735,13.0365403,14.11750798,11.95436735,13.17625,14.11115798,11.72894235,240,hvac,
tm-246,"12"" x 12""",387,,,,0,0.001984932914,14.246225,4.041775,12.2428,14.551025,4.346575,12.2761375,14.398625,4.194175,180,hvac,
tm-247,16x4 Connection 8 Diameter Duct,388,lv-7,,,3.044697535,0.00246868097,16.29445574,3.617079431,12.77924753,16.35478074,4.067929431,12.91895723,16.34843074,3.842504431,120,hvac,
tm-248,"4"" DIA",389,,,,0,0.001249534933,13.458825,13.0302,13.0302,13.611225,13.1318,13.1826,13.535025,13.0302,180,hvac,
tm-249,16x4 Connection 8 Diameter Duct,391,lv-8,,,2.856068731,0.00246868097,-29.45306099,-0.6272791286,16.65461873,-29.21120313,-0.1920067197,16.79432843,-29.3104636,-0.419517807,107.0168769,hvac,
tm-250,16x4 Connection 8 Diameter Duct,392,lv-8,,,2.856068731,0.00246868097,-29.59462821,-0.5627632273,16.65460904,-29.35277035,-0.1274908185,16.79431873,-29.49536773,-0.3352521401,107.0168769,hvac,
tm-251,16x4 Connection 8 Diameter Duct,393,lv-8,,,3.2512,0.00246868097,-30.77941559,1.544789929,17.0497403,-30.32856559,1.605114929,17.18945,-30.55399059,1.598764929,90,hvac,
tm-252,16x4 Connection 8 Diameter Duct,394,lv-8,,,3.2512,0.00246868097,-28.11275927,1.544789929,17.0497403,-27.66190927,1.605114929,17.18945,-27.88733427,1.598764929,90,hvac,
tm-253,16x4 Connection 8 Diameter Duct,395,lv-8,,,3.6576,0.00246868097,-26.20406875,3.038475,17.4561403,-26.14374375,3.489325,17.59585,-26.19771875,3.2639,120,hvac,
tm-254,16x4 Connection 8 Diameter Duct,396,lv-8,,,3.6576,0.00246868097,-26.20406875,4.486275,17.4561403,-26.14374375,4.937125,17.59585,-26.19771875,4.7117,120,hvac,
tm-255,16x4 Connection 8 Diameter Duct,397,lv-8,,,3.6576,0.00246868097,-26.04849375,3.768725,17.45615,-25.98816875,4.219575,17.5958597,-25.99451875,3.99415,120,hvac,
tm-256,16x4 Connection 8 Diameter Duct,398,lv-8,,,3.6068,0.00246868097,-25.69199344,8.728075,17.4053403,-25.63166844,9.178925,17.54505,-25.68564344,8.9535,120,hvac,
tm-257,16x4 Connection 8 Diameter Duct,399,lv-8,,,3.6068,0.00246868097,-25.53641844,8.093075,17.40535,-25.47609344,8.543925,17.5450597,-25.48244344,8.3185,120,hvac,
tm-258,16x4 Connection 8 Diameter Duct,400,lv-8,,,2.856068731,0.00246868097,-17.33333557,-0.2859856342,16.65461873,-17.09147771,0.1492867746,16.79432843,-17.19073819,-0.07822431262,107.0168769,hvac,
tm-259,16x4 Connection 8 Diameter Duct,401,lv-8,,,2.856068731,0.00246868097,-17.4749028,-0.221469733,16.65460904,-17.23304494,0.2138026759,16.79431873,-17.37564232,0.006041354285,107.0168769,hvac,
tm-260,16x4 Connection 8 Diameter Duct,402,lv-8,,,2.856068731,0.00246868097,-22.94991617,-0.4294868795,16.65460904,-22.7080583,0.005785529341,16.79431873,-22.85065569,-0.2019757922,107.0168769,hvac,
tm-261,16x4 Connection 8 Diameter Duct,403,lv-8,,,2.856068731,0.00246868097,-22.80834894,-0.4940027807,16.65461873,-22.56649108,-0.05873037189,16.79432843,-22.66575156,-0.2862414591,107.0168769,hvac,
tm-262,16x4 Connection 8 Diameter Duct,404,lv-8,,,3.2512,0.00246868097,-24.13210293,1.544789929,17.04975,-23.68125293,1.605114929,17.1894597,-23.90667793,1.598764929,180,hvac,
tm-263,16x4 Connection 8 Diameter Duct,405,lv-8,,,3.2512,0.00246868097,-21.13524662,1.544789929,17.0497403,-20.68439662,1.605114929,17.18945,-20.90982162,1.598764929,90,hvac,
tm-264,16x4 Connection 8 Diameter Duct,406,lv-8,,,3.2512,0.00246868097,-18.30546954,1.544789929,17.0497403,-17.85461954,1.605114929,17.18945,-18.08004454,1.598764929,90,hvac,
tm-265,16x4 Connection 8 Diameter Duct,407,lv-8,,,3.6576,0.00246868097,-18.95464344,3.038475,17.4561403,-18.89431844,3.489325,17.59585,-18.94829344,3.2639,120,hvac,
tm-266,16x4 Connection 8 Diameter Duct,408,lv-8,,,3.6576,0.00246868097,-18.95464344,4.486275,17.4561403,-18.89431844,4.937125,17.59585,-18.94829344,4.7117,120,hvac,
tm-267,16x4 Connection 8 Diameter Duct,409,lv-8,,,3.6576,0.00246868097,-18.79906844,3.768007464,17.45615,-18.73874344,4.218857464,17.5958597,-18.74509344,3.993432464,120,hvac,
tm-268,16x4 Connection 8 Diameter Duct,410,lv-8,,,3.6576,0.00246868097,-18.95464344,8.728075,17.4561403,-18.89431844,9.178925,17.59585,-18.94829344,8.9535,120,hvac,
tm-269,16x4 Connection 8 Diameter Duct,411,lv-8,,,3.6576,0.00246868097,-18.79906844,8.093075,17.45615,-18.73874344,8.543925,17.5958597,-18.74509344,8.3185,120,hvac,
tm-270,"4"" DIA",426,,,,0,0.001249534933,-24.1808,13.0302,17.0942,-24.0284,13.1318,17.2466,-24.1046,13.0302,180,hvac,
tm-271,"4"" DIA",428,,,,0,0.001249534933,-17.8308,13.0302,17.0942,-17.6784,13.1318,17.2466,-17.7546,13.0302,180,hvac,
tm-272,"4"" DIA",430,,,,0,0.001249534933,-6.861175,13.0302,17.0942,-6.708775,13.1318,17.2466,-6.784975,13.0302,180,hvac,
tm-273,"12"" x 12""",431,,,,0,0.001035165996,-10.3886,4.041775,16.3068,-10.0838,4.346575,16.3401375,-10.2362,4.194175,180,hvac,
tm-274,16x4 Connection 8 Diameter Duct,432,lv-8,,,3.6576,0.00246868097,-10.02475443,11.0649827,17.4561403,-9.964429427,11.5158327,17.59585,-9.970779427,11.2904077,240,hvac,
tm-275,16x4 Connection 8 Diameter Duct,433,lv-8,,,3.6576,0.00246868097,-10.02475443,7.305675,17.4561403,-9.964429427,7.756525,17.59585,-9.970779427,7.5311,240,hvac,
tm-276,16x4 Connection 8 Diameter Duct,434,lv-8,,,3.6576,0.00246868097,-10.02475443,9.134475,17.4561403,-9.964429427,9.585325,17.59585,-9.970779427,9.3599,240,hvac,
tm-277,16x4 Connection 8 Diameter Duct,435,lv-8,,,3.6576,0.00246868097,-10.18032943,9.134475,17.45615,-10.12000443,9.585325,17.5958597,-10.17397943,9.3599,240,hvac,
tm-278,16x4 Connection 8 Diameter Duct,443,lv-8,,,3.3782,0.00246868097,2.746375,9.748992355,17.17675,3.197225,9.809317355,17.3164597,2.9718,9.755342355,90,hvac,
tm-279,16x4 Connection 8 Diameter Duct,444,lv-8,,,3.3782,0.00246868097,2.746375,9.904567355,17.1767403,3.197225,9.964892355,17.31645,2.9718,9.958542355,90,hvac,
tm-280,16x4 Connection 8 Diameter Duct,445,lv-8,,,3.3782,0.00246868097,4.831421575,9.748992355,17.17675,5.282271575,9.809317355,17.3164597,5.056846575,9.755342355,90,hvac,
tm-281,16x4 Connection 8 Diameter Duct,446,lv-8,,,3.3782,0.00246868097,4.831421575,9.904567355,17.1767403,5.282271575,9.964892355,17.31645,5.056846575,9.958542355,90,hvac,
tm-282,16x4 Connection 8 Diameter Duct,447,lv-8,,,3.3782,0.00246868097,6.861175,9.904567355,17.1767403,7.312025,9.964892355,17.31645,7.0866,9.958542355,90,hvac,
tm-283,16x4 Connection 8 Diameter Duct,448,lv-8,,,3.3782,0.00246868097,6.861175,9.748992355,17.17675,7.312025,9.809317355,17.3164597,7.0866,9.755342355,90,hvac,
tm-284,16x4 Connection 8 Diameter Duct,449,lv-8,,,3.3782,0.00246868097,9.022421575,9.904567355,17.1767403,9.473271575,9.964892355,17.31645,9.247846575,9.958542355,270,hvac,
tm-285,16x4 Connection 8 Diameter Duct,450,lv-8,,,3.3782,0.00246868097,9.022421575,9.748992355,17.17675,9.473271575,9.809317355,17.3164597,9.247846575,9.755342355,90,hvac,
tm-286,"4"" DIA",451,,,,0,0.001249534933,1.805646575,13.0302,16.9418,1.958046575,13.1318,17.0942,1.881846575,13.0302,180,hvac,
tm-287,16x4 Connection 8 Diameter Duct,452,lv-8,,,3.1623,0.00246868097,4.181032842,7.653052812,16.9608403,4.241357842,8.103902812,17.10055,4.235007842,7.878477812,240,hvac,
tm-288,16x4 Connection 8 Diameter Duct,453,lv-8,,,3.1623,0.00246868097,4.181032842,4.206875,16.96085,4.241357842,4.657725,17.1005597,4.235007842,4.4323,120,hvac,
tm-289,"12"" x 12""",454,,,,0,0.001282287758,7.7978,5.172075,16.3068,8.1026,5.476875,16.3401375,7.9502,5.324475,180,hvac,
tm-290,16x4 Connection 8 Diameter Duct,459,lv-8,,,3.302,0.00246868097,14.05718298,6.779117355,17.1005403,14.11750798,7.229967355,17.24025,14.11115798,7.004542355,240,hvac,
tm-291,16x4 Connection 8 Diameter Duct,460,lv-8,,,3.302,0.00246868097,14.05718298,8.455517355,17.1005403,14.11750798,8.906367355,17.24025,14.11115798,8.680942355,240,hvac,
tm-292,16x4 Connection 8 Diameter Duct,461,lv-8,,,3.302,0.00246868097,14.05718298,9.827117355,17.1005403,14.11750798,10.27796735,17.24025,14.11115798,10.05254235,240,hvac,
tm-293,16x4 Connection 8 Diameter Duct,462,lv-8,,,3.302,0.00246868097,14.05718298,11.50351735,17.1005403,14.11750798,11.95436735,17.24025,14.11115798,11.72894235,240,hvac,
tm-294,"12"" x 12""",463,,,,0,0.001984932914,14.246225,4.041775,16.3068,14.551025,4.346575,16.3401375,14.398625,4.194175,180,hvac,
tm-295,16x4 Connection 8 Diameter Duct,464,lv-8,,,3.044697535,0.00246868097,16.29445574,3.617079431,16.84324753,16.35478074,4.067929431,16.98295723,16.34843074,3.842504431,120,hvac,
tm-296,"4"" DIA",465,,,,0,0.001249534933,13.458825,13.0302,17.0942,13.611225,13.1318,17.2466,13.535025,13.0302,180,hvac,
tm-297,"4"" DIA",467,,,,0,0.001249534933,-4.321175,13.0302,17.0942,-4.168775,13.1318,17.2466,-4.244975,13.0302,180,hvac,
tm-298,16x4 Connection 8 Diameter Duct,469,lv-8,,,3.2004,0.00246868097,-3.422659695,8.562696424,17.06245,-3.28295,9.013546424,17.122775,-3.3528,8.788121424,270,hvac,
tm-299,16x4 Connection 8 Diameter Duct,470,lv-8,,,3.2004,0.00246868097,-3.422659695,9.655694479,17.06245,-3.28295,10.10654448,17.122775,-3.3528,9.881119479,270,hvac,
tm-300,16x4 Connection 8 Diameter Duct,471,lv-8,,,3.2004,0.00246868097,-3.422659695,10.76294557,17.06245,-3.28295,11.21379557,17.122775,-3.3528,10.98837057,270,hvac,
tm-301,16x4 Connection 8 Diameter Duct,474,lv-8,,,-0.9652,0.00246868097,-3.603625,6.991461476,12.83335,-3.152775,7.051786476,12.9730597,-3.3782,7.045436476,180,hvac,
tm-302,16x4 Connection 8 Diameter Duct,475,lv-8,,,-0.9652,0.00246868097,-4.899025,6.991461476,12.83335,-4.448175,7.051786476,12.9730597,-4.6736,7.045436476,180,hvac,
tm-303,"12"" x 12""",476,,,,0,0.001282287758,-3.5814,4.3942,12.2428,-3.2766,4.699,12.2761375,-3.429,4.5466,180,hvac,
tm-304,16x4 Connection 8 Diameter Duct,477,lv-10,,,3.098414344,0.00246868097,-9.675379545,-5.539978267,1.974454649,-9.224529545,-5.479653267,2.114164344,-9.449954545,-5.486003267,90,hvac,
tm-305,16x4 Connection 8 Diameter Duct,478,lv-10,,,3.098414344,0.00246868097,-9.675379545,-5.695553267,1.974464344,-9.224529545,-5.635228267,2.114174039,-9.449954545,-5.689203267,90,hvac,
tm-306,16x4 Connection 8 Diameter Duct,480,lv-10,,,3.048,0.00246868097,-10.92950455,-0.003152119825,1.92405,-10.86917955,0.4476978802,2.063759695,-10.92315455,0.2222728802,240,hvac,
tm-307,16x4 Connection 8 Diameter Duct,481,lv-10,,,3.048,0.00246868097,-10.92950455,-2.74635212,1.92405,-10.86917955,-2.29550212,2.063759695,-10.92315455,-2.52092712,240,hvac,
tm-308,16x4 Connection 8 Diameter Duct,482,lv-10,,,3.048,0.00246868097,-10.92950455,-1.37475212,1.92405,-10.86917955,-0.9239021198,2.063759695,-10.92315455,-1.14932712,240,hvac,
tm-309,16x4 Connection 8 Diameter Duct,483,lv-10,,,3.048,0.00246868097,-10.77392955,-1.37475212,1.924040305,-10.71360455,-0.9239021198,2.06375,-10.71995455,-1.14932712,240,hvac,
tm-310,16x4 Connection 8 Diameter Duct,484,lv-10,,,3.048,0.00246868097,-10.77392955,-2.74635212,1.924040305,-10.71360455,-2.29550212,2.06375,-10.71995455,-2.52092712,240,hvac,
tm-311,16x4 Connection 8 Diameter Duct,485,lv-10,,,3.048,0.00246868097,-10.77392955,-0.003152119825,1.924040305,-10.71360455,0.4476978802,2.06375,-10.71995455,0.2222728802,240,hvac,
tm-312,16x4 Connection 8 Diameter Duct,486,lv-6,,,-3.696085656,0.00246868097,-10.92950455,-5.171304414,1.974464344,-10.86917955,-4.720454414,2.114174039,-10.92315455,-4.945879414,240,hvac,
tm-313,16x4 Connection 8 Diameter Duct,487,lv-6,,,-3.696085656,0.00246868097,-10.77392955,-5.171304414,1.974454649,-10.71360455,-4.720454414,2.114164344,-10.71995455,-4.945879414,240,hvac,
tm-314,16x4 Connection 8 Diameter Duct,495,lv-10,,,3.2385,0.00246868097,-10.53262955,2.755746559,2.11455,-10.47230455,3.206596559,2.254259695,-10.47865455,2.981171559,120,hvac,
tm-315,16x4 Connection 8 Diameter Duct,496,lv-10,,,3.2385,0.00246868097,-10.68820455,2.755746559,2.114540305,-10.62787955,3.206596559,2.25425,-10.68185455,2.981171559,120,hvac,
tm-316,16x4 Connection 8 Diameter Duct,497,lv-10,,,3.2385,0.00246868097,-10.53262955,4.127346559,2.11455,-10.47230455,4.578196559,2.254259695,-10.47865455,4.352771559,120,hvac,
tm-317,16x4 Connection 8 Diameter Duct,498,lv-10,,,3.2385,0.00246868097,-10.68820455,4.127346559,2.114540305,-10.62787955,4.578196559,2.25425,-10.68185455,4.352771559,120,hvac,
tm-318,16x4 Connection 8 Diameter Duct,499,lv-10,,,3.2385,0.00246868097,-10.53262955,1.384146559,2.11455,-10.47230455,1.834996559,2.254259695,-10.47865455,1.609571559,120,hvac,
tm-319,16x4 Connection 8 Diameter Duct,500,lv-10,,,3.2385,0.00246868097,-10.68820455,1.384146559,2.114540305,-10.62787955,1.834996559,2.25425,-10.68185455,1.609571559,120,hvac,
tm-320,"12"" x 12""",501,lv-10,,,0,0.001282287758,-11.2014,9.637466059,1.6891,-10.8966,9.942266059,1.7224375,-11.049,9.789866059,180,hvac,
tm-321,"12"" x 12""",502,lv-10,,,0,0.001282287758,-11.2014,7.444847706,1.6891,-10.8966,7.749647706,1.7224375,-11.049,7.597247706,180,hvac,
tm-322,"4"" DIA",504,lv-10,,,0,0.001249534933,-7.864259668,11.2252125,1.2573,-7.711859668,11.3268125,1.4097,-7.788059668,11.2252125,180,hvac,
tm-323,"4"" DIA",505,lv-6,,,0,0.001249534933,-5.4102,-8.969375,8.4328,-5.2578,-8.867775,8.5852,-5.334,-8.867775,270,hvac,
tm-324,16x4 Connection 8 Diameter Duct,511,lv-6,,,-2.9718,0.00246868097,-5.843542206,-4.376513135,2.543175,-5.783217206,-4.23680344,2.994025,-5.789567206,-4.30665344,90,hvac,
tm-325,16x4 Connection 8 Diameter Duct,515,lv-6,,,-1.143,0.00246868097,-5.843542435,-4.376513135,4.371975,-5.783217435,-4.23680344,4.822825,-5.789567435,-4.30665344,90,hvac,
tm-326,16x4 Connection 8 Diameter Duct,516,lv-6,,,0.6858,0.00246868097,-5.843649863,-4.376513135,6.200775,-5.783324863,-4.23680344,6.651625,-5.789674863,-4.30665344,90,hvac,
tm-327,16x4 Connection 8 Diameter Duct,517,lv-6,,,2.5146,0.00246868097,-5.843649863,-4.376513135,8.029575,-5.783324863,-4.23680344,8.480425,-5.789674863,-4.30665344,90,hvac,
tm-328,"4"" DIA",533,lv-3,,,0,0.001249534933,-23.8506,13.0302,0.6604,-23.6982,13.1318,0.8128,-23.7744,13.0302,180,hvac,
tm-329,"12"" x 12""",534,lv-10,,,0,0.002136171859,-5.1927125,4.403725,1.6891,-4.8879125,4.708525,1.7224375,-5.0403125,4.556125,180,hvac,
tm-330,"12"" x 12""",535,lv-10,,,0,0.002059649106,-5.1927125,2.0447,1.6891,-4.8879125,2.3495,1.7224375,-5.0403125,2.1971,180,hvac,
tm-331,16x4 Connection 8 Diameter Duct,536,lv-10,,,3.0226,0.00246868097,-2.84700016,3.279775,1.904824729,-2.72490233,3.730625,2.055979374,-2.765326592,3.5052,255.5224878,hvac,
tm-332,16x4 Connection 8 Diameter Duct,537,lv-10,,,3.0226,0.00246868097,-2.846995313,1.370548853,1.904833126,-2.724897483,1.821398853,2.055987771,-2.765326592,1.595973853,104.4775122,hvac,
tm-333,16x4 Connection 8 Diameter Duct,538,lv-10,,,3.0734,0.00246868097,-2.981727215,6.973676147,1.955624729,-2.859629385,7.424526147,2.106779374,-2.941302954,7.199101147,104.4775122,hvac,
tm-334,16x4 Connection 8 Diameter Duct,539,lv-10,,,3.0734,0.00246868097,-2.846995313,7.407275,1.955633126,-2.724897483,7.858125,2.106787771,-2.765326592,7.6327,104.4775122,hvac,
tm-335,"4"" DIA",543,lv-10,,,0,0.001249534933,-2.934372545,11.2252125,1.257303335,-2.781972545,11.3268125,1.409703335,-2.858172545,11.2252125,180,hvac,
tm-336,"4"" DIA",544,lv-6,,,0,0.001249534933,-13.18375455,-8.717909025,1.5367,-13.03135455,-8.616309025,1.6891,-13.10755455,-8.616309025,270,hvac,
tm-337,"4"" DIA",547,lv-10,,,0,0.001249534933,-7.594433214,-8.736959025,1.5113,-7.442033214,-8.635359025,1.6637,-7.518233214,-8.635359025,90,hvac,
tm-338,"4"" DIA",548,lv-10,,,0,0.001249534933,6.362433851,-9.533884025,5.1943,6.514833851,-9.432284025,5.3467,6.438633851,-9.432284025,270,hvac,
tm-339,"4"" DIA",549,lv-10,,,0,0.001249534933,11.99563568,-9.533884025,5.1943,12.14803568,-9.432284025,5.3467,12.07183568,-9.432284025,90,hvac,
tm-340,"4"" DIA",550,lv-2,,,0,0.001249534933,20.55689319,-8.483914449,5.1562,20.72125084,-8.36329146,5.3086,20.63244128,-8.373237555,90.24508742,hvac,
tm-341,16x4 Connection 8 Diameter Duct,552,lv-2,,,2.3622,0.00246868097,19.83069135,-4.034088006,4.75615,20.28154135,-3.973763006,4.895859695,20.05611635,-3.980113006,180,hvac,
tm-342,16x4 Connection 8 Diameter Duct,553,lv-2,,,2.3622,0.00246868097,18.75166226,-4.189663006,4.756140305,19.20251226,-4.129338006,4.89585,18.97708726,-4.183313006,180,hvac,
tm-343,16x4 Connection 8 Diameter Duct,554,lv-2,,,2.3277,0.00246868097,11.94580473,-2.038457339,4.72165,12.00612973,-1.587607339,4.861359695,11.95215473,-1.813032339,240,hvac,
tm-344,16x4 Connection 8 Diameter Duct,555,lv-2,,,2.3277,0.00246868097,11.94580473,-0.796925,4.72165,12.00612973,-0.346075,4.861359695,11.95215473,-0.5715,240,hvac,
tm-345,16x4 Connection 8 Diameter Duct,556,lv-2,,,2.3277,0.00246868097,11.94580473,-3.387725,4.72165,12.00612973,-2.936875,4.861359695,11.95215473,-3.1623,240,hvac,
tm-346,16x4 Connection 8 Diameter Duct,557,lv-2,,,2.3277,0.00246868097,10.62986207,-4.64345,4.721640305,11.08071207,-4.583125,4.86135,10.85528707,-4.6371,180,hvac,
tm-347,16x4 Connection 8 Diameter Duct,558,lv-2,,,1.9177,0.00246868097,1.56986619,-1.785205045,4.311640305,1.63019119,-1.334355045,4.45135,1.62384119,-1.559780045,240,hvac,
tm-348,16x4 Connection 8 Diameter Duct,559,lv-2,,,1.9177,0.00246868097,1.56986619,-3.159125,4.311640305,1.63019119,-2.708275,4.45135,1.62384119,-2.9337,240,hvac,
tm-349,16x4 Connection 8 Diameter Duct,560,lv-2,,,1.9177,0.00246868097,3.509483851,-4.64345,4.311640305,3.960333851,-4.583125,4.45135,3.734908851,-4.6371,180,hvac,
tm-350,"4"" DIA",561,lv-2,,,0,0.001249534933,13.458825,13.0302,4.826,13.611225,13.1318,4.9784,13.535025,13.0302,180,hvac,
tm-351,16x4 Connection 8 Diameter Duct,562,lv-2,,,2.4384,0.00246868097,14.71025795,6.238875,4.83235,14.77058295,6.689725,4.972059695,14.71660795,6.4643,240,hvac,
tm-352,"4"" DIA",563,lv-2,,,0,0.001249534933,2.028825,13.0302,4.826,2.181225,13.1318,4.9784,2.105025,13.0302,180,hvac,
tm-353,"4"" DIA",564,lv-2,,,0,0.001249534933,-11.636375,13.0302,4.826,-11.483975,13.1318,4.9784,-11.560175,13.0302,180,hvac,
tm-354,"4"" DIA",565,lv-5,,,0,0.001249534933,-29.2608,13.0302,4.8768,-29.1084,13.1318,5.0292,-29.1846,13.0302,180,hvac,
tm-355,"4"" DIA",566,lv-2,,,0,0.001249534933,-12.785725,-8.994134025,4.9022,-12.633325,-8.892534025,5.0546,-12.709525,-8.892534025,90,hvac,
tm-356,"4"" DIA",567,lv-6,,,0,0.001249534933,-28.2956,13.0302,8.9662,-28.1432,13.1318,9.1186,-28.2194,13.0302,180,hvac,
tm-357,"4"" DIA",568,lv-6,,,0,0.001249534933,-21.7932,13.0302,8.9662,-21.6408,13.1318,9.1186,-21.717,13.0302,180,hvac,
tm-358,"4"" DIA",569,lv-6,,,0,0.001249534933,-10.671175,13.0302,8.9662,-10.518775,13.1318,9.1186,-10.594975,13.0302,180,hvac,
tm-359,"4"" DIA",570,lv-6,,,0,0.001249534933,-0.511175,13.0302,8.9662,-0.358775,13.1318,9.1186,-0.434975,13.0302,180,hvac,
tm-360,"4"" DIA",571,lv-6,,,0,0.001249534933,9.648825,13.0302,8.8138,9.801225,13.1318,8.9662,9.725025,13.0302,180,hvac,
tm-361,"4"" DIA",572,lv-6,,,0,0.001249534933,17.268825,13.0302,8.9662,17.421225,13.1318,9.1186,17.345025,13.0302,180,hvac,
tm-362,"4"" DIA",573,lv-6,,,0,0.001249534933,15.7721268,-9.184293627,8.763,15.93648446,-9.063670637,8.9154,15.8476749,-9.073616733,90.24508742,hvac,
tm-363,"4"" DIA",574,lv-6,,,0,0.001249534933,3.6068,-9.603734025,8.7503,3.7592,-9.502134025,8.9027,3.683,-9.502134025,90,hvac,
tm-364,"4"" DIA",575,lv-6,,,0,0.001249534933,0.1778,-8.969375,8.4328,0.3302,-8.867775,8.5852,0.254,-8.867775,90,hvac,
tm-365,"4"" DIA",576,lv-6,,,0,0.001249534933,-12.785725,-8.994134025,8.9662,-12.633325,-8.892534025,9.1186,-12.709525,-8.892534025,90,hvac,
tm-366,16x4 Connection 8 Diameter Duct,577,lv-6,,,3.6068,0.00246868097,-26.91321907,8.542522436,9.27735,-26.55176376,8.903977745,9.417059695,-26.74932939,8.740088071,211.3997148,hvac,
tm-367,16x4 Connection 8 Diameter Duct,578,lv-6,,,3.6068,0.00246868097,-27.21530625,7.057651057,9.27735,-27.15498125,7.508501057,9.417059695,-27.16133125,7.283076057,120,hvac,
tm-368,16x4 Connection 8 Diameter Duct,579,lv-6,,,3.2512,0.00246868097,-28.711525,5.276663073,8.92175,-28.260675,5.336988073,9.061459695,-28.4861,5.283013073,90,hvac,
tm-369,16x4 Connection 8 Diameter Duct,580,lv-6,,,3.2512,0.00246868097,-30.32624547,5.276663073,8.92175,-29.87539547,5.336988073,9.061459695,-30.10082047,5.283013073,90,hvac,
tm-370,16x4 Connection 8 Diameter Duct,581,lv-6,,,3.2512,0.00246868097,-31.988125,5.276663073,8.92175,-31.537275,5.336988073,9.061459695,-31.7627,5.283013073,90,hvac,
tm-371,16x4 Connection 8 Diameter Duct,582,lv-6,,,3.2512,0.00246868097,-33.11831481,4.771710593,8.92175,-32.7568595,5.133165902,9.061459695,-32.92074918,4.935600267,98.42105812,hvac,
tm-372,16x4 Connection 8 Diameter Duct,583,lv-6,,,3.2512,0.00246868097,-33.32213698,3.648075,8.92175,-33.26181198,4.098925,9.061459695,-33.26816198,3.8735,120,hvac,
tm-373,16x4 Connection 8 Diameter Duct,584,lv-6,,,3.2512,0.00246868097,-33.32213698,2.054972706,8.92175,-33.26181198,2.505822706,9.061459695,-33.26816198,2.280397706,120,hvac,
tm-374,16x4 Connection 8 Diameter Duct,585,lv-6,,,3.2512,0.00246868097,-14.58591793,-6.566540806,8.92175,-14.52559293,-6.115690806,9.061459695,-14.53194293,-6.341115806,120,hvac,
tm-375,16x4 Connection 8 Diameter Duct,586,lv-6,,,3.2512,0.00246868097,-14.58591793,-7.731125,8.92175,-14.52559293,-7.280275,9.061459695,-14.53194293,-7.5057,120,hvac,
tm-376,16x4 Connection 8 Diameter Duct,587,lv-6,,,3.2512,0.00246868097,-14.58591793,-5.394325,8.92175,-14.52559293,-4.943475,9.061459695,-14.53194293,-5.1689,120,hvac,
tm-377,16x4 Connection 8 Diameter Duct,588,lv-6,,,3.2512,0.00246868097,-13.789025,-4.335295584,8.92175,-13.338175,-4.274970584,9.061459695,-13.5636,-4.328945584,90,hvac,
tm-378,16x4 Connection 8 Diameter Duct,589,lv-6,,,3.2512,0.00246868097,-12.57311123,-4.335295584,8.92175,-12.12226123,-4.274970584,9.061459695,-12.34768623,-4.328945584,90,hvac,
tm-379,16x4 Connection 8 Diameter Duct,590,lv-2,,,0.3048,0.00246868097,0.7236076097,-4.376513135,2.543175,0.7839326097,-4.23680344,2.994025,0.7299576097,-4.30665344,90,hvac,
tm-380,16x4 Connection 8 Diameter Duct,591,lv-2,,,2.1336,0.00246868097,0.7236076097,-4.376513135,4.371975,0.7839326097,-4.23680344,4.822825,0.7299576097,-4.30665344,90,hvac,
tm-381,16x4 Connection 8 Diameter Duct,592,lv-2,,,3.9624,0.00246868097,0.7236076097,-4.376513135,6.200775,0.7839326097,-4.23680344,6.651625,0.7299576097,-4.30665344,90,hvac,
tm-382,16x4 Connection 8 Diameter Duct,593,lv-2,,,5.7912,0.00246868097,0.7236076097,-4.376513135,8.029575,0.7839326097,-4.23680344,8.480425,0.7299576097,-4.30665344,90,hvac,
tm-383,16x4 Connection 8 Diameter Duct,594,lv-6,,,3.2512,0.00246868097,1.670082072,-7.46227844,8.92175,1.730407072,-7.01142844,9.061459695,1.724057072,-7.23685344,120,hvac,
tm-384,16x4 Connection 8 Diameter Duct,595,lv-6,,,3.2512,0.00246868097,1.670082072,-5.648325,8.92175,1.730407072,-5.197475,9.061459695,1.724057072,-5.4229,120,hvac,
tm-385,16x4 Connection 8 Diameter Duct,596,lv-6,,,3.2512,0.00246868097,3.028576147,-4.335295584,8.92175,3.479426147,-4.274970584,9.061459695,3.254001147,-4.328945584,90,hvac,
tm-386,16x4 Connection 8 Diameter Duct,597,lv-6,,,3.2512,0.00246868097,16.05247607,-6.080125,8.92175,16.11280107,-5.629275,9.061459695,16.10645107,-5.8547,120,hvac,
tm-387,16x4 Connection 8 Diameter Duct,598,lv-6,,,3.2512,0.00246868097,16.05247607,-4.403725,8.92175,16.11280107,-3.952875,9.061459695,16.10645107,-4.1783,120,hvac,
tm-388,16x4 Connection 8 Diameter Duct,599,lv-6,,,3.2512,0.00246868097,17.32882607,-3.47345,8.92175,17.77967607,-3.413125,9.061459695,17.55425107,-3.4671,90,hvac,
tm-389,16x4 Connection 8 Diameter Duct,600,lv-6,,,3.5052,0.00246868097,16.767175,6.336618594,9.175740305,17.218025,6.396943594,9.31545,16.9926,6.390593594,270,hvac,
tm-390,16x4 Connection 8 Diameter Duct,601,lv-6,,,3.5052,0.00246868097,18.41072655,6.624590585,9.17575,18.77218185,6.986045894,9.315459695,18.57461622,6.82215622,211.3997148,hvac,
tm-391,16x4 Connection 8 Diameter Duct,602,lv-6,,,3.5052,0.00246868097,18.8875255,7.75682496,9.17575,19.00618214,8.211691869,9.315459695,18.92324504,7.981150259,244.2314462,hvac,
tm-392,16x4 Connection 8 Diameter Duct,603,lv-6,,,3.5052,0.00246868097,18.44803355,11.09509772,9.17575,18.5666902,11.54996463,9.315459695,18.4837531,11.31942302,244.2314462,hvac,
tm-393,16x4 Connection 8 Diameter Duct,604,lv-6,,,3.5052,0.00246868097,18.66455624,9.450444602,9.17575,18.78321289,9.90531151,9.315459695,18.70027579,9.674769901,244.2314462,hvac,
tm-394,16x4 Connection 8 Diameter Duct,605,lv-6,,,3.393248872,0.00246868097,9.543495428,7.814167355,9.063798872,9.994345428,7.874492355,9.203508567,9.768920428,7.868142355,180,hvac,
tm-395,16x4 Connection 8 Diameter Duct,606,lv-6,,,3.393248872,0.00246868097,10.83558159,7.991085511,9.063789177,11.1970369,8.35254082,9.203498872,10.99947127,8.188651146,98.42105812,hvac,
tm-396,16x4 Connection 8 Diameter Duct,607,lv-6,,,3.393248872,0.00246868097,11.31363006,9.061014275,9.063798872,11.37395506,9.511864275,9.203508567,11.31998006,9.286439275,240,hvac,
tm-397,16x4 Connection 8 Diameter Duct,608,lv-6,,,3.393248872,0.00246868097,11.31363006,10.60557765,9.063798872,11.37395506,11.05642765,9.203508567,11.31998006,10.83100265,240,hvac,
tm-398,16x4 Connection 8 Diameter Duct,609,lv-6,,,3.200410995,0.00246868097,-2.308225,9.05006357,8.934460995,-1.857375,9.189773265,8.994785995,-2.0828,9.11991357,180,hvac,
tm-399,16x4 Connection 8 Diameter Duct,610,lv-6,,,3.200628185,0.00246868097,-0.352425,9.05006357,8.934678185,0.098425,9.189773265,8.995003185,-0.127,9.11991357,180,hvac,
tm-400,16x4 Connection 8 Diameter Duct,611,lv-6,,,3.3528,0.00246868097,-8.494404427,6.995508849,9.02335,-8.043554427,7.055833849,9.163059695,-8.268979427,7.049483849,180,hvac,
tm-401,16x4 Connection 8 Diameter Duct,612,lv-6,,,3.3528,0.00246868097,-7.081529427,7.541117355,9.02335,-7.021204427,7.991967355,9.163059695,-7.075179427,7.766542355,240,hvac,
tm-402,16x4 Connection 8 Diameter Duct,613,lv-6,,,3.3528,0.00246868097,-7.081529427,11.039475,9.02335,-7.021204427,11.490325,9.163059695,-7.075179427,11.2649,240,hvac,
tm-403,16x4 Connection 8 Diameter Duct,614,lv-6,,,3.3528,0.00246868097,-7.081529427,9.32628144,9.02335,-7.021204427,9.77713144,9.163059695,-7.075179427,9.55170644,240,hvac,
tm-404,"4"" DIA",615,lv-7,,,0,0.001249534933,-12.785725,-8.994134025,13.0302,-12.633325,-8.892534025,13.1826,-12.709525,-8.892534025,270,hvac,
tm-405,16x4 Connection 8 Diameter Duct,616,lv-7,,,3.2512,0.00246868097,-14.58591793,-6.566540806,12.98575,-14.52559293,-6.115690806,13.1254597,-14.53194293,-6.341115806,120,hvac,
tm-406,16x4 Connection 8 Diameter Duct,617,lv-7,,,3.2512,0.00246868097,-14.58591793,-5.521325,12.98575,-14.52559293,-5.070475,13.1254597,-14.53194293,-5.2959,120,hvac,
tm-407,16x4 Connection 8 Diameter Duct,618,lv-7,,,3.2512,0.00246868097,-14.58591793,-7.604125,12.98575,-14.52559293,-7.153275,13.1254597,-14.53194293,-7.3787,120,hvac,
tm-408,16x4 Connection 8 Diameter Duct,619,lv-7,,,3.2512,0.00246868097,-13.22742385,-4.335295584,12.98575,-12.77657385,-4.274970584,13.1254597,-13.00199885,-4.328945584,90,hvac,
tm-409,"4"" DIA",620,lv-7,,,0,0.001249534933,3.6068,-9.603734025,12.8143,3.7592,-9.502134025,12.9667,3.683,-9.502134025,90,hvac,
tm-410,"4"" DIA",621,lv-7,,,0,0.001249534933,16.06543175,-9.152084092,12.827,16.22978941,-9.031461102,12.9794,16.14097985,-9.041407198,90.24508742,hvac,
tm-411,16x4 Connection 8 Diameter Duct,622,lv-7,,,3.2512,0.00246868097,16.05247607,-6.080125,12.98575,16.11280107,-5.629275,13.1254597,16.10645107,-5.8547,120,hvac,
tm-412,16x4 Connection 8 Diameter Duct,623,lv-7,,,3.2512,0.00246868097,16.05247607,-4.411143117,12.98575,16.11280107,-3.960293117,13.1254597,16.10645107,-4.185718117,120,hvac,
tm-413,16x4 Connection 8 Diameter Duct,624,lv-7,,,3.2512,0.00246868097,17.32882607,-3.47345,12.98575,17.77967607,-3.413125,13.1254597,17.55425107,-3.4671,90,hvac,
tm-414,16x4 Connection 8 Diameter Duct,625,lv-7,,,3.5052,0.00246868097,18.66455624,9.450444602,13.23975,18.78321289,9.90531151,13.3794597,18.70027579,9.674769901,244.2314462,hvac,
tm-415,16x4 Connection 8 Diameter Duct,626,lv-7,,,3.5052,0.00246868097,18.43961256,11.15906148,13.23975,18.55826921,11.61392838,13.3794597,18.47533211,11.38338678,244.2314462,hvac,
tm-416,16x4 Connection 8 Diameter Duct,627,lv-7,,,3.5052,0.00246868097,18.87217924,7.873391345,13.23975,18.99083589,8.328258254,13.3794597,18.90789879,8.097716645,244.2314462,hvac,
tm-417,16x4 Connection 8 Diameter Duct,628,lv-7,,,3.5052,0.00246868097,16.31881038,6.336618594,13.2397403,16.76966038,6.396943594,13.37945,16.54423538,6.390593594,270,hvac,
tm-418,"4"" DIA",629,lv-7,,,0,0.001249534933,17.268825,13.03655,13.0302,17.421225,13.13815,13.1826,17.345025,13.03655,180,hvac,
tm-419,16x4 Connection 8 Diameter Duct,630,lv-7,,,3.393248872,0.00246868097,11.31363006,10.81579246,13.12779887,11.37395506,11.26664246,13.26750857,11.31998006,11.04121746,240,hvac,
tm-420,16x4 Connection 8 Diameter Duct,631,lv-7,,,3.393248872,0.00246868097,11.31363006,8.905875,13.12779887,11.37395506,9.356725,13.26750857,11.31998006,9.1313,240,hvac,
tm-421,16x4 Connection 8 Diameter Duct,632,lv-7,,,3.393248872,0.00246868097,9.543495428,7.814167355,13.12779887,9.994345428,7.874492355,13.26750857,9.768920428,7.868142355,180,hvac,
tm-422,"4"" DIA",633,lv-7,,,0,0.001249534933,9.648825,13.03655,12.8778,9.801225,13.13815,13.0302,9.725025,13.03655,180,hvac,
tm-423,16x4 Connection 8 Diameter Duct,634,lv-7,,,3.3528,0.00246868097,-8.494404427,6.995508849,13.08735,-8.043554427,7.055833849,13.2270597,-8.268979427,7.049483849,180,hvac,
tm-424,16x4 Connection 8 Diameter Duct,635,lv-7,,,3.3528,0.00246868097,-7.081529427,7.479040407,13.08735,-7.021204427,7.929890407,13.2270597,-7.075179427,7.704465407,240,hvac,
tm-425,16x4 Connection 8 Diameter Duct,636,lv-7,,,3.3528,0.00246868097,-7.081529427,9.32628144,13.08735,-7.021204427,9.77713144,13.2270597,-7.075179427,9.55170644,240,hvac,
tm-426,16x4 Connection 8 Diameter Duct,637,lv-7,,,3.3528,0.00246868097,-7.081529427,11.0649827,13.08735,-7.021204427,11.5158327,13.2270597,-7.075179427,11.2904077,240,hvac,
tm-427,"4"" DIA",638,lv-7,,,0,0.001249534933,-10.671175,13.03655,13.0302,-10.518775,13.13815,13.1826,-10.594975,13.03655,180,hvac,
tm-428,16x4 Connection 8 Diameter Duct,639,lv-7,,,3.2512,0.00246868097,-18.03460867,9.288614929,12.98575,-17.58375867,9.348939929,13.1254597,-17.80918367,9.294964929,90,hvac,
tm-429,16x4 Connection 8 Diameter Duct,640,lv-7,,,3.2512,0.00246868097,-16.43351186,8.688539435,12.9857403,-16.07205655,9.049994744,13.12545,-16.26962218,8.852429109,148.6002852,hvac,
tm-430,16x4 Connection 8 Diameter Duct,641,lv-7,,,3.2512,0.00246868097,-15.83343636,7.027258849,12.9857403,-15.77311136,7.478108849,13.12545,-15.82708636,7.252683849,120,hvac,
tm-431,16x4 Connection 8 Diameter Duct,642,lv-7,,,3.2512,0.00246868097,-15.83343636,1.666875,12.9857403,-15.77311136,2.117725,13.12545,-15.82708636,1.8923,120,hvac,
tm-432,16x4 Connection 8 Diameter Duct,643,lv-7,,,3.2512,0.00246868097,-15.83343636,3.768007464,12.9857403,-15.77311136,4.218857464,13.12545,-15.82708636,3.993432464,120,hvac,
tm-433,16x4 Connection 8 Diameter Duct,644,lv-7,,,3.2512,0.00246868097,-15.83343636,5.353880024,12.9857403,-15.77311136,5.804730024,13.12545,-15.82708636,5.579305024,120,hvac,
tm-434,"4"" DIA",645,lv-7,,,0,0.001249534933,-21.7932,13.03655,13.0302,-21.6408,13.13815,13.1826,-21.717,13.03655,180,hvac,
tm-435,"4"" DIA",646,lv-7,,,0,0.001249534933,-28.2956,13.03655,13.0302,-28.1432,13.13815,13.1826,-28.2194,13.03655,180,hvac,
tm-436,16x4 Connection 8 Diameter Duct,647,lv-7,,,3.6068,0.00246868097,-26.91321907,8.542522436,13.34135,-26.55176376,8.903977745,13.4810597,-26.74932939,8.740088071,211.3997148,hvac,
tm-437,16x4 Connection 8 Diameter Duct,648,lv-7,,,3.6068,0.00246868097,-27.21530625,7.057651057,13.34135,-27.15498125,7.508501057,13.4810597,-27.16133125,7.283076057,120,hvac,
tm-438,16x4 Connection 8 Diameter Duct,649,lv-7,,,3.2512,0.00246868097,-30.32624547,5.276663073,12.98575,-29.87539547,5.336988073,13.1254597,-30.10082047,5.283013073,90,hvac,
tm-439,16x4 Connection 8 Diameter Duct,650,lv-7,,,3.2512,0.00246868097,-28.660725,5.276663073,12.98575,-28.209875,5.336988073,13.1254597,-28.4353,5.283013073,90,hvac,
tm-440,16x4 Connection 8 Diameter Duct,651,lv-7,,,3.2512,0.00246868097,-31.96034375,5.276663073,12.98575,-31.50949375,5.336988073,13.1254597,-31.73491875,5.283013073,90,hvac,
tm-441,16x4 Connection 8 Diameter Duct,652,lv-7,,,3.2512,0.00246868097,-33.32213698,3.768725,12.98575,-33.26181198,4.219575,13.1254597,-33.26816198,3.99415,120,hvac,
tm-442,16x4 Connection 8 Diameter Duct,653,lv-7,,,3.2512,0.00246868097,-33.32213698,2.054972706,12.98575,-33.26181198,2.505822706,13.1254597,-33.26816198,2.280397706,120,hvac,
tm-443,16x4 Connection 8 Diameter Duct,654,lv-8,,,3.2512,0.00246868097,-33.32213698,1.882027294,17.04975,-33.26181198,2.332877294,17.1894597,-33.26816198,2.107452294,120,hvac,
tm-444,16x4 Connection 8 Diameter Duct,655,lv-8,,,3.2512,0.00246868097,-33.32213698,3.768725,17.04975,-33.26181198,4.219575,17.1894597,-33.26816198,3.99415,120,hvac,
tm-445,16x4 Connection 8 Diameter Duct,656,lv-8,,,3.2512,0.00246868097,-32.165925,5.276663073,17.04975,-31.715075,5.336988073,17.1894597,-31.9405,5.283013073,90,hvac,
tm-446,16x4 Connection 8 Diameter Duct,657,lv-8,,,3.2512,0.00246868097,-28.508325,5.276663073,17.04975,-28.057475,5.336988073,17.1894597,-28.2829,5.283013073,90,hvac,
tm-447,16x4 Connection 8 Diameter Duct,658,lv-8,,,3.2512,0.00246868097,-30.32624547,5.276663073,17.04975,-29.87539547,5.336988073,17.1894597,-30.10082047,5.283013073,90,hvac,
tm-448,16x4 Connection 8 Diameter Duct,659,lv-8,,,3.6068,0.00246868097,-27.21530625,7.057651057,17.40535,-27.15498125,7.508501057,17.5450597,-27.16133125,7.283076057,120,hvac,
tm-449,16x4 Connection 8 Diameter Duct,660,lv-8,,,3.6068,0.00246868097,-26.91321907,8.542522436,17.40535,-26.55176376,8.903977745,17.5450597,-26.74932939,8.740088071,211.3997148,hvac,
tm-450,"4"" DIA",661,lv-8,,,0,0.001249534933,-28.2956,13.03655,17.0942,-28.1432,13.13815,17.2466,-28.2194,13.03655,180,hvac,
tm-451,"4"" DIA",662,lv-8,,,0,0.001249534933,-21.7932,13.03655,17.0942,-21.6408,13.13815,17.2466,-21.717,13.03655,180,hvac,
tm-452,16x4 Connection 8 Diameter Duct,663,lv-8,,,3.2512,0.00246868097,-18.03460867,9.444189929,17.0497403,-17.58375867,9.504514929,17.18945,-17.80918367,9.498164929,90,hvac,
tm-453,16x4 Connection 8 Diameter Duct,664,lv-8,,,3.2512,0.00246868097,-16.32350372,8.798547573,17.04975,-15.96204841,9.160002882,17.1894597,-16.12593808,8.996113207,148.6002852,hvac,
tm-454,16x4 Connection 8 Diameter Duct,665,lv-8,,,3.2512,0.00246868097,-15.83343636,4.505826241,17.0497403,-15.77311136,4.956676241,17.18945,-15.82708636,4.731251241,120,hvac,
tm-455,16x4 Connection 8 Diameter Duct,666,lv-8,,,3.2512,0.00246868097,-15.83343636,1.450975,17.0497403,-15.77311136,1.901825,17.18945,-15.82708636,1.6764,120,hvac,
tm-456,16x4 Connection 8 Diameter Duct,667,lv-8,,,3.2512,0.00246868097,-15.83343636,3.006458849,17.0497403,-15.77311136,3.457308849,17.18945,-15.82708636,3.231883849,120,hvac,
tm-457,16x4 Connection 8 Diameter Duct,668,lv-8,,,3.2512,0.00246868097,-15.83343636,7.610475,17.0497403,-15.77311136,8.061325,17.18945,-15.82708636,7.8359,120,hvac,
tm-458,16x4 Connection 8 Diameter Duct,669,lv-8,,,3.2512,0.00246868097,-15.83343636,5.904821237,17.0497403,-15.77311136,6.355671237,17.18945,-15.82708636,6.130246237,120,hvac,
tm-459,"4"" DIA",670,lv-8,,,0,0.001249534933,-10.671175,13.03655,17.0942,-10.518775,13.13815,17.2466,-10.594975,13.03655,180,hvac,
tm-460,16x4 Connection 8 Diameter Duct,671,lv-8,,,3.3528,0.00246868097,-7.081529427,9.32628144,17.15135,-7.021204427,9.77713144,17.2910597,-7.075179427,9.55170644,240,hvac,
tm-461,16x4 Connection 8 Diameter Duct,672,lv-8,,,3.3528,0.00246868097,-7.081529427,11.253687,17.15135,-7.021204427,11.704537,17.2910597,-7.075179427,11.479112,240,hvac,
tm-462,16x4 Connection 8 Diameter Duct,673,lv-8,,,3.3528,0.00246868097,-7.081529427,7.435584073,17.15135,-7.021204427,7.886434073,17.2910597,-7.075179427,7.661009073,240,hvac,
tm-463,16x4 Connection 8 Diameter Duct,674,lv-8,,,3.3528,0.00246868097,-8.494404427,6.995508849,17.15135,-8.043554427,7.055833849,17.2910597,-8.268979427,7.049483849,180,hvac,
tm-464,16x4 Connection 8 Diameter Duct,675,lv-8,,,3.2004,0.00246868097,-2.308225,9.05006357,17.06245,-1.857375,9.189773265,17.122775,-2.0828,9.11991357,180,hvac,
tm-465,16x4 Connection 8 Diameter Duct,676,lv-8,,,3.202253521,0.00246868097,-0.352425,9.05006357,17.06430352,0.098425,9.189773265,17.12462852,-0.127,9.11991357,180,hvac,
tm-466,"4"" DIA",677,lv-8,,,0,0.001249534933,-0.511175,13.03655,17.0942,-0.358775,13.13815,17.2466,-0.434975,13.03655,180,hvac,
tm-467,16x4 Connection 8 Diameter Duct,678,lv-8,,,3.393248872,0.00246868097,9.543495428,7.814167355,17.19179887,9.994345428,7.874492355,17.33150857,9.768920428,7.868142355,180,hvac,
tm-468,16x4 Connection 8 Diameter Duct,679,lv-8,,,3.393248872,0.00246868097,11.31363006,8.829675,17.19179887,11.37395506,9.280525,17.33150857,11.31998006,9.0551,240,hvac,
tm-469,16x4 Connection 8 Diameter Duct,680,lv-8,,,3.393248872,0.00246868097,11.31363006,10.810875,17.19179887,11.37395506,11.261725,17.33150857,11.31998006,11.0363,240,hvac,
tm-470,"4"" DIA",681,lv-8,,,0,0.001249534933,9.648825,13.03655,16.9418,9.801225,13.13815,17.0942,9.725025,13.03655,180,hvac,
tm-471,"4"" DIA",682,lv-8,,,0,0.001249534933,17.268825,13.03655,17.0942,17.421225,13.13815,17.2466,17.345025,13.03655,180,hvac,
tm-472,16x4 Connection 8 Diameter Duct,683,lv-8,,,3.5052,0.00246868097,16.67412621,6.336618594,17.3037403,17.12497621,6.396943594,17.44345,16.89955121,6.390593594,270,hvac,
tm-473,16x4 Connection 8 Diameter Duct,684,lv-8,,,3.5052,0.00246868097,18.88906264,7.745149184,17.30375,19.00771929,8.200016092,17.4434597,18.92478219,7.969474483,244.2314462,hvac,
tm-474,16x4 Connection 8 Diameter Duct,685,lv-8,,,3.5052,0.00246868097,18.68502697,9.294953964,17.30375,18.80368362,9.749820873,17.4434597,18.72074652,9.519279264,244.2314462,hvac,
tm-475,16x4 Connection 8 Diameter Duct,686,lv-8,,,3.5052,0.00246868097,18.41418315,11.35221706,17.30375,18.5328398,11.80708396,17.4434597,18.44990269,11.57654235,244.2314462,hvac,
tm-476,16x4 Connection 8 Diameter Duct,687,lv-3,,,3.0988,0.00246868097,-20.80766562,3.108325,1.225540305,-20.35681562,3.16865,1.36525,-20.58224062,3.1623,90,hvac,
tm-477,16x4 Connection 8 Diameter Duct,688,lv-3,,,3.0988,0.00246868097,-24.98104651,3.108325,1.225540305,-24.53019651,3.16865,1.36525,-24.75562151,3.1623,90,hvac,
tm-478,16x4 Connection 8 Diameter Duct,689,lv-3,,,3.0988,0.00246868097,-16.608425,3.108325,1.225540305,-16.157575,3.16865,1.36525,-16.383,3.1623,90,hvac,
tm-479,16x4 Connection 8 Diameter Duct,690,lv-3,,,3.0988,0.00246868097,-18.742025,3.108325,1.225540305,-18.291175,3.16865,1.36525,-18.5166,3.1623,90,hvac,
tm-480,16x4 Connection 8 Diameter Duct,691,lv-3,,,3.0988,0.00246868097,-22.9354347,3.108325,1.225540305,-22.4845847,3.16865,1.36525,-22.7100097,3.1623,90,hvac,
tm-481,"4"" DIA",692,lv-5,,,0,0.001249534933,-18.259425,2.527300004,4.8514,-18.107025,2.628900004,5.0038,-18.183225,2.628900004,90,hvac,
tm-482,16x4 Connection 8 Diameter Duct,693,lv-3,,,2.3368,0.00246868097,-20.24169303,11.63245769,0.52705,-20.10198333,12.08330769,0.587375,-20.17183333,11.85788269,270,hvac,
tm-483,16x4 Connection 8 Diameter Duct,694,lv-3,,,2.337315889,0.00246868097,-20.24169303,10.277475,0.5275658891,-20.10198333,10.728325,0.5878908891,-20.17183333,10.5029,270,hvac,
tm-484,16x4 Connection 8 Diameter Duct,695,lv-3,,,2.337315889,0.00246868097,-20.24168333,9.084857694,0.5275658891,-20.10197364,9.535707694,0.5878908891,-20.17183333,9.310282694,90,hvac,
tm-485,16x4 Connection 8 Diameter Duct,696,lv-7,,,3.2512,0.00246868097,3.028576147,-4.335295584,12.98575,3.479426147,-4.274970584,13.1254597,3.254001147,-4.328945584,90,hvac,
tm-486,16x4 Connection 8 Diameter Duct,697,lv-7,,,3.2512,0.00246868097,1.670082072,-5.521325,12.98575,1.730407072,-5.070475,13.1254597,1.724057072,-5.2959,120,hvac,
tm-487,16x4 Connection 8 Diameter Duct,698,lv-7,,,3.2512,0.00246868097,1.670082072,-7.46227844,12.98575,1.730407072,-7.01142844,13.1254597,1.724057072,-7.23685344,120,hvac,
tm-488,16x4 Connection 8 Diameter Duct,699,lv-6,,,-3.696085656,0.00246868097,-7.68135444,-5.525124085,1.974464344,-7.62102944,-5.074274085,2.114174039,-7.67500444,-5.299699085,240,hvac,
tm-489,16x4 Connection 8 Diameter Duct,700,lv-10,,,3.048,0.00246868097,-7.68135444,-1.749425,1.924040305,-7.62102944,-1.298575,2.06375,-7.67500444,-1.524,120,hvac,
tm-490,16x4 Connection 8 Diameter Duct,701,lv-10,,,3.048,0.00246868097,-7.68135444,-0.003152119825,1.924040305,-7.62102944,0.4476978802,2.06375,-7.67500444,0.2222728802,120,hvac,
tm-491,16x4 Connection 8 Diameter Duct,702,lv-10,,,3.048,0.00246868097,-7.68135444,-2.905125,1.924040305,-7.62102944,-2.454275,2.06375,-7.67500444,-2.6797,120,hvac,
tm-492,16x4 Connection 8 Diameter Duct,703,lv-6,,,-3.6413,0.00246868097,-7.678304545,2.813350989,2.029240305,-7.617979545,3.264200989,2.16895,-7.671954545,3.038775989,120,hvac,
tm-493,16x4 Connection 8 Diameter Duct,704,lv-6,,,-3.6413,0.00246868097,-7.678304545,4.445,2.029240305,-7.617979545,4.89585,2.16895,-7.671954545,4.670425,120,hvac,
tm-494,16x4 Connection 8 Diameter Duct,705,lv-6,,,-3.6413,0.00246868097,-7.678304545,1.209675,2.029240305,-7.617979545,1.660525,2.16895,-7.671954545,1.4351,120,hvac,
tm-495,"4"" DIA",706,lv-10,,,0,0.001249534933,-8.751454545,11.2315625,1.2573,-8.599054545,11.3331625,1.4097,-8.675254545,11.2315625,180,hvac,
tm-496,"4"" DIA",707,lv-10,,,0,0.001249534933,-4.504314773,11.2315625,1.2573,-4.351914773,11.3331625,1.4097,-4.428114773,11.2315625,180,hvac,
tm-497,16x4 Connection 8 Diameter Duct,708,lv-10,,,3.1242,0.00246868097,-5.218689773,6.901831996,2.000240305,-5.158364773,7.352681996,2.13995,-5.164714773,7.127256996,240,hvac,
tm-498,16x4 Connection 8 Diameter Duct,709,lv-10,,,3.1242,0.00246868097,-5.218689773,9.548771769,2.000240305,-5.158364773,9.999621769,2.13995,-5.164714773,9.774196769,240,hvac,
tm-499,16x4 Connection 8 Diameter Duct,711,lv-10,,,3.1242,0.00246868097,-4.538986907,6.147872706,2.000240305,-4.088136907,6.208197706,2.13995,-4.313561907,6.201847706,90,hvac,
tm-500,16x4 Connection 8 Diameter Duct,714,lv-10,,,1.9177,0.00246868097,-27.05840833,8.830857694,0.7937403049,-26.99808333,9.281707694,0.93345,-27.00443333,9.056282694,240,hvac,
tm-501,16x4 Connection 8 Diameter Duct,715,lv-10,,,1.9177,0.00246868097,-27.05840833,10.429875,0.7937403049,-26.99808333,10.880725,0.93345,-27.00443333,10.6553,240,hvac,
tm-502,16x4 Connection 8 Diameter Duct,716,lv-10,,,1.9177,0.00246868097,-26.36625833,8.149649521,0.7937403049,-25.91540833,8.209974521,0.93345,-26.14083333,8.203624521,270,hvac,
tm-503,16x4 Connection 8 Diameter Duct,717,lv-10,,,1.9177,0.00246868097,-23.27490541,8.149649521,0.7937403049,-22.82405541,8.209974521,0.93345,-23.04948041,8.203624521,270,hvac,
tm-504,16x4 Connection 8 Diameter Duct,718,lv-10,,,1.9177,0.00246868097,-24.82864651,8.149649521,0.7937403049,-24.37779651,8.209974521,0.93345,-24.60322151,8.203624521,270,hvac,
tm-505,16x4 Connection 8 Diameter Duct,719,lv-10,,,1.9177,0.00246868097,-24.89305833,11.34687452,0.7937403049,-24.44220833,11.40719952,0.93345,-24.66763333,11.35322452,180,hvac,
tm-506,16x4 Connection 8 Diameter Duct,720,lv-10,,,1.9177,0.00246868097,-26.36625833,11.34687452,0.7937403049,-25.91540833,11.40719952,0.93345,-26.14083333,11.35322452,180,hvac,
tm-507,16x4 Connection 8 Diameter Duct,721,lv-10,,,1.9177,0.00246868097,-23.27490541,11.34687452,0.7937403049,-22.82405541,11.40719952,0.93345,-23.04948041,11.35322452,180,hvac,
tm-508,"4"" DIA",722,lv-3,,,0,0.001249534933,-26.16623333,13.0302,0.6604,-26.01383333,13.1318,0.8128,-26.09003333,13.0302,180,hvac,
tm-509,16x4 Connection 8 Diameter Duct,723,lv-2,,,2.95,0.00246868097,10.03373623,8.125740534,5.343940305,10.48458623,8.186065534,5.48365,10.25916123,8.179715534,90,hvac,
