id,name,number,level_id,created_at,updated_at,base_offset,volume,bbox_min_x,bbox_min_y,bbox_min_z,bbox_max_x,bbox_max_y,bbox_max_z,points,area,material,function,thickness
715ba9fc-f6f7-442b-86be-87f460856a1d-0009997f,Stair Landing Steel Plate,,434b4aa7-f200-460c-b3bb-afb56c30ead0-00090d18,,,0,0.028484814,-33.21685,6.01345,-1.80975,-30.67685,7.8613,-1.8034,"[[-32.09925,7.8613],[-33.21685,7.8613],[-33.21685,6.01345],[-30.67685,6.01345],[-30.67685,6.1595],[-30.67685,7.1755],[-30.67685,7.82955],[-31.79445,7.82955],[-31.79445,7.29615],[-32.09925,7.29615]]",4.48579748,"Steel, Paint Finish, Dark Gray",floor,0.00635
715ba9fc-f6f7-442b-86be-87f460856a1d-00099f77,Stair Landing Steel Plate,,434b4aa7-f200-460c-b3bb-afb56c30ead0-00090cfb,,,0,0.028484814,-33.21685,6.01345,5.73405,-30.67685,7.8613,5.7404,"[[-32.09925,7.8613],[-33.21685,7.8613],[-33.21685,6.01345],[-30.67685,6.01345],[-30.67685,6.1595],[-30.67685,7.1755],[-30.67685,7.82955],[-31.79445,7.82955],[-31.79445,7.29615],[-32.09925,7.29615]]",4.48579748,"Steel, Paint Finish, Dark Gray",floor,0.00635
715ba9fc-f6f7-442b-86be-87f460856a1d-00099f86,Stair Landing Steel Plate,,434b4aa7-f200-460c-b3bb-afb56c30ead0-00090d1a,,,0,0.028484814,-33.21685,6.01345,9.79805,-30.67685,7.8613,9.8044,"[[-32.09925,7.8613],[-33.21685,7.8613],[-33.21685,6.01345],[-30.67685,6.01345],[-30.67685,6.1595],[-30.67685,7.1755],[-30.67685,7.82955],[-31.79445,7.82955],[-31.79445,7.29615],[-32.09925,7.29615]]",4.48579748,"Steel, Paint Finish, Dark Gray",floor,0.00635
715ba9fc-f6f7-442b-86be-87f460856a1d-00099f95,Stair Landing Steel Plate,,434b4aa7-f200-460c-b3bb-afb56c30ead0-00090d1b,,,0,0.028484814,-33.21685,6.01345,13.86205,-30.67685,7.8613,13.8684,"[[-32.09925,7.8613],[-33.21685,7.8613],[-33.21685,6.01345],[-30.67685,6.01345],[-30.67685,6.1595],[-30.67685,7.1755],[-30.67685,7.82955],[-31.79445,7.82955],[-31.79445,7.29615],[-32.09925,7.29615]]",4.48579748,"Steel, Paint Finish, Dark Gray",floor,0.00635
715ba9fc-f6f7-442b-86be-87f460856a1d-00099fa4,Stair Landing Steel Plate,,434b4aa7-f200-460c-b3bb-afb56c30ead0-00090d19,,,0,0.028484814,-33.21685,6.01345,2.45745,-30.67685,7.8613,2.4638,"[[-32.09925,7.8613],[-33.21685,7.8613],[-33.21685,6.01345],[-30.67685,6.01345],[-30.67685,7.82955],[-31.79445,7.82955],[-31.79445,7.29615],[-32.09925,7.29615]]",4.48579748,"Steel, Paint Finish, Dark Gray",floor,0.00635
715ba9fc-f6f7-442b-86be-87f460856a1d-00099fb3,Stair Landing Steel Plate,,02a23a8b-94c1-452d-91fe-6406594cff3b-00095ad3,,,0.3386666667,0.0292918769,-33.21685,6.01345,18.26471667,-30.67685,7.82955,18.27106667,"[[-33.21685,7.82955],[-33.21685,6.01345],[-30.67685,6.01345],[-30.67685,6.1595],[-30.67685,7.1755],[-30.67685,7.82955]]",4.612894,"Steel, Paint Finish, Dark Gray",floor,0.00635
07d0ca4c-a584-42fc-98d1-57aee4729535-000a1378,Stair Landing Steel Plate,,434b4aa7-f200-460c-b3bb-afb56c30ead0-00090cf6,,,0.0381,0.03452037451,12.73175,-6.11505,0.03175,15.27175,-3.01625,0.0381,"[[14.15415,-3.01625],[14.15415,-4.92125],[13.84935,-4.92125],[13.84935,-4.4831],[12.73175,-4.4831],[12.73175,-5.97535],[12.85875,-5.97535],[12.85875,-6.11505],[13.86205,-6.11505],[13.86205,-5.97535],[15.27175,-5.97535],[15.27175,-3.01625]]",5.43627945,"Steel, Paint Finish, Dark Gray",floor,0.00635
6b975e2a-0efd-4b6a-a111-fc5906d0b3ca-000ab901,Stair Landing Steel Plate,,02a23a8b-94c1-452d-91fe-6406594cff3b-00095ad3,,,0.3386666667,0.02167189214,12.73175,-0.92075,18.26471667,15.27175,0.56515,18.27106667,"[[15.27175,-0.66675],[15.27175,0.56515],[13.8938,0.56515],[12.8778,0.56515],[12.73175,0.56515],[12.73175,-0.92075],[13.84935,-0.92075],[13.84935,-0.66675]]",3.4128964,"Steel, Paint Finish, Dark Gray",floor,0.00635
7d4c59c2-0aac-446c-afeb-743c5ba1d955-000b3194,Finish Floor - Ceramic Tile (Wood),,434b4aa7-f200-460c-b3bb-afb56c30ead0-00090d18,,,0,9.165019623,-27.555825,2.787650004,-1.9558,-15.408275,10.12825,-1.8034,"[[-27.555825,2.787650004],[-15.408275,2.787650004],[-15.408275,6.604],[-16.5354,6.604],[-16.5354,10.12825],[-17.653,10.12825],[-17.653,6.2611],[-19.812,6.2611],[-19.812,8.80745],[-21.478875,8.80745],[-21.478875,7.74065],[-27.555825,7.74065],[-27.555825,5.826125]]",60.13792403,"Concrete, Precast",floor,0.1524
76d1b90c-43bc-4027-9d99-b8556ed101f9-000c2d0c,Cores - Mechanical Space,,434b4aa7-f200-460c-b3bb-afb56c30ead0-00090d19,,,2.924175,1.381451259,-11.922125,2.822575,5.27685,-8.40105,6.353175,5.387975,"[[-8.40105,2.822575],[-8.40105,6.353175],[-11.922125,6.353175],[-11.922125,2.822575]]",12.4315074,Metal Stud Layer,floor,0.111125
ecf24baf-eeef-49d0-a65c-5bdba1823b57-000d3e9a,Finish Floor - Polished Concrete (Grey),,bf09761f-abbe-4f7b-bf24-58b710b64a00-001d5fb5,,,-0.0508,4.52966307,-17.4498,5.718175,18.0594,-1.8542,10.874375,18.2118,"[[-8.4074,5.768975],[-1.8542,5.768975],[-1.8542,5.876925],[-1.8542,8.397875],[-1.8542,8.505825],[-8.29945,8.505825],[-8.4074,8.505825],[-8.4074,5.876925]]",29.72219862,"Concrete, Precast Smooth, Light Grey",floor,0.1524
c1d54505-61c2-449c-9999-8528a85092a8-000d74fd,Stair Landing Steel Plate,,561adf52-04d9-49cc-aa0c-378397704344-0009aa6e,,,0,0.04275167875,-14.85265,6.01345,-1.06045,-12.31265,10.06155769,-1.0541,"[[-12.31265,6.01345],[-12.31265,7.61365],[-13.43025,7.61365],[-13.43025,7.3914],[-13.73505,7.3914],[-13.73505,10.06155769],[-14.85265,10.06155769],[-14.85265,6.01345]]",6.732547835,"Steel, Paint Finish, Dark Gray",floor,0.00635
c1d54505-61c2-449c-9999-8528a85092a8-000d7507,Stair Landing Steel Plate,,434b4aa7-f200-460c-b3bb-afb56c30ead0-00090d19,,,0,0.02900100651,-14.85265,6.01345,2.45745,-12.31265,8.0391,2.4638,"[[-13.73505,8.0391],[-14.85265,8.0391],[-14.85265,6.01345],[-13.4747,6.01345],[-12.4587,6.01345],[-12.31265,6.01345],[-12.31265,7.6327],[-13.4366,7.6327],[-13.73505,7.6327]]",4.56708764,"Steel, Paint Finish, Dark Gray",floor,0.00635
c1d54505-61c2-449c-9999-8528a85092a8-000d777e,Stair Landing Steel Plate,,434b4aa7-f200-460c-b3bb-afb56c30ead0-00090cfb,,,0,0.0313525502,-14.85265,6.01345,5.73405,-12.31265,8.0391,5.7404,"[[-13.73505,8.0391],[-14.85265,8.0391],[-14.85265,6.01345],[-13.4747,6.01345],[-12.4587,6.01345],[-12.31265,6.01345],[-12.31265,8.00735],[-13.43025,8.00735],[-13.43025,7.47395],[-13.73505,7.47395]]",4.93740948,"Steel, Paint Finish, Dark Gray",floor,0.00635
c1d54505-61c2-449c-9999-8528a85092a8-000d7790,Stair Landing Steel Plate,,434b4aa7-f200-460c-b3bb-afb56c30ead0-00090d1a,,,0,0.03333538494,-14.85265,6.01345,9.79805,-12.31265,8.28675,9.8044,"[[-13.73505,8.0391],[-14.85265,8.0391],[-14.85265,6.01345],[-13.4747,6.01345],[-12.4587,6.01345],[-12.31265,6.01345],[-12.31265,8.28675],[-13.43025,8.28675],[-13.43025,7.47395],[-13.73505,7.47395]]",5.24966692,"Steel, Paint Finish, Dark Gray",floor,0.00635
c1d54505-61c2-449c-9999-8528a85092a8-000d77e3,Stair Landing Steel Plate,,434b4aa7-f200-460c-b3bb-afb56c30ead0-00090d1b,,,0,0.03197116186,-14.85265,6.01345,13.86205,-12.31265,8.28675,13.8684,"[[-13.73505,7.86765],[-14.85265,7.86765],[-14.85265,6.01345],[-13.4747,6.01345],[-12.4587,6.01345],[-12.31265,6.01345],[-12.31265,8.28675],[-13.43025,8.28675],[-13.43025,7.39775],[-13.73505,7.39775]]",5.03482864,"Steel, Paint Finish, Dark Gray",floor,0.00635
c1d54505-61c2-449c-9999-8528a85092a8-000d7832,Stair Landing Steel Plate,,02a23a8b-94c1-452d-91fe-6406594cff3b-00095ad3,,,0.3386666667,0.02939429605,-14.85265,6.01345,18.26471667,-12.31265,7.8359,18.27106667,"[[-14.85265,7.8359],[-14.85265,6.01345],[-13.4747,6.01345],[-12.4587,6.01345],[-12.31265,6.01345],[-12.31265,7.8359],[-13.4366,7.8359]]",4.629023,"Steel, Paint Finish, Dark Gray",floor,0.00635
1e1216bb-7a57-4652-adb5-2002d71ed03d-000ddc4b,Cores - Mechanical Space,,434b4aa7-f200-460c-b3bb-afb56c30ead0-00090d1a,,,2.924175,1.381451259,12.722225,2.822575,12.61745,16.2433,6.353175,12.728575,"[[16.2433,2.822575],[16.2433,6.353175],[12.722225,6.353175],[12.722225,2.822575]]",12.4315074,Metal Stud Layer,floor,0.111125
1e1216bb-7a57-4652-adb5-2002d71ed03d-000ddd3b,Cores - Mechanical Space,,434b4aa7-f200-460c-b3bb-afb56c30ead0-00090cfb,,,2.924175,1.381451259,12.722225,2.822575,8.55345,16.2433,6.353175,8.664575,"[[16.2433,2.822575],[16.2433,6.353175],[12.722225,6.353175],[12.722225,2.822575]]",12.4315074,Metal Stud Layer,floor,0.111125
1e1216bb-7a57-4652-adb5-2002d71ed03d-000dddbe,Cores - Mechanical Space,,434b4aa7-f200-460c-b3bb-afb56c30ead0-00090d1b,,,2.924175,1.381451259,12.722225,2.822575,16.68145,16.2433,6.353175,16.792575,"[[16.2433,2.822575],[16.2433,6.353175],[12.722225,6.353175],[12.722225,2.822575]]",12.4315074,Metal Stud Layer,floor,0.111125
d0e26dd0-8481-4417-9d59-3c3cf74d3465-000e361d,Finish Floor - Ceramic Tile (Wood),,aa350a87-58a2-40c5-a479-a69db973baca-000ca5ca,,,0,12.58036132,-30.3657,5.72135,1.524,-17.5768,12.7254,1.6764,"[[-17.5768,5.72135],[-17.5768,12.709525],[-17.5768,12.7254],[-30.3657,12.7254],[-30.3657,12.709525],[-30.3657,10.531475],[-30.3657,10.4521],[-27.5717,10.4521],[-27.5717,7.9375],[-28.47975,7.9375],[-29.71165,7.9375],[-30.3657,7.9375],[-30.3657,7.6835],[-30.3657,5.826125],[-30.3657,5.72135],[-27.708225,5.72135]]",82.54830265,"Concrete, Precast",floor,0.1524
d8afd5f1-693e-4206-ac75-4628cc97b717-00107df7,Roof - Porcelain Float Deck 2'x2',,9b742a74-29a2-4bfb-b21f-467adccc22dd-000eb741,,,0.5715,1.440384639,-6.022975,-9.196052261,16.5735,0.942975,-4.42210702,16.6243,"[[-6.022975,-5.006699273],[-6.022975,-7.840253442],[-4.710499453,-7.840253442],[-4.710499453,-9.196052261],[-0.3695005469,-9.196052261],[-0.3695005469,-7.840253442],[0.942975,-7.840253442],[0.942975,-5.006699536]]",28.35476644,Stone Tiles,floor,0.0508
b7959bd4-f253-45fd-8e32-aeb5622fdb6e-0011c499,Sidewalk,,561adf52-04d9-49cc-aa0c-378397704344-0009aa6e,,,0.2794,3.669669484,-6.378702,-10.54035903,-1.0795,1.2983845,-8.810625,-0.7747,"[[0.9398,-9.175934525],[0.9398,-8.810625],[-6.0198,-8.810625],[-6.0198,-9.175934525],[-5.859653,-9.175934525],[-5.859653,-9.694983525],[-6.378702,-9.694983525],[-5.859653,-10.54035903],[0.7793355,-10.54035903],[1.2983845,-9.694983525],[0.7793355,-9.694983525],[0.7793355,-9.175934525]]",12.03959804,"Asphalt, Pavement, Light Grey",floor,0.3048
ae751dab-607e-4e87-89d8-c20f168b02a8-00129de1,Roof - Porcelain Float Deck 2'x2',,bf09761f-abbe-4f7b-bf24-58b710b64a00-001d5fb5,,,-4.043831936E-14,0.460886175,-30.229175,4.371975,18.2118,-25.6921,7.546975,18.2626,"[[-29.1973,5.565775],[-29.1973,4.371975],[-25.6921,4.371975],[-25.6921,5.7531],[-27.9781,5.7531],[-27.9781,7.546975],[-30.229175,7.546975],[-30.229175,5.565775]]",9.0725625,Stone Tiles,floor,0.0508
ae751dab-607e-4e87-89d8-c20f168b02a8-00129e65,Roof - Porcelain Float Deck 2'x2',,bf09761f-abbe-4f7b-bf24-58b710b64a00-001d5fb5,,,-4.043831936E-14,4.023738012,-19.7612,1.673614737,18.2118,5.9182,11.026775,18.2626,"[[-13.8176,4.371975],[-13.8176,4.016375],[-6.054725,4.016375],[-6.054725,1.673614737],[0.97155,1.674332812],[0.97155,2.5019],[5.9182,2.5019],[5.9182,3.7211],[0.71755,3.7211],[0.71755,4.1783],[0.97155,4.1783],[0.97155,5.7531],[-0.99695,5.7531],[-0.99695,5.235575],[-8.5598,5.235575],[-8.5598,9.039225],[-6.45795,9.039225],[-6.45795,8.658225],[-5.23875,8.658225],[-5.23875,9.039225],[-3.1242,9.039225],[-3.1242,8.658225],[-1.905,8.658225],[-1.905,10.258425],[-10.7696,10.258425],[-10.7696,5.235575],[-12.0015,5.235575],[-12.0015,5.565775],[-17.6022,5.565775],[-17.6022,11.026775],[-19.7612,11.026775],[-19.7612,4.371975]]",79.20719958,Stone Tiles,floor,0.0508
ae751dab-607e-4e87-89d8-c20f168b02a8-00129e7d,Roof - Porcelain Float Deck 2'x2',,bf09761f-abbe-4f7b-bf24-58b710b64a00-001d5fb5,,,-4.043831936E-14,0.6486959196,12.4206,0.8763,18.2118,19.98599879,3.715712531,18.2626,"[[15.5829,0.8763],[15.5829,1.012825],[15.5829,2.496512531],[19.98599879,2.496512531],[19.82548806,3.715712531],[13.6398,3.715712531],[13.6398,2.5019],[12.4206,2.5019],[12.4206,1.012825],[12.4206,0.8763]]",12.76960472,Stone Tiles,floor,0.0508
30b382b6-087b-407b-9fe7-257a49470bb8-0012ba28,Landscape - Lawn,,434b4aa7-f200-460c-b3bb-afb56c30ead0-00090d18,,,0.6096,6.563539421,-28.2448,-8.721725,-1.2954,-15.325725,-2.606675,-1.1938,"[[-15.325725,-8.721725],[-15.325725,-2.606675],[-28.2448,-2.606675],[-28.2448,-4.403725],[-27.822525,-4.403725],[-27.822525,-4.5974],[-27.14625,-4.5974],[-27.14625,-6.731],[-27.822525,-6.731],[-27.822525,-6.924675],[-28.2448,-6.924675],[-28.2448,-8.721725]]",64.60176596,Grass,floor,0.1016
82ec593f-3794-4c2a-abef-4ec683402803-0012db2c,Hardscape - Brick Walk,,434b4aa7-f200-460c-b3bb-afb56c30ead0-00090d18,,,0,3.0007407,-30.25140915,-8.9154,-1.905017976,-27.708225,5.565775,-1.651,"[[-30.25140915,5.565775],[-30.25140915,-8.9154],[-28.38444807,-8.9154],[-28.38444807,-6.731],[-28.38444807,-4.5974],[-28.38444807,0.270507726],[-27.708225,2.635250004],[-27.708225,5.565775]]",29.53498024,"Brick, Common",floor,0.1016
82ec593f-3794-4c2a-abef-4ec683402803-0012dbe7,Landscape - Lawn,,434b4aa7-f200-460c-b3bb-afb56c30ead0-00090d18,,,0.254,1.887531677,-33.9852,-8.721725,-1.651,-30.46095,-2.606675,-1.5494,"[[-32.39135,-8.696325],[-32.39135,-7.477125],[-31.17215,-7.477125],[-31.17215,-8.696325]]",18.57806768,Grass,floor,0.1016
67c8725e-6767-456a-a743-b96a80deb581-001408e0,Cores - Mechanical Space,,434b4aa7-f200-460c-b3bb-afb56c30ead0-00090cfb,,,2.924175,1.381451259,-11.922125,2.822575,8.55345,-8.40105,6.353175,8.664575,"[[-8.40105,2.822575],[-8.40105,6.353175],[-11.922125,6.353175],[-11.922125,2.822575]]",12.4315074,Metal Stud Layer,floor,0.111125
67c8725e-6767-456a-a743-b96a80deb581-00140919,Cores - Mechanical Space,,434b4aa7-f200-460c-b3bb-afb56c30ead0-00090d1a,,,2.924175,1.381451259,-11.922125,2.822575,12.61745,-8.40105,6.353175,12.728575,"[[-8.40105,2.822575],[-8.40105,6.353175],[-11.922125,6.353175],[-11.922125,2.822575]]",12.4315074,Metal Stud Layer,floor,0.111125
67c8725e-6767-456a-a743-b96a80deb581-00140952,Cores - Mechanical Space,,434b4aa7-f200-460c-b3bb-afb56c30ead0-00090d1b,,,2.924175,1.381451259,-11.922125,2.822575,16.68145,-8.40105,6.353175,16.792575,"[[-8.40105,2.822575],[-8.40105,6.353175],[-11.922125,6.353175],[-11.922125,2.822575]]",12.4315074,Metal Stud Layer,floor,0.111125
df30a047-9a3c-4e12-b62a-7993b5b5e4b5-00152daf,Roof - Brick Border,,bf09761f-abbe-4f7b-bf24-58b710b64a00-001d5fb5,,,-4.043831936E-14,0.0612220711,-25.6921,3.8354,18.2118,-19.7612,4.0386,18.2626,"[[-25.6921,4.0386],[-25.6921,3.8354],[-19.7612,3.8354],[-19.7612,4.0386]]",1.20515888,Paving - Brick Border,floor,0.0508
df30a047-9a3c-4e12-b62a-7993b5b5e4b5-00152e94,Roof - Brick Border,,bf09761f-abbe-4f7b-bf24-58b710b64a00-001d5fb5,,,-4.043831936E-14,0.1625596749,-25.6921,4.0386,18.2118,-19.7612,11.9126,18.2626,"[[-25.6921,11.9126],[-25.6921,4.0386],[-25.4889,4.0386],[-25.4889,11.9126]]",3.1999936,Paving - Brick Border,floor,0.0508
df30a047-9a3c-4e12-b62a-7993b5b5e4b5-00152efb,Roof - Brick Border,,bf09761f-abbe-4f7b-bf24-58b710b64a00-001d5fb5,,,-4.043831936E-14,0.0797066793,5.9182,2.5019,18.2118,13.6398,2.7051,18.2626,"[[5.9182,2.7051],[5.9182,2.5019],[13.6398,2.5019],[13.6398,2.7051]]",1.56902912,Paving - Brick Border,floor,0.0508
df30a047-9a3c-4e12-b62a-7993b5b5e4b5-00152f02,Roof - Brick Border,,bf09761f-abbe-4f7b-bf24-58b710b64a00-001d5fb5,,,-4.043831936E-14,0.2023474663,5.9182,2.7051,18.2118,13.6398,12.506325,18.2626,"[[5.9182,12.506325],[5.9182,2.7051],[6.1214,2.7051],[6.1214,12.506325]]",3.98321784,Paving - Brick Border,floor,0.0508
2b118248-51bc-4953-8bfb-2c5cf0ba34c2-00154826,Roof - Planting Bed,,bf09761f-abbe-4f7b-bf24-58b710b64a00-001d5fb5,,,0.4318,2.177475849,-33.448625,-0.161925,18.542,-6.067425,5.565775,18.6944,"[[-33.448625,5.565775],[-33.448625,0.4853378077],[-33.15158561,0.4853378077],[-32.15983053,2.661689237],[-30.59485771,4.982012095],[-30.241875,5.049302875],[-30.241875,5.565775]]",21.43184891,Planting Bed,floor,0.1016
98fc0674-037e-46de-b878-c5e65f1bd3b9-0015523d,Roof - Turf,,bf09761f-abbe-4f7b-bf24-58b710b64a00-001d5fb5,,,0.0508,10.23671445,6.1214,2.7051,18.2118,13.4366,12.506325,18.4658,"[[13.27689456,2.78328632],[10.36803054,6.233677368],[8.845454114,3.570362594]]",72.23728543,Grass - Turf,floor,0
10264b00-0db3-43a6-8a20-3768430fc7a5-00156100,Roof - Decking,,bf09761f-abbe-4f7b-bf24-58b710b64a00-001d5fb5,,,-4.043831936E-14,2.291797349,13.6398,3.7211,18.2118,18.78047811,12.506325,18.2626,"[[13.6398,3.7211],[18.78047811,3.7211],[18.78047811,11.65335117],[18.66818198,12.506325],[13.6398,12.506325]]",45.11412105,Exterior Decking,floor,0.0508
10264b00-0db3-43a6-8a20-3768430fc7a5-001561da,Roof - Planting Bed,,bf09761f-abbe-4f7b-bf24-58b710b64a00-001d5fb5,,,0.4318,0.3997456249,18.79317811,3.728412531,18.5928,19.81100649,11.45958661,18.6944,"[[18.79317811,11.45958661],[18.79317811,3.728412531],[19.81100649,3.728412531]]",3.934504182,Planting Bed,floor,0.1016
10264b00-0db3-43a6-8a20-3768430fc7a5-0015622c,Roof - Planting Bed,,bf09761f-abbe-4f7b-bf24-58b710b64a00-001d5fb5,,,0.4318,1.682355141,15.5956,-2.046451035,18.5928,20.47585648,2.483812531,18.6944,"[[16.98549867,-0.606425],[20.14555581,-2.046451035],[20.47585648,-1.321624545],[19.97486119,2.483812531],[15.5956,2.483812531],[15.5956,1.012825],[15.719425,1.012825],[15.719425,-0.606425]]",16.55861359,Planting Bed,floor,0.1016
ebcc0c44-2887-4da8-a07d-b59d337c134c-00156474,Roof - Turf,,bf09761f-abbe-4f7b-bf24-58b710b64a00-001d5fb5,,,0.0508,3.33435703,-25.4889,4.0386,18.2118,-19.9644,12.506325,18.3134,"[[-25.4889,4.0386],[-23.64105,5.769332327],[-23.00752947,6.3627],[-22.72665,6.62577719],[-22.72665,10.1703735],[-25.4889,12.506325],[-25.4889,11.9126],[-25.4889,11.2776]]",46.78846068,Grass - Turf,floor,0
ebcc0c44-2887-4da8-a07d-b59d337c134c-001564cf,Roof - Sculpture Bed,,bf09761f-abbe-4f7b-bf24-58b710b64a00-001d5fb5,,,0.0508,0.09576190525,-26.1239,11.9126,18.1864,-19.3294,12.506325,18.3134,"[[-25.4889,12.506325],[-26.1239,12.506325],[-26.1239,11.9126],[-25.4889,11.9126]]",0.75403075,Sculpture Bed,floor,0.127
ebcc0c44-2887-4da8-a07d-b59d337c134c-001565a5,Roof - Sculpture Bed,,bf09761f-abbe-4f7b-bf24-58b710b64a00-001d5fb5,,,0.0762,0.2204784609,-25.4889,4.5339,18.2626,-19.9644,11.9126,18.3388,"[[-20.5994,11.9126],[-20.5994,11.2776],[-19.9644,11.2776],[-19.9644,11.9126]]",4.15095944,Sculpture Bed,floor,0.127
52f41f8d-ae82-4b9b-9b8c-a9d833dac2d4-00156713,Roof - Planting Bed,,bf09761f-abbe-4f7b-bf24-58b710b64a00-001d5fb5,,,0.4318,0.9416027458,-27.9654,5.7658,18.5928,-25.7048,10.575925,18.6944,"[[-27.435175,7.546975],[-27.9654,7.546975],[-27.9654,5.7658],[-25.7048,5.7658],[-25.7048,10.575925],[-27.435175,10.575925]]",9.267743561,Planting Bed,floor,0.1016
52f41f8d-ae82-4b9b-9b8c-a9d833dac2d4-001567f4,Roof - Decking,,bf09761f-abbe-4f7b-bf24-58b710b64a00-001d5fb5,,,-4.043831936E-14,0.4289744162,-30.229175,10.588625,18.2118,-25.6921,12.506325,18.2626,"[[-26.1239,11.9126],[-26.1239,12.506325],[-30.229175,12.506325],[-30.229175,10.588625],[-25.6921,10.588625],[-25.6921,11.9126]]",8.444378272,Exterior Decking,floor,0.0508
52f41f8d-ae82-4b9b-9b8c-a9d833dac2d4-00156837,Roof - Decking,,bf09761f-abbe-4f7b-bf24-58b710b64a00-001d5fb5,,,-4.043831936E-14,0.3325222059,-19.7612,11.026775,18.2118,-15.1638,12.506325,18.2626,"[[-15.1638,11.026775],[-15.1638,12.506325],[-19.3294,12.506325],[-19.3294,11.9126],[-19.7612,11.9126],[-19.7612,11.026775]]",6.545712715,Exterior Decking,floor,0.0508
7db5496c-7eea-41c9-9e5d-ed83f585908c-001568e0,Roof - Decking,,bf09761f-abbe-4f7b-bf24-58b710b64a00-001d5fb5,,,-4.043831936E-14,5.132223112,-33.01312727,-1.382283878,18.2118,-8.058192764,5.565775,18.2626,"[[-8.058192764,0.6092606924],[-10.22475829,2.532760468],[-11.376025,3.711638293],[-11.376025,4.016375],[-13.8176,4.016375],[-13.8176,4.371975],[-19.7612,4.371975],[-19.7612,3.8354],[-25.6921,3.8354],[-25.6921,4.371975],[-29.1973,4.371975],[-29.1973,5.565775],[-30.229175,5.565775],[-30.229175,5.039160439],[-30.59225779,4.96952671],[-32.14530172,2.656874088],[-33.01312727,0.7524791361],[-28.32850844,-1.382283878],[-27.19098405,1.113950188],[-21.73625035,-1.371751245],[-20.59872597,1.124482822],[-15.14399227,-1.361218612],[-14.00646788,1.135015455],[-8.55173418,-1.350685978],[-8.058192764,-0.2676367589]]",101.0293941,Exterior Decking,floor,0.0508
5e83bb24-546c-424b-9452-26252fc4ebf6-00156ba3,Roof - Decking,,bf09761f-abbe-4f7b-bf24-58b710b64a00-001d5fb5,,,-4.043831936E-14,2.135009117,-1.397,3.7211,18.2118,5.9182,12.506325,18.2626,"[[3.235325,8.5217],[3.235325,3.7211],[5.9182,3.7211],[5.9182,12.506325],[-1.397,12.506325],[-1.397,8.658225],[-1.397,8.5217],[0.9398,8.5217]]",42.02773853,Exterior Decking,floor,0.0508
5e83bb24-546c-424b-9452-26252fc4ebf6-00156d95,Roof - Decking,,bf09761f-abbe-4f7b-bf24-58b710b64a00-001d5fb5,,,-4.043831936E-14,0.9542678979,-10.7696,10.258425,18.2118,-1.905,12.506325,18.2626,"[[-10.7696,10.258425],[-6.4262,10.258425],[-6.4262,12.506325],[-10.7696,12.506325]]",18.78480114,Exterior Decking,floor,0.0508
5e83bb24-546c-424b-9452-26252fc4ebf6-00156de4,Roof - Planting Bed,,bf09761f-abbe-4f7b-bf24-58b710b64a00-001d5fb5,,,0.4318,1.740312342,-11.9888,3.7338,18.5928,3.222625,12.493625,18.6944,"[[-11.9888,5.248275],[-10.7823,5.248275],[-10.7823,12.493625],[-11.864975,12.493625],[-11.864975,5.565775],[-11.9888,5.565775]]",17.12905848,Planting Bed,floor,0.1016
212cf471-6a82-43d5-b289-240f1f14e01f-0015701f,Roof - Planting Bed,,bf09761f-abbe-4f7b-bf24-58b710b64a00-001d5fb5,,,0.4318,1.722988856,0.98425,-1.238020013,18.5928,12.4079,2.4892,18.6944,"[[12.4079,1.012825],[12.4079,2.4892],[7.168017373,2.4892],[9.53064416,-0.3519349585],[11.47510858,-1.238020013],[11.76292403,-0.606425],[12.284075,-0.606425],[12.284075,1.012825]]",16.95851109,Planting Bed,floor,0.1016
212cf471-6a82-43d5-b289-240f1f14e01f-00157162,Roof - Sculpture Bed,,bf09761f-abbe-4f7b-bf24-58b710b64a00-001d5fb5,,,0.0762,1.300281266,3.338730581,-0.3618888373,18.2118,9.521860674,2.501899803,18.3388,"[[9.521860674,-0.3618888373],[7.135011376,2.501899803],[3.340099047,2.501899803],[3.921421316,0.7944447503],[6.332067271,-0.3040774573],[6.858743228,0.85168367]]",10.2382972,Sculpture Bed,floor,0.127
0c477b50-82a2-4f65-89e9-7c35c9f0b267-001571fe,Roof - Turf,,434b4aa7-f200-460c-b3bb-afb56c30ead0-00090d1b,,,0.3556,2.960154326,-14.792325,-8.384534025,14.1224,-7.313241884,-2.192327586,14.4272,"[[-11.83018561,-6.520936513],[-12.03419239,-6.285799594],[-12.19780185,-6.006991535],[-12.27340146,-5.816360324],[-12.34045018,-5.535733032],[-12.81323497,-5.697799983],[-12.59671096,-5.911468303],[-12.43954123,-6.102859374],[-12.22907776,-6.433884011],[-12.09793951,-6.717731895]]",19.2820218,Grass - Turf,floor,0
d6ddcfee-8865-4977-8dd8-c7522cde42fa-00157360,Roof - Planting Bed,,434b4aa7-f200-460c-b3bb-afb56c30ead0-00090d1b,,,0.7112,0.9929444342,1.26365,-8.968734025,14.478,4.284681936,-4.145437188,14.5796,"[[1.26365,-8.028934025],[1.5046325,-8.028934025],[1.5046325,-8.968734025],[4.284681936,-8.968734025],[1.26365,-4.145437188]]",9.773232745,Planting Bed,floor,0.1016
d6ddcfee-8865-4977-8dd8-c7522cde42fa-001573c2,Roof - Planting Bed,,434b4aa7-f200-460c-b3bb-afb56c30ead0-00090d1b,,,0.7112,0.8927329822,-8.755448092,-6.00889335,14.478,-6.34365,-0.6985,14.5796,"[[-8.755448092,-3.06107701],[-8.252568175,-3.99572754],[-6.34365,-6.00889335],[-6.34365,-0.6985],[-7.67883072,-0.6985]]",8.786728944,Planting Bed,floor,0.1016
d6ddcfee-8865-4977-8dd8-c7522cde42fa-00157496,Roof - Planting Bed,,434b4aa7-f200-460c-b3bb-afb56c30ead0-00090d1b,,,0.7112,1.715066119,11.23592037,-8.425032655,14.478,21.04874948,-1.146964374,14.5796,"[[12.4911406,-6.423025],[13.89464986,-7.257718584],[16.59032548,-8.425032655],[21.04874948,-7.83807],[20.9949109,-7.429125394],[15.719425,-2.733833671],[15.719425,-6.423025]]",16.88052076,Planting Bed,floor,0.1016
d6ddcfee-8865-4977-8dd8-c7522cde42fa-00157538,Roof - Turf,,434b4aa7-f200-460c-b3bb-afb56c30ead0-00090d1b,,,0.3302,8.495315275,1.244402024,-8.968734025,14.097,11.87249938,-0.4225230009,14.4018,"[[3.815372092,-4.328206841],[4.52182742,-4.633769388],[5.081696162,-5.12484162],[5.446358394,-5.712869587],[6.176359674,-5.345004433],[5.322537162,-4.462337886],[5.076599202,-3.930672932],[4.936910708,-3.361779069],[4.69697871,-2.933444059],[4.232205775,-2.775253151],[3.605268017,-3.057876366],[3.364209631,-3.834569001],[3.516058015,-4.148776378]]",50.34020842,Grass - Turf,floor,0
d6ddcfee-8865-4977-8dd8-c7522cde42fa-00157576,Roof - Turf,,434b4aa7-f200-460c-b3bb-afb56c30ead0-00090d1b,,,0.3302,1.52905618,15.5829,-7.902617573,14.097,21.29691111,-1.144417513,14.1986,"[[21.1111887,-7.485305903],[21.29691111,-7.460855084],[20.61796569,-2.303752672],[19.93291285,-3.807063076]]",19.31578775,Grass - Turf,floor,0
d6ddcfee-8865-4977-8dd8-c7522cde42fa-001575f0,Roof - Sculpture Bed,,434b4aa7-f200-460c-b3bb-afb56c30ead0-00090d1b,,,0.4064,3.132431374,6.496882991,-8.968734025,14.1478,16.58794973,0.2309621677,14.2748,"[[12.55780203,-8.968734025],[16.58794973,-8.438155015],[13.89055483,-7.269740262],[12.47243828,-6.423025],[12.284075,-6.423025],[12.284075,-6.236045147],[11.29420462,-4.351405207],[11.28131019,-3.051761593],[7.637673968,-1.400933074],[8.177835354,-0.2087125791],[7.207404558,0.2309621677],[6.496882991,-1.337269837],[9.098962932,-5.479551104],[11.87249938,-8.968734025]]",24.66421231,Sculpture Bed,floor,0.127
f0942d28-4f5b-4916-aa35-65b2c96fe023-001576f9,Roof - Decking,,434b4aa7-f200-460c-b3bb-afb56c30ead0-00090d1b,,,0.3048,1.244583564,-14.77968837,-8.44087493,14.1224,-6.34365,0.4410685284,14.1732,"[[-14.77968837,-2.193608885],[-11.07998151,-4.860872867],[-7.156400214,-8.44087493],[-6.58495,-8.44087493],[-6.58495,-8.028934025],[-6.34365,-8.028934025],[-6.34365,-6.022615994],[-8.263746819,-4.000461788],[-8.703442888,-3.16828129],[-13.20022794,-1.119113418],[-13.1782008,-1.070776088],[-12.70552831,-0.03352255559],[-12.79934766,0.009230567525],[-13.74699207,0.4410685284],[-14.77968837,-1.825126124]]",24.49999188,Exterior Decking,floor,0.0508
676b85f5-7db8-478c-8bcb-e82db93706d5-0015ba02,Finish Floor - Laminate,,561adf52-04d9-49cc-aa0c-378397704344-0009aa6e,,,0,22.1629657,-15.1638,-8.571859025,-1.2065,-6.289675,10.9204125,-1.0541,"[[-12.0523,6.2849125],[-12.0523,6.0071],[-14.859,6.0071],[-15.1638,6.0071],[-15.1638,-8.571859025],[-14.4018,-8.571859025],[-12.13485,-8.571859025],[-12.13485,-7.962259025],[-9.35355,-7.962259025],[-9.35355,-8.3058],[-9.35355,-8.571859025],[-6.289675,-8.571859025],[-6.289675,-8.3058],[-6.289675,10.9204125],[-9.77265,10.9204125],[-9.77265,6.2849125],[-11.938,6.2849125]]",145.4262841,"Concrete, Precast",floor,0.1524
676b85f5-7db8-478c-8bcb-e82db93706d5-0015ba0e,Finish Floor - Polished Concrete (Brown),,434b4aa7-f200-460c-b3bb-afb56c30ead0-00090d19,,,0,13.62751619,-14.9606,0.17145,2.3114,15.5829,7.1961375,2.4638,"[[2.1209,6.6421],[1.4859,6.6421]]",89.4194057,"Concrete, Polished",floor,0.1524
676b85f5-7db8-478c-8bcb-e82db93706d5-0015ba1b,Finish Floor - Polished Concrete (Brown),,434b4aa7-f200-460c-b3bb-afb56c30ead0-00090cfb,,,0,14.42107603,-15.09395,0.5715,5.588,17.17262311,7.1961375,5.7404,"[[12.4206,0.5715],[15.5829,0.5715],[15.5829,0.714375],[17.17262311,0.714375],[17.17262311,0.80645],[17.17262311,2.790825],[15.4559,2.790825],[12.690475,2.790825],[12.455525,2.790825],[2.841625,2.790825],[2.841625,7.1961375],[1.209675,7.1961375],[1.1938,7.1961375],[1.1938,6.0071],[0.9398,6.0071],[0.28575,6.0071],[-0.94615,6.0071],[-1.8542,6.0071],[-1.901825,6.0071],[-1.901825,2.790825],[-6.054725,2.790825],[-6.289675,2.790825],[-9.18845,2.790825],[-11.953875,2.790825],[-11.953875,6.0071],[-12.0015,6.0071],[-12.4587,6.0071],[-13.4747,6.0071],[-14.859,6.0071],[-15.09395,6.0071],[-15.09395,0.714375],[-14.9606,0.714375],[-14.944725,0.714375],[-6.289675,0.714375],[-5.845175,0.714375],[-5.819775,0.714375],[-5.819775,0.57785],[-4.702175,0.57785],[-4.702175,0.635],[-4.676775,0.635],[1.209675,0.635],[1.209675,0.714375],[12.3571,0.714375],[12.4206,0.714375]]",94.6282796,"Concrete, Polished",floor,0.1524
676b85f5-7db8-478c-8bcb-e82db93706d5-0015ba32,Finish Floor - Polished Concrete (Brown),,434b4aa7-f200-460c-b3bb-afb56c30ead0-00090d1a,,,0,14.16290143,-15.09395,0.5715,9.652,17.17262311,7.1961375,9.8044,"[[2.1209,6.6421],[1.4859,6.6421]]",92.93422049,"Concrete, Polished",floor,0.1524
676b85f5-7db8-478c-8bcb-e82db93706d5-0015ba49,Finish Floor - Polished Concrete (Brown),,434b4aa7-f200-460c-b3bb-afb56c30ead0-00090d1b,,,0,16.29374438,-15.09395,-1.640881966,13.716,15.630525,7.1961375,13.8684,"[[12.4206,-0.8421643743],[12.4206,0.5715],[12.87049811,0.5715],[13.88649811,0.5715],[15.5829,0.5715],[15.5829,0.8763],[15.630525,0.8763],[15.630525,2.790825],[15.4559,2.790825],[12.690475,2.790825],[12.455525,2.790825],[2.841625,2.790825],[2.841625,7.1961375],[1.209675,7.1961375],[1.1938,7.1961375],[1.1938,6.0071],[0.9398,6.0071],[0.28575,6.0071],[-0.94615,6.0071],[-1.8542,6.0071],[-1.901825,6.0071],[-1.901825,2.790825],[-6.054725,2.790825],[-6.289675,2.790825],[-9.18845,2.790825],[-11.953875,2.790825],[-11.953875,6.0071],[-12.0015,6.0071],[-12.4587,6.0071],[-13.4747,6.0071],[-14.859,6.0071],[-15.09395,6.0071],[-15.09395,2.816225],[-13.954125,2.816225],[-13.954125,0.8704137284],[-8.443226116,-1.640881966],[-7.87489003,-0.3937],[-6.162675,-0.3937],[-6.162675,0.8382],[-6.022975,0.8382],[0.942975,0.8382],[1.082675,0.8382],[1.082675,-0.3937],[2.233380155,-0.3937],[2.90219573,1.073978624],[6.461640602,-0.5480468879],[6.967251293,0.5614876826],[11.58990697,-1.545038956],[11.91020425,-0.8421643743]]",106.9161296,"Concrete, Polished",floor,0.1524
676b85f5-7db8-478c-8bcb-e82db93706d5-0015ba61,Finish Floor - Laminate,,434b4aa7-f200-460c-b3bb-afb56c30ead0-00090cfb,,,0,4.078169768,-6.054725,2.790825,5.588,-1.8542,9.48722658,5.7404,"[[-1.901825,6.0071],[-1.8542,6.0071],[-1.8542,9.008666304],[-4.216007996,9.48722658],[-5.130407996,9.48722658],[-5.130407996,8.573066641],[-6.054725,8.573066641],[-6.054725,2.790825],[-1.901825,2.790825]]",26.75962599,"Concrete, Precast",floor,0.1524
676b85f5-7db8-478c-8bcb-e82db93706d5-0015ba6c,Finish Floor - Laminate,,434b4aa7-f200-460c-b3bb-afb56c30ead0-00090cf6,,,0,17.04073343,12.690475,-8.929140781,-0.1524,21.68824546,12.8778,0,"[[16.63065,12.8778],[15.03045,12.8778],[15.03045,8.0899],[12.690475,8.0899],[12.690475,2.714625],[12.722225,2.714625],[15.554325,2.714625],[15.554325,0.8763],[15.5829,0.8763],[15.5829,-8.929140781],[16.17992687,-8.850540703],[16.16376446,-8.727775043],[17.27180324,-8.58189897],[17.17897301,-7.876783385],[17.29069457,-7.862074962],[17.59446088,-7.822083369],[19.94906995,-7.512093204],[20.04190018,-8.217208789],[21.14991229,-8.071336228],[21.1461825,-8.043005691],[21.28468735,-8.024771182],[21.33820059,-8.017726031],[21.28847011,-7.639985538],[21.68824546,-7.587354115],[20.76082878,-0.542925],[20.29968361,-0.542925],[19.29619739,-0.542925],[19.29619739,0.682625],[19.29619739,0.8763],[19.29619739,1.050925],[20.08984928,1.050925],[20.55099444,1.050925],[19.2347229,11.049],[16.63065,11.049]]",111.8158362,"Concrete, Precast",floor,0.1524
676b85f5-7db8-478c-8bcb-e82db93706d5-0015ba77,"Metal Stud 10"" - Laminate Finish",,561adf52-04d9-49cc-aa0c-378397704344-0009aa6e,,,0.6096,22.18504613,1.1938,-9.2329,-0.73025,12.58032137,-1.0033,-0.4445,"[[7.234542365,-1.9177],[1.1938,-1.9177],[1.1938,-8.0772],[1.381125,-8.0772],[1.381125,-9.17575],[2.032,-9.17575],[2.032,-9.2329],[3.1496,-9.2329],[3.1496,-8.5217],[5.9436,-8.5217],[5.9436,-9.2329],[6.985,-9.2329],[6.985,-9.17575],[7.62,-9.17575],[7.62,-9.2329],[8.7376,-9.2329],[8.7376,-8.5217],[11.5316,-8.5217],[11.5316,-9.2329],[12.58032137,-9.2329],[12.50654495,-8.6725125],[12.2047,-8.6725125],[12.2047,-1.9177],[8.509,-1.9177],[8.509,-1.0033],[7.234542365,-1.0033]]",77.63795671,Metal Stud Layer,floor,0.28575
676b85f5-7db8-478c-8bcb-e82db93706d5-0015bac7,Finish Floor - Laminate,,434b4aa7-f200-460c-b3bb-afb56c30ead0-00090d1b,,,0,4.074275147,-6.054725,2.790825,13.716,-1.8542,9.48722658,13.8684,"[[-1.901825,2.790825],[-1.901825,6.0071],[-1.8542,6.0071],[-1.8542,8.5217],[-1.905,8.5217],[-1.905,9.02986329],[-4.216007996,9.48722658],[-5.130407996,9.48722658],[-5.130407996,8.572766759],[-6.054725,8.572766759],[-6.054725,2.790825]]",26.73407191,"Concrete, Precast",floor,0.1524
e94bc2e2-ac7a-4b1c-8c4a-f6fd596bd686-00164347,Hardscape - Brick Walk,,434b4aa7-f200-460c-b3bb-afb56c30ead0-00090d18,,,0.381,0.1465986745,-28.438475,-6.731,-1.524,-27.7622,-4.5974,-1.4224,"[[-27.7622,-4.5974],[-27.771725,-4.5974],[-28.438475,-4.5974],[-28.438475,-6.731],[-27.771725,-6.731],[-27.7622,-6.731]]",1.44290034,"Brick, Common",floor,0.1016
ca046bf0-c4fe-4a51-bfbd-29bcee91b9ff-001643ad,Roof - Porcelain Float Deck 2'x2',,434b4aa7-f200-460c-b3bb-afb56c30ead0-00090d18,,,0.0508,4.73979889,-33.9852,-2.413,-1.8034,-15.3162,5.565775,-1.7526,"[[-15.3162,-2.413],[-15.3162,2.635250004],[-27.708225,2.635250004],[-28.38444807,0.270507726],[-28.38444807,-2.413]]",93.30312192,Stone Tiles,floor,0.0508
9ae250f9-39c5-43a8-aca7-52422cc42f21-0016e7e0,Finish Floor - Terrazo,,561adf52-04d9-49cc-aa0c-378397704344-0009aa6e,,,0.3048,9.97182546,-6.054725,-8.658225,-0.9017,0.974725,0.97155,-0.7493,"[[-6.054725,-8.658225],[-6.0198,-8.658225],[-5.8039,-8.658225],[-4.7879,-8.658225],[-3.53695,-8.658225],[-1.54305,-8.658225],[-0.2924175,-8.658225],[0.7235825,-8.658225],[0.9398,-8.658225],[0.974725,-8.658225],[0.974725,0.1524],[-1.78435,0.1524],[-1.78435,0.97155],[-3.76555,0.97155],[-6.022975,0.97155],[-6.054725,0.97155],[-6.054725,-8.587734025]]",65.43192559,"Concrete, Precast",floor,0.1524
83ab88e0-0ac8-4f33-8e63-4fadd2406329-0017b78e,Sidewalk,,434b4aa7-f200-460c-b3bb-afb56c30ead0-00090cf6,,,-0.508,2.545417711,1.03886,-9.603734025,-0.8128,12.59233741,-8.5217,-0.508,"[[12.59233741,-9.603734025],[12.59233741,-9.324170869],[12.58032137,-9.2329],[11.5316,-9.2329],[11.5316,-8.5217],[8.7376,-8.5217],[8.7376,-9.2329],[7.62,-9.2329],[7.62,-9.17575],[6.985,-9.17575],[6.985,-9.2329],[5.9436,-9.2329],[5.9436,-8.5217],[3.1496,-8.5217],[3.1496,-9.2329],[2.032,-9.2329],[2.032,-9.17575],[1.03886,-9.17575],[1.03886,-9.603734025]]",8.351107975,"Asphalt, Pavement, Light Grey",floor,0.3048
83ab88e0-0ac8-4f33-8e63-4fadd2406329-0017b906,Sidewalk,,434b4aa7-f200-460c-b3bb-afb56c30ead0-00090cf6,,,0.0381,0.5384372771,13.2207965,-9.041357854,-0.2667,15.53720266,-8.1153,0.0381,"[[13.2207965,-8.1153],[13.2207965,-9.041357854],[15.53720266,-8.736397198],[15.45543366,-8.1153]]",1.7665265,"Asphalt, Pavement, Light Grey",floor,0.3048
83ab88e0-0ac8-4f33-8e63-4fadd2406329-0017bb7a,Sidewalk,,434b4aa7-f200-460c-b3bb-afb56c30ead0-00090cf6,,,-0.0508,1.276099721,15.56292406,-9.20770315,-0.508288569,21.2024019,-7.512093204,0.03985674691,"[[21.2024019,-8.470034375],[21.14991229,-8.071336228],[20.04190018,-8.217208789],[19.94906995,-7.512093204],[17.17897301,-7.876783385],[17.27180324,-8.58189897],[16.16376446,-8.727775043],[16.17992687,-8.850540703],[15.56292406,-8.931770663],[15.59925126,-9.20770315]]",4.186678874,"Asphalt, Pavement, Light Grey",floor,0.3048
d27a0f98-dfac-4a39-9853-88400c849a43-00191369,Stair Landing Steel Plate,,434b4aa7-f200-460c-b3bb-afb56c30ead0-00090d19,,,0,0.02573178725,12.73175,-1.2319,2.45745,15.27175,0.56515,2.4638,"[[14.15415,-1.2319],[15.27175,-1.2319],[15.27175,0.56515],[13.8938,0.56515],[12.8778,0.56515],[12.73175,0.56515],[12.73175,-0.92075],[13.84935,-0.92075],[13.84935,-0.69215],[14.15415,-0.69215]]",4.05224996,"Steel, Paint Finish, Dark Gray",floor,0.00635
082ad65f-ae0f-4aa4-a221-de02e0967fb8-001915f5,Stair Landing Steel Plate,,434b4aa7-f200-460c-b3bb-afb56c30ead0-00090cfb,,,0,0.02771462199,12.73175,-1.2319,5.73405,15.27175,0.56515,5.7404,"[[14.15415,-1.2319],[15.27175,-1.2319],[15.27175,0.56515],[13.8938,0.56515],[12.8778,0.56515],[12.73175,0.56515],[12.73175,-1.20015],[13.84935,-1.20015],[13.84935,-0.69215],[14.15415,-0.69215]]",4.3645074,"Steel, Paint Finish, Dark Gray",floor,0.00635
082ad65f-ae0f-4aa4-a221-de02e0967fb8-0019164b,Stair Landing Steel Plate,,434b4aa7-f200-460c-b3bb-afb56c30ead0-00090d1a,,,0,0.02969745673,12.73175,-1.47955,9.79805,15.27175,0.56515,9.8044,"[[14.15415,-1.2319],[15.27175,-1.2319],[15.27175,0.56515],[13.8938,0.56515],[12.8778,0.56515],[12.73175,0.56515],[12.73175,-1.47955],[13.84935,-1.47955],[13.84935,-0.69215],[14.15415,-0.69215]]",4.67676484,"Steel, Paint Finish, Dark Gray",floor,0.00635
082ad65f-ae0f-4aa4-a221-de02e0967fb8-001916a1,Stair Landing Steel Plate,,434b4aa7-f200-460c-b3bb-afb56c30ead0-00090d1b,,,0,0.02969745673,12.73175,-1.47955,13.86205,15.27175,0.56515,13.8684,"[[14.15415,-1.2319],[15.27175,-1.2319],[15.27175,0.56515],[13.8938,0.56515],[12.8778,0.56515],[12.73175,0.56515],[12.73175,-1.47955],[13.84935,-1.47955],[13.84935,-0.69215],[14.15415,-0.69215]]",4.67676484,"Steel, Paint Finish, Dark Gray",floor,0.00635
27f91e31-2bdf-4a66-a13f-6fbddb02715b-001d4ab4,"Concrete Slab 4""",,434b4aa7-f200-460c-b3bb-afb56c30ead0-00090d1b,,,-0.0508,0.3146316288,-9.959975,13.0302,13.716,-7.419975,14.2494,13.8176,"[[-8.710613294,14.2494],[-9.959975,14.2494],[-9.959975,13.0302],[-7.419975,13.0302],[-7.419975,14.2494]]",3.096768,"Concrete, Cast-in-Place gray",floor,0.1016
27f91e31-2bdf-4a66-a13f-6fbddb02715b-001d4adb,"Concrete Slab 4""",,434b4aa7-f200-460c-b3bb-afb56c30ead0-00090d19,,,-0.0508,0.3146316288,2.740025,13.0302,2.3114,5.280025,14.2494,2.413,"[[3.989386706,14.2494],[2.740025,14.2494],[2.740025,13.0302],[5.280025,13.0302],[5.280025,14.2494]]",3.096768,"Concrete, Cast-in-Place gray",floor,0.1016
27f91e31-2bdf-4a66-a13f-6fbddb02715b-001d4b04,"Concrete Slab 4""",,434b4aa7-f200-460c-b3bb-afb56c30ead0-00090d1a,,,-0.0508,0.3146316288,-27.2796,13.0302,9.652,-24.7396,14.2494,9.7536,"[[-26.03023829,14.2494],[-27.2796,14.2494],[-27.2796,13.0302],[-24.7396,13.0302],[-24.7396,14.2494]]",3.096768,"Concrete, Cast-in-Place gray",floor,0.1016
27f91e31-2bdf-4a66-a13f-6fbddb02715b-001d4b30,"Concrete Slab 4""",,434b4aa7-f200-460c-b3bb-afb56c30ead0-00090d1a,,,-0.0508,0.3146316288,14.170025,13.0302,9.652,16.710025,14.2494,9.7536,"[[15.41938671,14.2494],[14.170025,14.2494],[14.170025,13.0302],[16.710025,13.0302],[16.710025,14.2494]]",3.096768,"Concrete, Cast-in-Place gray",floor,0.1016
27f91e31-2bdf-4a66-a13f-6fbddb02715b-001d4b5a,"Concrete Slab 4""",,434b4aa7-f200-460c-b3bb-afb56c30ead0-00090cfb,,,-0.0508,0.3146316288,-20.9296,13.0302,5.588,-18.3896,14.2494,5.6896,"[[-19.68023829,14.2494],[-20.9296,14.2494],[-20.9296,13.0302],[-18.3896,13.0302],[-18.3896,14.2494]]",3.096768,"Concrete, Cast-in-Place gray",floor,0.1016
27f91e31-2bdf-4a66-a13f-6fbddb02715b-001d4b84,"Concrete Slab 4""",,434b4aa7-f200-460c-b3bb-afb56c30ead0-00090cfb,,,-0.0508,0.3146316288,2.740025,13.0302,5.588,5.280025,14.2494,5.6896,"[[3.989386706,14.2494],[2.740025,14.2494],[2.740025,13.0302],[5.280025,13.0302],[5.280025,14.2494]]",3.096768,"Concrete, Cast-in-Place gray",floor,0.1016
387132aa-2dd0-4a2d-83ed-7274e95a27e3-001ee13a,"Concrete Slab 4""",,434b4aa7-f200-460c-b3bb-afb56c30ead0-00090d1a,,,-0.0508,0.3146316288,-2.339975,13.0302,9.652,0.200025,14.2494,9.7536,"[[-1.090613294,14.2494],[-2.339975,14.2494],[-2.339975,13.0302],[0.200025,13.0302],[0.200025,14.2494]]",3.096768,"Concrete, Cast-in-Place gray",floor,0.1016
d5fdcb48-53c1-471f-a07d-22244137b28b-001f6acb,Roof - Porcelain Float Deck 2'x2',,9b742a74-29a2-4bfb-b21f-467adccc22dd-000eb741,,,0.381,0.5825052712,-6.022975,-5.060460051,16.383,0.942975,-2.886705163,16.4338,"[[-6.022975,-5.060459786],[0.942975,-5.060460051],[0.942975,-3.290044988],[0.9398,-3.2893],[-1.8542,-2.902143482],[-3.2258,-2.902143482],[-6.0198,-3.2893],[-6.022975,-3.290044988]]",11.46558888,Stone Tiles,floor,0.0508
2f078b15-eeba-4672-bfcc-6e5da742ef42-001f6ed8,"Concrete Slab 4""",,bf09761f-abbe-4f7b-bf24-58b710b64a00-001d5fb5,,,0.0254,0.0442280858,-6.054725,1.595478769,18.1864,0.97155,2.051521957,18.288,"[[-3.2258,1.975250867],[-3.2258,2.051521957],[-3.229097115,2.051379502],[-6.054725,1.673614737],[-6.054725,1.595478769]]",0.4353168772,"Concrete, Cast-in-Place gray",floor,0.1016
2f078b15-eeba-4672-bfcc-6e5da742ef42-001f6eee,"Concrete Slab 4""",,9b742a74-29a2-4bfb-b21f-467adccc22dd-000eb741,,,0.4064,0.349752457,-6.0198,-3.2893,16.3576,0.9398,-2.291949133,16.4592,"[[-3.2258,-2.902143482],[-3.2258,-2.291949133],[-6.0198,-2.663820176],[-6.0198,-3.2893]]",3.442449183,"Concrete, Cast-in-Place gray",floor,0.1016
2f078b15-eeba-4672-bfcc-6e5da742ef42-001f70e8,"Concrete Slab 4""",,9b742a74-29a2-4bfb-b21f-467adccc22dd-000eb741,,,0.635,0.3497524558,-6.0198,-2.6797,16.5862,0.9398,-1.682349133,16.6878,"[[-3.2258,-2.292543482],[-3.2258,-1.682349133],[-6.0198,-2.054220176],[-6.0198,-2.6797]]",3.442453123,"Concrete, Cast-in-Place gray",floor,0.1016
2f078b15-eeba-4672-bfcc-6e5da742ef42-001f7115,"Concrete Slab 4""",,434b4aa7-f200-460c-b3bb-afb56c30ead0-00090d35,,,0.254,0.3497524558,-6.0198,-2.0701,16.8148,0.9398,-1.072749133,16.9164,"[[-3.2258,-1.682943482],[-3.2258,-1.072749133],[-6.0198,-1.444620176],[-6.0198,-2.0701]]",3.442453123,"Concrete, Cast-in-Place gray",floor,0.1016
2f078b15-eeba-4672-bfcc-6e5da742ef42-001f7122,"Concrete Slab 4""",,434b4aa7-f200-460c-b3bb-afb56c30ead0-00090d35,,,0.4826,0.3497524558,-6.0198,-1.4605,17.0434,0.9398,-0.4631491329,17.145,"[[-3.2258,-1.073343482],[-3.2258,-0.4631491329],[-6.0198,-0.8350201757],[-6.0198,-1.4605]]",3.442453123,"Concrete, Cast-in-Place gray",floor,0.1016
2f078b15-eeba-4672-bfcc-6e5da742ef42-001f712f,"Concrete Slab 4""",,434b4aa7-f200-460c-b3bb-afb56c30ead0-00090d35,,,0.7112,0.3497524558,-6.0198,-0.8509,17.272,0.9398,0.1464508671,17.3736,"[[-3.2258,-0.4637434822],[-3.2258,0.1464508671],[-6.0198,-0.2254201757],[-6.0198,-0.8509]]",3.442453123,"Concrete, Cast-in-Place gray",floor,0.1016
2f078b15-eeba-4672-bfcc-6e5da742ef42-001f713c,"Concrete Slab 4""",,434b4aa7-f200-460c-b3bb-afb56c30ead0-00090d35,,,0.9398,0.3497524558,-6.0198,-0.2413,17.5006,0.9398,0.7560508671,17.6022,"[[-3.2258,0.1458565178],[-3.2258,0.7560508671],[-6.0198,0.3841798243],[-6.0198,-0.2413]]",3.442453123,"Concrete, Cast-in-Place gray",floor,0.1016
2f078b15-eeba-4672-bfcc-6e5da742ef42-001f7149,"Concrete Slab 4""",,02a23a8b-94c1-452d-91fe-6406594cff3b-00095ad3,,,-0.1016,0.3211340262,-6.0198,0.3683,17.7292,0.9398,1.365650867,17.8308,"[[0.9398,0.3683],[0.9398,0.9937798243],[-1.8542,1.365650867],[-1.8542,0.7554565178]]",3.442449183,"Concrete, Cast-in-Place gray",floor,0.1016
2f078b15-eeba-4672-bfcc-6e5da742ef42-001f7156,"Concrete Slab 4""",,02a23a8b-94c1-452d-91fe-6406594cff3b-00095ad3,,,0.127,0.3497524575,-6.0198,0.9779,17.9578,0.9398,1.975250867,18.0594,"[[-3.2258,1.365056518],[-3.2258,1.975250867],[-6.0198,1.603379824],[-6.0198,0.9779]]",3.442451496,"Concrete, Cast-in-Place gray",floor,0.1016
850a49e3-e026-4fc5-be27-49805b4bd6f4-001f77e6,"Concrete Slab 4""",,9b742a74-29a2-4bfb-b21f-467adccc22dd-000eb741,,,0.4064,0.4347312449,-6.0198,-3.2893,16.3576,0.9398,-2.277105163,16.4592,"[[0.9398,-3.2893],[0.9398,-2.663820176],[-6.0198,-2.663820176],[-6.0198,-3.2893]]",4.279211413,"Concrete, Cast-in-Place gray",floor,0.1016
850a49e3-e026-4fc5-be27-49805b4bd6f4-001f77ee,"Concrete Slab 4""",,bf09761f-abbe-4f7b-bf24-58b710b64a00-001d5fb5,,,0.0254,0.05485028409,-6.054725,1.595478769,18.1864,0.97155,2.066294754,18.288,"[[0.97155,1.596200475],[0.97155,1.674332812],[-6.054725,1.673614737],[-6.054725,1.595478769]]",0.5398967239,"Concrete, Cast-in-Place gray",floor,0.1016
850a49e3-e026-4fc5-be27-49805b4bd6f4-001f7811,"Concrete Slab 4""",,9b742a74-29a2-4bfb-b21f-467adccc22dd-000eb741,,,0.635,0.4347312449,-6.0198,-2.6797,16.5862,0.9398,-1.667505163,16.6878,"[[0.9398,-2.6797],[0.9398,-2.054220176],[-6.0198,-2.054220176],[-6.0198,-2.6797]]",4.279211413,"Concrete, Cast-in-Place gray",floor,0.1016
850a49e3-e026-4fc5-be27-49805b4bd6f4-001f7821,"Concrete Slab 4""",,434b4aa7-f200-460c-b3bb-afb56c30ead0-00090d35,,,0.254,0.4347312449,-6.0198,-2.0701,16.8148,0.9398,-1.057905163,16.9164,"[[0.9398,-2.0701],[0.9398,-1.444620176],[-6.0198,-1.444620176],[-6.0198,-2.0701]]",4.279211413,"Concrete, Cast-in-Place gray",floor,0.1016
850a49e3-e026-4fc5-be27-49805b4bd6f4-001f782d,"Concrete Slab 4""",,434b4aa7-f200-460c-b3bb-afb56c30ead0-00090d35,,,0.4826,0.4347312449,-6.0198,-1.4605,17.0434,0.9398,-0.4483051626,17.145,"[[0.9398,-1.4605],[0.9398,-0.8350201757],[-6.0198,-0.8350201757],[-6.0198,-1.4605]]",4.279211413,"Concrete, Cast-in-Place gray",floor,0.1016
850a49e3-e026-4fc5-be27-49805b4bd6f4-001f7839,"Concrete Slab 4""",,434b4aa7-f200-460c-b3bb-afb56c30ead0-00090d35,,,0.7112,0.4347312449,-6.0198,-0.8509,17.272,0.9398,0.1612948374,17.3736,"[[0.9398,-0.8509],[0.9398,-0.2254201757],[-6.0198,-0.2254201757],[-6.0198,-0.8509]]",4.279211413,"Concrete, Cast-in-Place gray",floor,0.1016
850a49e3-e026-4fc5-be27-49805b4bd6f4-001f7845,"Concrete Slab 4""",,434b4aa7-f200-460c-b3bb-afb56c30ead0-00090d35,,,0.9398,0.4347312449,-6.0198,-0.2413,17.5006,0.9398,0.7708948374,17.6022,"[[0.9398,-0.2413],[0.9398,0.3841798243],[-6.0198,0.3841798243],[-6.0198,-0.2413]]",4.279211413,"Concrete, Cast-in-Place gray",floor,0.1016
850a49e3-e026-4fc5-be27-49805b4bd6f4-001f7851,"Concrete Slab 4""",,02a23a8b-94c1-452d-91fe-6406594cff3b-00095ad3,,,-0.1016,0.4347312449,-6.0198,0.3683,17.7292,0.9398,1.380494837,17.8308,"[[0.9398,0.3683],[0.9398,0.9937798243],[-6.0198,0.9937798243],[-6.0198,0.3683]]",4.279211413,"Concrete, Cast-in-Place gray",floor,0.1016
850a49e3-e026-4fc5-be27-49805b4bd6f4-001f785d,"Concrete Slab 4""",,02a23a8b-94c1-452d-91fe-6406594cff3b-00095ad3,,,0.127,0.4347312449,-6.0198,0.9779,17.9578,0.9398,1.990094837,18.0594,"[[0.9398,0.9779],[0.9398,1.603379824],[-6.0198,1.603379824],[-6.0198,0.9779]]",4.279211413,"Concrete, Cast-in-Place gray",floor,0.1016
b68f5e86-3059-454a-b0e0-715f2baf5f78-001fb1b7,Finish Floor - Polished Concrete (Grey),,434b4aa7-f200-460c-b3bb-afb56c30ead0-00090cfb,,,0,36.05692335,-33.740725,-3.204865832,5.588,-15.09395,12.7254,5.7404,"[[-33.740725,5.7023],[-33.740725,0.2535628077],[-33.664525,0.2535628077],[-32.4503816,0.2535628077],[-32.44659402,0.2535628077],[-32.17237098,0.1286004104],[-32.86409055,-1.389339758],[-32.87067344,-1.403785557],[-28.91830284,-3.204865832],[-28.91171994,-3.190420033],[-27.08247599,0.823754201],[-26.80511665,0.6973626027],[-25.58011289,0.1391330436],[-25.70650449,-0.1382262972],[-26.27183246,-1.378807125],[-26.27841536,-1.393252924],[-22.32604475,-3.194333199],[-22.31946186,-3.1798874],[-20.4902179,0.8342868342],[-20.21285856,0.7078952359],[-18.98785481,0.1496656767],[-19.1142464,-0.127693664],[-19.67957438,-1.368274491],[-19.68615727,-1.38272029],[-15.73378667,-3.183800566],[-15.72720377,-3.169354767],[-15.3162,-2.267429825],[-15.09395,-2.267429825],[-15.09395,0.714375],[-15.09395,5.7023],[-15.09395,6.0071],[-15.09395,12.7254],[-15.1638,12.7254],[-19.7866,12.7254],[-20.8026,12.7254],[-30.3657,12.7254],[-30.3657,12.709525],[-30.3657,10.531475],[-30.3657,10.4521],[-27.5717,10.4521],[-27.5717,7.9375],[-28.47975,7.9375],[-29.71165,7.9375],[-30.3657,7.9375],[-30.3657,7.6835],[-30.3657,7.1755],[-30.3657,6.1595],[-30.3657,5.7023],[-33.664525,5.7023]]",236.5939853,"Concrete, Precast Smooth, Light Grey",floor,0.1524
92eae6b4-64be-44a8-bd65-cd5f0a9f6b02-001fb3da,Finish Floor - Laminate,,434b4aa7-f200-460c-b3bb-afb56c30ead0-00090cfb,,,0,7.382285788,-11.938,2.790825,5.588,-6.289675,12.7254,5.7404,"[[-9.18845,2.790825],[-6.289675,2.790825],[-6.289675,12.709525],[-6.289675,12.7254],[-11.938,12.7254],[-11.938,12.709525],[-11.938,5.58165],[-9.18845,5.58165]]",48.44019546,"Concrete, Precast",floor,0.1524
bbcbc9b5-6734-4739-8a6c-8cc02c2a73a2-001fb77d,Finish Floor - Polished Concrete (Brown),,434b4aa7-f200-460c-b3bb-afb56c30ead0-00090cfb,,,0,1.176195345,-11.953875,2.790825,5.588,-9.18845,5.58165,5.7404,"[[-9.18845,2.790825],[-9.18845,5.58165],[-11.938,5.58165],[-11.953875,5.58165],[-11.953875,2.790825]]",7.717817226,"Concrete, Polished",floor,0.1524
921cae3c-b889-4ca8-aa7a-6b3858702e7f-001fdbfe,Cores - Mechanical Space,,434b4aa7-f200-460c-b3bb-afb56c30ead0-00090d1a,,,2.924175,1.286186407,-4.7879,2.790825,12.61745,-1.56845,6.47065,12.728575,"[[-1.9177,6.47065],[-4.7879,6.47065],[-4.7879,2.822575],[-4.7879,2.790825],[-1.56845,2.790825],[-1.56845,2.822575],[-1.56845,5.6896],[-1.9177,5.6896]]",11.57423088,Metal Stud Layer,floor,0.111125
921cae3c-b889-4ca8-aa7a-6b3858702e7f-001fde77,Cores - Mechanical Space,,434b4aa7-f200-460c-b3bb-afb56c30ead0-00090d19,,,2.924175,1.286186407,-4.7879,2.790825,5.27685,-1.56845,6.47065,5.387975,"[[-1.9177,6.47065],[-4.7879,6.47065],[-4.7879,5.98805],[-4.7879,5.72135],[-4.7879,2.822575],[-4.7879,2.790825],[-1.628775,2.790825],[-1.56845,2.790825],[-1.56845,5.6896],[-1.9177,5.6896]]",11.57423088,Metal Stud Layer,floor,0.111125
d26415e6-6c84-41f1-aca3-44e7e954b7b1-001fe231,Cores - Mechanical Space,,434b4aa7-f200-460c-b3bb-afb56c30ead0-00090d1a,,,2.924175,1.733098449,5.419725,3.997325,12.61745,10.690225,6.956425,12.728575,"[[10.690225,3.997325],[10.690225,6.956425],[5.419725,6.956425],[5.419725,3.997325]]",15.59593655,Metal Stud Layer,floor,0.111125
d26415e6-6c84-41f1-aca3-44e7e954b7b1-001fea93,Cores - Mechanical Space,,434b4aa7-f200-460c-b3bb-afb56c30ead0-00090d19,,,2.924175,1.733098449,5.419725,3.997325,5.27685,10.690225,6.956425,5.387975,"[[10.690225,3.997325],[10.690225,5.715381],[10.690225,5.982081],[10.690225,6.956425],[5.419725,6.956425],[5.419725,3.997325]]",15.59593655,Metal Stud Layer,floor,0.111125
d26415e6-6c84-41f1-aca3-44e7e954b7b1-001feae0,Cores - Mechanical Space,,434b4aa7-f200-460c-b3bb-afb56c30ead0-00090cfb,,,2.924175,1.733098449,5.419725,3.997325,8.55345,10.690225,6.956425,8.664575,"[[10.690225,3.997325],[10.690225,6.956425],[5.419725,6.956425],[5.419725,3.997325]]",15.59593655,Metal Stud Layer,floor,0.111125
d26415e6-6c84-41f1-aca3-44e7e954b7b1-001feb2d,Cores - Mechanical Space,,434b4aa7-f200-460c-b3bb-afb56c30ead0-00090d1b,,,2.924175,1.733098449,5.419725,3.997325,16.68145,10.690225,6.956425,16.792575,"[[10.690225,3.997325],[10.690225,6.956425],[5.419725,6.956425],[5.419725,3.997325]]",15.59593655,Metal Stud Layer,floor,0.111125
c76093c6-f4d4-475f-8606-be2ece4382cd-001fedca,Cores - Mechanical Space,,434b4aa7-f200-460c-b3bb-afb56c30ead0-00090cfb,,,2.924175,1.718222068,-13.382625,-3.578225,8.55345,-8.112125,-0.644525,8.664575,"[[-8.112125,-3.578225],[-8.112125,-0.644525],[-13.382625,-0.644525],[-13.382625,-3.578225]]",15.46206585,Metal Stud Layer,floor,0.111125
c76093c6-f4d4-475f-8606-be2ece4382cd-001ff825,Cores - Mechanical Space,,434b4aa7-f200-460c-b3bb-afb56c30ead0-00090d19,,,2.924175,1.718222068,-13.382625,-3.578225,5.27685,-8.112125,-0.644525,5.387975,"[[-8.112125,-3.578225],[-8.112125,-0.644525],[-13.382625,-0.644525],[-13.382625,-3.578225]]",15.46206585,Metal Stud Layer,floor,0.111125
c76093c6-f4d4-475f-8606-be2ece4382cd-001ff869,Cores - Mechanical Space,,434b4aa7-f200-460c-b3bb-afb56c30ead0-00090d1a,,,2.924175,1.718222068,-13.382625,-3.578225,12.61745,-8.112125,-0.644525,12.728575,"[[-8.112125,-3.578225],[-8.112125,-0.644525],[-13.382625,-0.644525],[-13.382625,-3.578225]]",15.46206585,Metal Stud Layer,floor,0.111125
c76093c6-f4d4-475f-8606-be2ece4382cd-001ff8ae,Cores - Mechanical Space,,434b4aa7-f200-460c-b3bb-afb56c30ead0-00090cfb,,,2.924175,1.718222068,2.873375,-3.578225,8.55345,8.143875,-0.644525,8.664575,"[[8.143875,-3.578225],[8.143875,-0.644525],[2.873375,-0.644525],[2.873375,-3.578225]]",15.46206585,Metal Stud Layer,floor,0.111125
c76093c6-f4d4-475f-8606-be2ece4382cd-001ff8f3,Cores - Mechanical Space,,434b4aa7-f200-460c-b3bb-afb56c30ead0-00090d1a,,,2.924175,1.718222068,2.873375,-3.578225,12.61745,8.143875,-0.644525,12.728575,"[[8.143875,-3.578225],[8.143875,-0.644525],[2.873375,-0.644525],[2.873375,-3.578225]]",15.46206585,Metal Stud Layer,floor,0.111125
c0f5c8ed-3fb4-4125-b1d2-ad22092f5193-00201077,Cores - Mechanical Space,,434b4aa7-f200-460c-b3bb-afb56c30ead0-00090cfb,,,2.924175,1.536044121,17.01863561,-3.051175,8.55345,20.9373311,0.714375,8.664575,"[[17.01863561,0.714375],[17.01863561,0.682625],[17.01863561,-3.051175],[20.9373311,-3.051175],[20.44158704,0.714375],[20.42557505,0.714375]]",13.82266926,Metal Stud Layer,floor,0.111125
c0f5c8ed-3fb4-4125-b1d2-ad22092f5193-00201190,Cores - Mechanical Space,,434b4aa7-f200-460c-b3bb-afb56c30ead0-00090d1a,,,2.924175,1.536044121,16.989425,-3.051175,12.61745,20.90812049,0.714375,12.728575,"[[16.989425,0.714375],[16.989425,0.682625],[16.989425,-3.051175],[20.90812049,-3.051175],[20.41655639,0.682625],[20.41237642,0.714375]]",13.82266926,Metal Stud Layer,floor,0.111125
d9909760-5396-4778-82d9-59b084915d9c-002014ed,Cores - Mechanical Space,,434b4aa7-f200-460c-b3bb-afb56c30ead0-00090d1a,,,2.924175,1.608423618,-4.949825,-3.616325,12.61745,-0.079375,-0.644525,12.728575,"[[-0.079375,-3.616325],[-0.079375,-0.644525],[-4.949825,-0.644525],[-4.949825,-3.616325]]",14.47400331,Metal Stud Layer,floor,0.111125
9f970bb1-5e04-45e2-843c-2879d2bf99cc-00202a40,"Concrete Slab 4""",,434b4aa7-f200-460c-b3bb-afb56c30ead0-00090d1b,,,-0.0508,0.3146316288,7.820025,13.0302,13.716,10.360025,14.2494,13.8176,"[[9.069386706,14.2494],[7.820025,14.2494],[7.820025,13.0302],[10.360025,13.0302],[10.360025,14.2494]]",3.096768,"Concrete, Cast-in-Place gray",floor,0.1016
49b5bd90-6f04-4cdd-ae24-c591e520cb9e-00203e90,Finish Floor - Polished Concrete (Grey),,434b4aa7-f200-460c-b3bb-afb56c30ead0-00090d1a,,,0,36.04828082,-33.740725,-3.204865832,9.652,-15.09395,12.7254,9.8044,"[[-33.740725,5.7023],[-33.740725,0.2667],[-33.664525,0.2667],[-32.44439503,0.2667],[-32.43713945,0.2667],[-32.41483212,0.2667],[-32.1619523,0.1514636252],[-32.16578808,0.1430462094],[-32.86409055,-1.389339758],[-32.87067344,-1.403785557],[-28.91830284,-3.204865832],[-28.91171994,-3.190420033],[-27.08247599,0.823754201],[-26.80511665,0.6973626027],[-25.85747223,0.2655246419],[-25.58011289,0.1391330436],[-25.70650449,-0.1382262972],[-26.27183246,-1.378807125],[-26.27841536,-1.393252924],[-22.32604475,-3.194333199],[-22.31946186,-3.1798874],[-20.4902179,0.8342868342],[-20.21285856,0.7078952359],[-19.26521415,0.276057275],[-18.98785481,0.1496656767],[-19.1142464,-0.127693664],[-19.67957438,-1.368274491],[-19.68615727,-1.38272029],[-15.73378667,-3.183800566],[-15.72720377,-3.169354767],[-15.243175,-2.107180519],[-15.2354685,-2.090269034],[-15.09395,-2.090269034],[-15.09395,0.714375],[-15.09395,5.6340375],[-15.09395,5.7023],[-15.09395,6.0071],[-15.09395,12.7254],[-15.1638,12.7254],[-26.1366,12.7254],[-27.1526,12.7254],[-30.3657,12.7254],[-30.3657,12.709525],[-30.3657,10.531475],[-30.3657,10.4521],[-27.5717,10.4521],[-27.5717,7.9375],[-28.47975,7.9375],[-29.71165,7.9375],[-30.3657,7.9375],[-30.3657,7.6835],[-30.3657,7.1755],[-30.3657,6.1595],[-30.3657,5.7023],[-33.664525,5.7023]]",236.5372757,"Concrete, Precast Smooth, Light Grey",floor,0.1524
49b5bd90-6f04-4cdd-ae24-c591e520cb9e-00203f28,Finish Floor - Polished Concrete (Grey),,434b4aa7-f200-460c-b3bb-afb56c30ead0-00090d1b,,,0,36.14801547,-33.740725,-2.97966404,13.716,-13.954125,12.7254,13.8684,"[[-33.740725,5.7023],[-33.740725,0.2694378077],[-33.664525,0.2694378077],[-32.48143082,0.2694378077],[-32.44973032,0.2549920087],[-32.17237098,0.1286004104],[-32.56694056,-0.7372606228],[-32.76804984,-1.178583764],[-28.81567924,-2.97966404],[-28.61456996,-2.538340899],[-27.09300862,0.8006409226],[-25.86800487,0.2424113635],[-25.59064552,0.1160197652],[-25.70650449,-0.1382262972],[-25.97468248,-0.7267279896],[-26.17579176,-1.168051131],[-22.22342115,-2.969131406],[-22.02231187,-2.527808265],[-20.50075053,0.8111735558],[-19.27574678,0.2529439967],[-18.99838744,0.1265523984],[-19.1142464,-0.127693664],[-19.38242439,-0.7161953564],[-19.58353367,-1.157518497],[-15.64560886,-2.952015877],[-15.63116307,-2.958598773],[-15.243175,-2.107180519],[-14.944725,-1.452248575],[-13.954125,0.7215680918],[-13.954125,0.8704137284],[-13.954125,2.816225],[-14.944725,2.816225],[-15.09395,2.816225],[-15.09395,5.6626125],[-15.09395,5.7023],[-15.09395,6.0071],[-15.09395,12.7254],[-15.1638,12.7254],[-30.3657,12.7254],[-30.3657,12.709525],[-30.3657,10.531475],[-30.3657,10.4521],[-27.5717,10.4521],[-27.5717,7.9375],[-28.47975,7.9375],[-29.71165,7.9375],[-30.3657,7.9375],[-30.3657,7.6835],[-30.3657,7.1755],[-30.3657,6.1595],[-30.3657,5.7023],[-33.664525,5.7023]]",237.1917026,"Concrete, Precast Smooth, Light Grey",floor,0.1524
60e42325-cc96-4cde-b95f-ced200a85f95-00203fbf,Finish Floor - Terrazo,,561adf52-04d9-49cc-aa0c-378397704344-0009aa6e,,,0,4.209715887,-3.8735,0.1524,-1.2065,1.1938,6.0071,-1.0541,"[[-1.78435,0.1524],[1.1938,0.1524],[1.1938,4.0814625],[1.1938,5.5499],[1.1938,6.0071],[-1.8542,6.0071],[-1.8542,5.842],[-3.8735,5.842],[-3.8735,5.6896],[-3.8735,1.063625],[-3.8735,0.97155],[-1.78435,0.97155]]",27.62280766,"Concrete, Precast",floor,0.1524
60e42325-cc96-4cde-b95f-ced200a85f95-00204074,"Concrete Slab 4""",,434b4aa7-f200-460c-b3bb-afb56c30ead0-00090cf6,,,0,0.4850820477,16.63065,11.049,-0.1016,19.2347229,13.0302,0,"[[16.63065,12.8778],[16.63065,12.4206],[16.63065,11.049],[19.2347229,11.049],[18.99395681,12.8778],[18.53281165,12.8778],[18.411825,12.8778],[18.411825,13.0302],[16.887825,13.0302],[16.887825,12.8778]]",4.774429604,"Concrete, Cast-in-Place gray",floor,0.1016
60e42325-cc96-4cde-b95f-ced200a85f95-002040eb,"Concrete Slab 4""",,561adf52-04d9-49cc-aa0c-378397704344-0009aa6e,,,0,2.817581542,-12.0015,10.9204125,-1.1557,1.143,13.0302,-1.0541,"[[1.143,10.9204125],[1.143,11.0283625],[1.143,12.715875],[1.143,13.0302],[-12.0015,13.0302],[-12.0015,11.2252125],[-12.0015,10.9204125],[-11.938,10.9204125],[-9.77265,10.9204125],[-6.289675,10.9204125],[-6.054725,10.9204125]]",27.73210179,"Concrete, Cast-in-Place gray",floor,0.1016
60e42325-cc96-4cde-b95f-ced200a85f95-00204120,Finish Floor - Polished Concrete (Grey),,561adf52-04d9-49cc-aa0c-378397704344-0009aa6e,,,0,1.529711941,-11.938,6.2849125,-1.2065,-9.77265,10.9204125,-1.0541,"[[-11.938,10.9204125],[-11.938,6.2849125],[-9.77265,6.2849125],[-9.77265,10.9204125]]",10.03747993,"Concrete, Precast Smooth, Light Grey",floor,0.1524
60e42325-cc96-4cde-b95f-ced200a85f95-0020419f,Finish Floor - Polished Concrete (Grey),,561adf52-04d9-49cc-aa0c-378397704344-0009aa6e,,,0,6.166166178,-6.054725,4.0814625,-1.2065,2.841625,11.0283625,-1.0541,"[[1.1938,4.0814625],[2.841625,4.0814625],[2.841625,11.0283625],[1.143,11.0283625],[1.143,10.9204125],[-6.054725,10.9204125],[-6.054725,5.673725],[-6.022975,5.673725],[-3.889375,5.673725],[-3.889375,5.6896],[-3.889375,5.842],[-3.8735,5.842],[-1.8542,5.842],[-1.8542,5.857875],[-1.8542,6.0071],[-1.8542,8.2677],[-1.8542,8.5217],[0.9398,8.5217],[1.1938,8.5217],[1.1938,6.0071]]",40.46040799,"Concrete, Precast Smooth, Light Grey",floor,0.1524
24c97db8-345b-44fc-9a1f-17635a8645f5-0020421c,Finish Floor - Polished Concrete (Grey),,561adf52-04d9-49cc-aa0c-378397704344-0009aa6e,,,0,1.53252181,-6.054725,1.063625,-1.2065,-3.8735,5.6896,-1.0541,"[[-3.8735,1.063625],[-3.8735,5.6896],[-3.889375,5.6896],[-3.889375,5.673725],[-6.054725,5.673725],[-6.054725,1.063625]]",10.05591739,"Concrete, Precast Smooth, Light Grey",floor,0.1524
24c97db8-345b-44fc-9a1f-17635a8645f5-00204292,Finish Floor - Polished Concrete (Grey),,561adf52-04d9-49cc-aa0c-378397704344-0009aa6e,,,0,1.533283808,7.610475,10.550525,-1.2065,12.23645,12.7254,-1.0541,"[[7.610475,10.550525],[12.23645,10.550525],[12.23645,12.4206],[12.23645,12.7254],[7.610475,12.7254],[7.610475,12.715875]]",10.06091738,"Concrete, Precast Smooth, Light Grey",floor,0.1524
24c97db8-345b-44fc-9a1f-17635a8645f5-002042bf,Finish Floor - Polished Concrete (Grey),,434b4aa7-f200-460c-b3bb-afb56c30ead0-00090cf6,,,0,1.707423505,12.690475,8.0899,-0.1524,15.03045,12.8778,0,"[[12.690475,12.8778],[12.690475,12.4206],[12.690475,8.0899],[15.03045,8.0899],[15.03045,12.4206],[15.03045,12.8778]]",11.2035663,"Concrete, Precast Smooth, Light Grey",floor,0.1524
57ad692e-5bf7-4ef5-ae5e-6b26c498a214-0020430a,Finish Floor - Polished Concrete (Grey),,434b4aa7-f200-460c-b3bb-afb56c30ead0-00090d18,,,0,9.841849413,-30.3657,5.826125,-1.9558,-15.408275,12.7254,-1.8034,"[[-19.9644,12.7254],[-30.3657,12.7254],[-30.3657,10.56005],[-30.3657,10.4521],[-27.5717,10.4521],[-27.5717,10.1981],[-27.5717,7.9375],[-30.3657,7.9375],[-30.3657,5.826125],[-27.5717,5.826125],[-27.5717,7.6835],[-27.5717,7.74065],[-27.555825,7.74065],[-27.3685,7.74065],[-21.478875,7.74065],[-21.478875,8.80745],[-19.812,8.80745],[-19.812,6.2611],[-17.653,6.2611],[-17.653,10.12825],[-16.5354,10.12825],[-16.5354,6.604],[-15.408275,6.604],[-15.408275,10.880725],[-15.408275,10.8966],[-19.9644,10.8966]]",64.57906439,"Concrete, Precast Smooth, Light Grey",floor,0.1524
ac355af7-93f5-4805-b0b1-d7e96881dc79-002043f4,"Concrete Slab 4""",,434b4aa7-f200-460c-b3bb-afb56c30ead0-00090d18,,,0,1.041038426,-19.9644,10.880725,-1.905,-15.1638,13.0302,-1.8034,"[[-15.1638,13.0302],[-19.9644,13.0302],[-19.9644,12.7254],[-19.9644,10.8966],[-15.408275,10.8966],[-15.408275,10.880725],[-15.1638,10.880725],[-15.1638,11.2014]]",10.2464412,"Concrete, Cast-in-Place gray",floor,0.1016
f430a989-1abe-42be-8872-72da3b4b367b-00204493,Finish Floor - Laminate,,561adf52-04d9-49cc-aa0c-378397704344-0009aa6e,,,0,22.49762611,1.143,-2.222135319,-1.2065,12.690475,12.715875,-1.0541,"[[7.610475,12.715875],[1.143,12.715875],[1.143,11.0283625],[2.841625,11.0283625],[2.841625,4.0814625],[1.1938,4.0814625],[1.1938,0.1524],[1.1938,-1.9177],[1.1938,-2.02565],[1.1938,-2.222135319],[12.2682,-2.222135319],[12.2682,0.8763],[12.690475,0.8763],[12.690475,10.550525],[12.23645,10.550525],[7.610475,10.550525]]",147.6222185,"Concrete, Precast",floor,0.1524
67a7e2a1-22fb-4409-a43e-15e28c32e96a-002047fc,Finish Floor - Laminate,,434b4aa7-f200-460c-b3bb-afb56c30ead0-00090d19,,,0,7.451418714,-12.0015,2.790825,2.3114,-6.289675,12.7254,2.4638,"[[-9.18845,2.790825],[-6.289675,2.790825],[-6.289675,12.709525],[-6.289675,12.7254],[-12.0015,12.7254],[-12.0015,12.709525],[-12.0015,5.58165],[-9.18845,5.58165]]",48.89382358,"Concrete, Precast",floor,0.1524
67a7e2a1-22fb-4409-a43e-15e28c32e96a-00204829,Finish Floor - Polished Concrete (Brown),,434b4aa7-f200-460c-b3bb-afb56c30ead0-00090d19,,,0,1.196451293,-12.0015,2.790825,2.3114,-9.18845,5.58165,2.4638,"[[-12.0015,2.790825],[-9.18845,2.790825],[-9.18845,5.58165],[-12.0015,5.58165]]",7.850730266,"Concrete, Polished",floor,0.1524
67a7e2a1-22fb-4409-a43e-15e28c32e96a-0020485a,Finish Floor - Laminate,,434b4aa7-f200-460c-b3bb-afb56c30ead0-00090d19,,,0,7.063142083,-6.054725,2.790825,2.3114,0.974725,12.7254,2.4638,"[[-6.054725,2.790825],[-4.098925,2.790825],[-4.098925,4.175125],[-4.606925,4.175125],[-4.606925,5.6896],[-1.8542,5.6896],[-1.8542,8.5217],[0.974725,8.5217],[0.974725,12.709525],[0.974725,12.7254],[-6.054725,12.7254],[-6.054725,12.709525]]",46.34607666,"Concrete, Precast",floor,0.1524
67a7e2a1-22fb-4409-a43e-15e28c32e96a-00204863,Finish Floor - Polished Concrete (Brown),,434b4aa7-f200-460c-b3bb-afb56c30ead0-00090d19,,,0,1.222522087,-4.606925,2.790825,2.3114,-1.597025,5.6896,2.4638,"[[-4.098925,2.790825],[-1.597025,2.790825],[-1.597025,5.6896],[-1.8542,5.6896],[-4.606925,5.6896],[-4.606925,4.175125],[-4.098925,4.175125]]",8.021798472,"Concrete, Polished",floor,0.1524
67a7e2a1-22fb-4409-a43e-15e28c32e96a-00204913,Finish Floor - Laminate,,434b4aa7-f200-460c-b3bb-afb56c30ead0-00090d19,,,0,14.61583285,1.209675,2.790825,2.3114,12.455525,12.7254,2.4638,"[[6.14045,4.606925],[6.14045,6.10235],[7.4041,6.10235],[7.4041,6.6167],[9.9695,6.6167],[9.9695,4.05765],[7.0866,4.05765],[7.0866,4.606925]]",95.90441505,"Concrete, Precast",floor,0.1524
67a7e2a1-22fb-4409-a43e-15e28c32e96a-00204983,Finish Floor - Polished Concrete (Brown),,434b4aa7-f200-460c-b3bb-afb56c30ead0-00090d19,,,0,1.315071104,6.14045,4.05765,2.3114,9.9695,6.6167,2.4638,"[[6.14045,6.10235],[6.14045,4.606925],[7.0866,4.606925],[7.0866,4.05765],[9.9695,4.05765],[9.9695,6.6167],[7.4041,6.6167],[7.4041,6.10235]]",8.629075484,"Concrete, Polished",floor,0.1524
67a7e2a1-22fb-4409-a43e-15e28c32e96a-00204a98,Finish Floor - Laminate,,434b4aa7-f200-460c-b3bb-afb56c30ead0-00090cfb,,,0,14.61583285,1.209675,2.790825,5.588,12.455525,12.7254,5.7404,"[[6.14045,4.606925],[6.14045,6.10235],[7.4041,6.10235],[7.4041,6.6167],[9.9695,6.6167],[9.9695,4.05765],[7.0866,4.05765],[7.0866,4.606925]]",95.90441505,"Concrete, Precast",floor,0.1524
67a7e2a1-22fb-4409-a43e-15e28c32e96a-00204aa9,Finish Floor - Polished Concrete (Brown),,434b4aa7-f200-460c-b3bb-afb56c30ead0-00090cfb,,,0,1.315071104,6.14045,4.05765,5.588,9.9695,6.6167,5.7404,"[[6.14045,6.10235],[6.14045,4.606925],[7.0866,4.606925],[7.0866,4.05765],[9.9695,4.05765],[9.9695,6.6167],[7.4041,6.6167],[7.4041,6.10235]]",8.629075484,"Concrete, Polished",floor,0.1524
67a7e2a1-22fb-4409-a43e-15e28c32e96a-00204ab5,Finish Floor - Laminate,,434b4aa7-f200-460c-b3bb-afb56c30ead0-00090d1a,,,0,14.61583285,1.209675,2.790825,9.652,12.455525,12.7254,9.8044,"[[6.14045,4.606925],[6.14045,6.10235],[7.4041,6.10235],[7.4041,6.6167],[9.9695,6.6167],[9.9695,4.05765],[7.0866,4.05765],[7.0866,4.606925]]",95.90441505,"Concrete, Precast",floor,0.1524
67a7e2a1-22fb-4409-a43e-15e28c32e96a-00204ac6,Finish Floor - Polished Concrete (Brown),,434b4aa7-f200-460c-b3bb-afb56c30ead0-00090d1a,,,0,1.315071104,6.14045,4.05765,9.652,9.9695,6.6167,9.8044,"[[6.14045,6.10235],[6.14045,4.606925],[7.0866,4.606925],[7.0866,4.05765],[9.9695,4.05765],[9.9695,6.6167],[7.4041,6.6167],[7.4041,6.10235]]",8.629075484,"Concrete, Polished",floor,0.1524
67a7e2a1-22fb-4409-a43e-15e28c32e96a-00204af2,Finish Floor - Laminate,,434b4aa7-f200-460c-b3bb-afb56c30ead0-00090d1b,,,0,14.61583285,1.209675,2.790825,13.716,12.455525,12.7254,13.8684,"[[6.14045,6.10235],[7.4041,6.10235],[7.4041,6.6167],[9.9695,6.6167],[9.9695,4.05765],[7.0866,4.05765],[7.0866,4.606925],[6.14045,4.606925]]",95.90441505,"Concrete, Precast",floor,0.1524
67a7e2a1-22fb-4409-a43e-15e28c32e96a-00204b03,Finish Floor - Polished Concrete (Brown),,434b4aa7-f200-460c-b3bb-afb56c30ead0-00090d1b,,,0,1.315071104,6.14045,4.05765,13.716,9.9695,6.6167,13.8684,"[[6.14045,6.10235],[6.14045,4.606925],[7.0866,4.606925],[7.0866,4.05765],[9.9695,4.05765],[9.9695,6.6167],[7.4041,6.6167],[7.4041,6.10235]]",8.629075484,"Concrete, Polished",floor,0.1524
94bfd485-ea02-4ad9-8ec8-ad3e74a13007-00204b67,Finish Floor - Laminate,,434b4aa7-f200-460c-b3bb-afb56c30ead0-00090d1b,,,0,12.03865887,12.690475,-2.353469979,13.716,20.71432303,12.7254,13.8684,"[[18.8603056,12.7254],[12.690475,12.7254],[12.690475,12.709525],[12.690475,5.58165],[15.4559,5.58165],[15.4559,2.790825],[15.630525,2.790825],[15.630525,0.8763],[15.5829,0.8763],[15.5829,0.5715],[15.5829,-0.8382],[16.93517841,-0.8382],[20.26035419,-2.353469979],[20.71432303,-1.357260577],[20.47335478,0.473075],[19.29619739,0.473075],[19.29619739,0.682625],[19.29619739,0.8382],[19.29619739,1.812925],[19.38827239,1.812925],[20.29696019,1.812925],[18.86239558,12.709525]]",78.99382462,"Concrete, Precast",floor,0.1524
94bfd485-ea02-4ad9-8ec8-ad3e74a13007-00204bcd,Finish Floor - Polished Concrete (Brown),,434b4aa7-f200-460c-b3bb-afb56c30ead0-00090d1b,,,0,1.176195345,12.690475,2.790825,13.716,15.4559,5.58165,13.8684,"[[12.690475,2.790825],[15.4559,2.790825],[15.4559,5.58165],[12.690475,5.58165]]",7.717817226,"Concrete, Polished",floor,0.1524
94bfd485-ea02-4ad9-8ec8-ad3e74a13007-00204beb,Finish Floor - Laminate,,434b4aa7-f200-460c-b3bb-afb56c30ead0-00090cfb,,,0,9.898885728,12.690475,0.80645,5.588,20.26352045,12.7254,5.7404,"[[20.26352045,2.066925],[18.86239558,12.709525],[18.8603056,12.7254],[12.690475,12.7254],[12.690475,12.709525],[12.690475,5.58165],[15.4559,5.58165],[15.4559,2.790825],[17.17262311,2.790825],[17.17262311,0.80645],[19.29619739,0.80645],[19.29619739,2.066925]]",64.95331843,"Concrete, Precast",floor,0.1524
94bfd485-ea02-4ad9-8ec8-ad3e74a13007-00204bfe,Finish Floor - Polished Concrete (Brown),,434b4aa7-f200-460c-b3bb-afb56c30ead0-00090cfb,,,0,1.176195345,12.690475,2.790825,5.588,15.4559,5.58165,5.7404,"[[12.690475,2.790825],[15.4559,2.790825],[15.4559,5.58165],[12.690475,5.58165]]",7.717817226,"Concrete, Polished",floor,0.1524
94bfd485-ea02-4ad9-8ec8-ad3e74a13007-00204c0c,Finish Floor - Laminate,,434b4aa7-f200-460c-b3bb-afb56c30ead0-00090d1a,,,0,9.935682729,12.690475,0.80645,9.652,20.29696019,12.7254,9.8044,"[[20.29696019,1.812925],[18.86239558,12.709525],[18.8603056,12.7254],[15.313025,12.7254],[14.297025,12.7254],[12.690475,12.7254],[12.690475,12.709525],[12.690475,5.58165],[15.4559,5.58165],[15.4559,2.790825],[17.17262311,2.790825],[17.17262311,0.8382],[17.17262311,0.80645],[19.29619739,0.80645],[19.29619739,0.8382],[19.29619739,1.812925],[19.38827239,1.812925],[19.38827239,1.82245],[20.27969421,1.82245],[20.2809482,1.812925]]",65.19476857,"Concrete, Precast",floor,0.1524
94bfd485-ea02-4ad9-8ec8-ad3e74a13007-00204c1f,Finish Floor - Polished Concrete (Brown),,434b4aa7-f200-460c-b3bb-afb56c30ead0-00090d1a,,,0,1.176195345,12.690475,2.790825,9.652,15.4559,5.58165,9.8044,"[[12.690475,2.790825],[15.4559,2.790825],[15.4559,5.58165],[12.690475,5.58165]]",7.717817226,"Concrete, Polished",floor,0.1524
94bfd485-ea02-4ad9-8ec8-ad3e74a13007-00204c99,Finish Floor - Laminate,,434b4aa7-f200-460c-b3bb-afb56c30ead0-00090d1a,,,0,7.382285788,-11.938,2.790825,9.652,-6.289675,12.7254,9.8044,"[[-9.18845,2.790825],[-6.289675,2.790825],[-6.289675,12.709525],[-6.289675,12.7254],[-11.938,12.7254],[-11.938,12.709525],[-11.938,5.58165],[-9.18845,5.58165]]",48.44019546,"Concrete, Precast",floor,0.1524
94bfd485-ea02-4ad9-8ec8-ad3e74a13007-00204ca2,Finish Floor - Polished Concrete (Brown),,434b4aa7-f200-460c-b3bb-afb56c30ead0-00090d1a,,,0,1.176195345,-11.953875,2.790825,9.652,-9.18845,5.58165,9.8044,"[[-9.18845,2.790825],[-9.18845,5.58165],[-11.938,5.58165],[-11.953875,5.58165],[-11.953875,2.790825]]",7.717817226,"Concrete, Polished",floor,0.1524
94bfd485-ea02-4ad9-8ec8-ad3e74a13007-00204ce2,Finish Floor - Laminate,,434b4aa7-f200-460c-b3bb-afb56c30ead0-00090d1a,,,0,7.063142083,-6.054725,2.790825,9.652,0.974725,12.7254,9.8044,"[[-6.054725,2.790825],[-4.098925,2.790825],[-4.098925,4.175125],[-4.606925,4.175125],[-4.606925,5.6896],[-1.8542,5.6896],[-1.8542,8.5217],[0.974725,8.5217],[0.974725,12.709525],[0.974725,12.7254],[-1.196975,12.7254],[-2.212975,12.7254],[-6.054725,12.7254],[-6.054725,12.709525]]",46.34607666,"Concrete, Precast",floor,0.1524
94bfd485-ea02-4ad9-8ec8-ad3e74a13007-00204ce7,Finish Floor - Polished Concrete (Brown),,434b4aa7-f200-460c-b3bb-afb56c30ead0-00090d1a,,,0,1.222522087,-4.606925,2.790825,9.652,-1.597025,5.6896,9.8044,"[[-4.098925,2.790825],[-1.597025,2.790825],[-1.597025,5.6896],[-1.8542,5.6896],[-4.606925,5.6896],[-4.606925,4.175125],[-4.098925,4.175125]]",8.021798472,"Concrete, Polished",floor,0.1524
94bfd485-ea02-4ad9-8ec8-ad3e74a13007-00204cfd,Finish Floor - Laminate,,434b4aa7-f200-460c-b3bb-afb56c30ead0-00090d1b,,,0,7.382285788,-11.938,2.790825,13.716,-6.289675,12.7254,13.8684,"[[-6.289675,2.790825],[-6.289675,12.709525],[-6.289675,12.7254],[-8.816975,12.7254],[-9.832975,12.7254],[-11.938,12.7254],[-11.938,12.709525],[-11.938,5.58165],[-9.18845,5.58165],[-9.18845,2.790825]]",48.44019546,"Concrete, Precast",floor,0.1524
94bfd485-ea02-4ad9-8ec8-ad3e74a13007-00204d05,Finish Floor - Polished Concrete (Brown),,434b4aa7-f200-460c-b3bb-afb56c30ead0-00090d1b,,,0,1.176195345,-11.953875,2.790825,13.716,-9.18845,5.58165,13.8684,"[[-9.18845,2.790825],[-9.18845,5.58165],[-11.938,5.58165],[-11.953875,5.58165],[-11.953875,2.790825]]",7.717817226,"Concrete, Polished",floor,0.1524
dd782ca8-2341-4e80-b8d9-8c990d1f9347-00204d19,Finish Floor - Laminate,,434b4aa7-f200-460c-b3bb-afb56c30ead0-00090d1a,,,0,7.182024694,12.69365,-9.000810259,9.652,21.56682225,0.714375,9.8044,"[[17.65935,-2.2606],[17.65935,0.682625],[17.65935,0.714375],[17.17262311,0.714375],[15.662275,0.714375],[15.5829,0.714375],[15.5829,0.5715],[15.5829,-6.2865],[12.69365,-6.2865],[12.69365,-9.000810259],[12.7254,-8.996630292],[21.31814309,-7.865374204],[21.56682225,-7.832634972],[20.83324993,-2.2606]]",47.12614629,"Concrete, Precast",floor,0.1524
dd782ca8-2341-4e80-b8d9-8c990d1f9347-00204d87,Finish Floor - Polished Concrete (Brown),,434b4aa7-f200-460c-b3bb-afb56c30ead0-00090d1a,,,0,1.350215122,17.65935,-2.2606,9.652,20.83324993,0.714375,9.8044,"[[17.65935,0.714375],[17.65935,-2.2606],[20.83324993,-2.2606],[20.44158704,0.714375]]",8.859679279,"Concrete, Polished",floor,0.1524
dd782ca8-2341-4e80-b8d9-8c990d1f9347-00204d9b,Finish Floor - Laminate,,434b4aa7-f200-460c-b3bb-afb56c30ead0-00090cfb,,,0,7.182024694,12.69365,-9.000810259,5.588,21.56682225,0.714375,5.7404,"[[17.65935,-2.2606],[17.65935,0.714375],[17.17262311,0.714375],[15.5829,0.714375],[15.5829,0.5715],[15.5829,-6.2865],[15.2781,-6.2865],[12.7254,-6.2865],[12.69365,-6.2865],[12.69365,-9.000810259],[21.56682225,-7.832634972],[20.83324993,-2.2606]]",47.12614629,"Concrete, Precast",floor,0.1524
dd782ca8-2341-4e80-b8d9-8c990d1f9347-00204da6,Finish Floor - Polished Concrete (Brown),,434b4aa7-f200-460c-b3bb-afb56c30ead0-00090cfb,,,0,1.350215122,17.65935,-2.2606,5.588,20.83324993,0.714375,5.7404,"[[17.65935,0.714375],[17.65935,-2.2606],[20.83324993,-2.2606],[20.44158704,0.714375]]",8.859679279,"Concrete, Polished",floor,0.1524
dd782ca8-2341-4e80-b8d9-8c990d1f9347-00204db2,Finish Floor - Laminate,,434b4aa7-f200-460c-b3bb-afb56c30ead0-00090cfb,,,0,15.28181798,1.209675,-9.013825,5.588,12.4587,0.714375,5.7404,"[[3.5941,-3.2639],[3.5941,-0.70485],[6.384925,-0.70485],[6.384925,-1.406525],[7.42315,-1.406525],[7.42315,-2.657475],[6.384925,-2.657475],[6.384925,-3.2639]]",100.2743962,"Concrete, Precast",floor,0.1524
424dd686-b3a4-44bd-b3a5-d625089d11c6-00204e12,Finish Floor - Polished Concrete (Brown),,434b4aa7-f200-460c-b3bb-afb56c30ead0-00090cfb,,,0,1.28635175,3.5941,-3.2639,5.588,7.42315,-0.70485,5.7404,"[[3.5941,-0.70485],[3.5941,-3.2639],[6.384925,-3.2639],[6.384925,-2.657475],[7.42315,-2.657475],[7.42315,-1.406525],[6.384925,-1.406525],[6.384925,-0.70485]]",8.44062828,"Concrete, Polished",floor,0.1524
424dd686-b3a4-44bd-b3a5-d625089d11c6-00204e25,Finish Floor - Laminate,,434b4aa7-f200-460c-b3bb-afb56c30ead0-00090d1a,,,0,15.28181798,1.209675,-9.013825,9.652,12.4587,0.714375,9.8044,"[[1.209675,0.714375],[1.209675,-9.013825],[1.241425,-9.013825],[12.42695,-9.013825],[12.4587,-9.013825],[12.4587,-6.35],[12.3571,-6.35],[12.3571,0.714375]]",100.2743962,"Concrete, Precast",floor,0.1524
424dd686-b3a4-44bd-b3a5-d625089d11c6-00204e36,Finish Floor - Polished Concrete (Brown),,434b4aa7-f200-460c-b3bb-afb56c30ead0-00090d1a,,,0,1.28635175,3.5941,-3.2639,9.652,7.42315,-0.70485,9.8044,"[[3.5941,-0.70485],[3.5941,-3.2639],[6.384925,-3.2639],[6.384925,-2.657475],[7.42315,-2.657475],[7.42315,-1.406525],[6.384925,-1.406525],[6.384925,-0.70485]]",8.44062828,"Concrete, Polished",floor,0.1524
c156b02b-c07a-4289-ab0b-10bb55174f0d-00204e71,Finish Floor - Laminate,,434b4aa7-f200-460c-b3bb-afb56c30ead0-00090cfb,,,0,10.75876043,-14.9606,-8.435334025,5.588,-6.289675,0.714375,5.7404,"[[-14.9606,0.714375],[-14.9606,-8.435334025],[-14.8082,-8.435334025],[-6.4754125,-8.435334025],[-6.289675,-8.435334025],[-6.289675,0.714375]]",70.59554087,"Concrete, Precast",floor,0.1524
c156b02b-c07a-4289-ab0b-10bb55174f0d-00204ec4,Finish Floor - Polished Concrete (Brown),,434b4aa7-f200-460c-b3bb-afb56c30ead0-00090cfb,,,0,1.332113138,-12.6619,-3.2639,5.588,-8.68045,-0.70485,5.7404,"[[-12.6619,-3.2639],[-9.871075,-3.2639],[-9.871075,-2.657475],[-8.68045,-2.657475],[-8.68045,-1.31445],[-9.871075,-1.31445],[-9.871075,-0.70485],[-12.6619,-0.70485]]",8.740899857,"Concrete, Polished",floor,0.1524
c156b02b-c07a-4289-ab0b-10bb55174f0d-00204ed5,Finish Floor - Laminate,,434b4aa7-f200-460c-b3bb-afb56c30ead0-00090d1a,,,0,10.75876043,-14.9606,-8.435334025,9.652,-6.289675,0.714375,9.8044,"[[-14.9606,0.714375],[-14.9606,-8.435334025],[-14.8082,-8.435334025],[-6.4754125,-8.435334025],[-6.289675,-8.435334025],[-6.289675,0.714375]]",70.59554087,"Concrete, Precast",floor,0.1524
c156b02b-c07a-4289-ab0b-10bb55174f0d-00204ee4,Finish Floor - Polished Concrete (Brown),,434b4aa7-f200-460c-b3bb-afb56c30ead0-00090d1a,,,0,1.332113138,-12.6619,-3.2639,9.652,-8.68045,-0.70485,9.8044,"[[-12.6619,-3.2639],[-9.871075,-3.2639],[-9.871075,-2.657475],[-8.68045,-2.657475],[-8.68045,-1.31445],[-9.871075,-1.31445],[-9.871075,-0.70485],[-12.6619,-0.70485]]",8.740899857,"Concrete, Polished",floor,0.1524
c156b02b-c07a-4289-ab0b-10bb55174f0d-00204efe,Finish Floor - Laminate,,434b4aa7-f200-460c-b3bb-afb56c30ead0-00090d1a,,,0,9.29507249,-6.054725,-9.026525,9.652,0.974725,0.714375,9.8044,"[[-6.054725,0.714375],[-6.054725,-9.026525],[0.974725,-9.026525],[0.974725,0.714375]]",60.99128931,"Concrete, Precast",floor,0.1524
c156b02b-c07a-4289-ab0b-10bb55174f0d-00204f45,Finish Floor - Polished Concrete (Brown),,434b4aa7-f200-460c-b3bb-afb56c30ead0-00090d1a,,,0,1.140238542,-4.2545,-3.2639,9.652,-0.8001,-0.70485,9.8044,"[[-4.2545,-3.2639],[-1.838325,-3.2639],[-1.838325,-2.657475],[-0.8001,-2.657475],[-0.8001,-1.406525],[-1.838325,-1.406525],[-1.838325,-0.70485],[-4.2545,-0.70485]]",7.481880198,"Concrete, Polished",floor,0.1524
4a07bc90-be6d-4c44-a151-67fa3e851486-00208ae8,"Brick - 8""",,434b4aa7-f200-460c-b3bb-afb56c30ead0-00090d18,,,0.2794,0.2488560608,-28.387675,-6.731,-1.7272,-27.813,-4.5974,-1.524,"[[-27.813,-6.731],[-27.813,-4.5974],[-28.387675,-4.5974],[-28.387675,-6.731]]",1.22612658,"Brick, Dark Blend, Soldier",floor,0.2032
4a07bc90-be6d-4c44-a151-67fa3e851486-00208b88,"Brick - 8""",,434b4aa7-f200-460c-b3bb-afb56c30ead0-00090d18,,,0.508,0.2476003435,-27.771725,-6.731,-1.4986,-27.19705,-4.5974,-1.2954,"[[-27.19705,-6.731],[-27.19705,-4.5974],[-27.771725,-4.5974],[-27.771725,-6.731]]",1.22612658,"Brick, Dark Blend, Soldier",floor,0.2032
4a07bc90-be6d-4c44-a151-67fa3e851486-00208bb7,Hardscape - Brick Walk,,434b4aa7-f200-460c-b3bb-afb56c30ead0-00090d18,,,0.6096,0.1465986745,-27.822525,-6.731,-1.2954,-27.14625,-4.5974,-1.1938,"[[-27.14625,-4.5974],[-27.822525,-4.5974],[-27.822525,-6.731],[-27.14625,-6.731]]",1.44290034,"Brick, Common",floor,0.1016
8c5c5b67-2cac-40ae-8a16-86e5042b4519-0020912b,"Concrete Slab 6""",,02a23a8b-94c1-452d-91fe-6406594cff3b-000959b8,,,0,178.7650389,-33.3756,-17.68093403,-5.3086,21.26133798,12.7254,-4.893233979,"[[-33.3756,-8.3058],[-27.3431,-8.3058],[-20.0279,-8.3058],[-5.4102,-8.3058],[-5.4102,-8.994134025],[12.55114282,-8.994134025],[21.26133798,-7.847415078],[20.1383369,0.682625],[20.1128391,0.8763],[18.59300317,12.4206],[-12.3063,12.4206],[-12.3063,12.7254],[-14.859,12.7254],[-14.859,12.4206],[-30.6705,12.4206],[-30.6705,12.7254],[-33.3756,12.7254],[-33.3756,6.0071],[-33.3756,5.5499]]",1172.998943,"Concrete, Cast-in-Place gray",floor,0.1524
ef8b9a24-5ee1-4a06-92a2-13268dc6414d-0020aa40,Finish Floor - Laminate,,434b4aa7-f200-460c-b3bb-afb56c30ead0-00090d19,,,0,10.75876043,-14.9606,-8.435334025,2.3114,-6.289675,0.714375,2.4638,"[[-12.6619,-3.2639],[-12.6619,-0.70485],[-9.871075,-0.70485],[-9.871075,-1.31445],[-8.68045,-1.31445],[-8.68045,-2.657475],[-9.871075,-2.657475],[-9.871075,-3.2639]]",70.59554087,"Concrete, Precast",floor,0.1524
ef8b9a24-5ee1-4a06-92a2-13268dc6414d-0020aa4f,Finish Floor - Polished Concrete (Brown),,434b4aa7-f200-460c-b3bb-afb56c30ead0-00090d19,,,0,1.332113138,-12.6619,-3.2639,2.3114,-8.68045,-0.70485,2.4638,"[[-12.6619,-3.2639],[-9.871075,-3.2639],[-9.871075,-2.657475],[-8.68045,-2.657475],[-8.68045,-1.31445],[-9.871075,-1.31445],[-9.871075,-0.70485],[-12.6619,-0.70485]]",8.740899857,"Concrete, Polished",floor,0.1524
62cdd21b-b0cf-4edf-9a70-204b3d67cbec-0020edbf,Roof - Planting Bed,,434b4aa7-f200-460c-b3bb-afb56c30ead0-00090d1b,,,0.7112,0.5683386638,-14.779625,-8.371834025,14.478,-12.27134639,-4.993043941,14.5796,"[[-14.779625,-4.993043941],[-14.779625,-8.371834025],[-12.27134639,-8.371834025]]",5.594052259,Planting Bed,floor,0.1016
d535bf2b-b0f3-4a3b-8a96-0b627770f6bc-00222885,"Concrete Slab 6""",,434b4aa7-f200-460c-b3bb-afb56c30ead0-00090cf6,,,-0.00508,0.332120145,-15.198725,13.471525,-0.15748,-13.29912773,14.690725,-0.00508,"[[-15.198725,14.690725],[-15.198725,13.471525],[-13.446125,13.471525],[-13.446125,14.690725]]",2.315988995,"Concrete, Cast-in-Place gray",floor,0.1524
143ec8e5-498d-4633-98f8-14a9c4951034-0022a4b3,Finish Floor - Laminate,,434b4aa7-f200-460c-b3bb-afb56c30ead0-00090d1b,,,-0.7112,4.91895631,-6.054725,-4.9911,13.0048,0.974725,0.6604,13.1572,"[[0.974725,-4.9911],[0.974725,0.6604],[0.942975,0.6604],[-6.022975,0.6604],[-6.054725,0.6604],[-6.054725,-3.750847554],[-5.972175,-3.750847554],[-0.047625,-3.750847554],[-0.047625,-4.00685],[-0.047625,-4.9911]]",32.27661621,"Concrete, Precast",floor,0.1524
afffd176-2c7d-481c-8b2a-ea85b7db4afd-0022e83f,Roof - Brick Border,,02a23a8b-94c1-452d-91fe-6406594cff3b-00095ad3,,,0.2032,0.1179868608,28.08823286,29.64782847,18.0848,29.61223286,31.17182847,18.1356,"[[29.61223286,31.17182847],[28.08823286,31.17182847],[28.08823286,29.64782847],[29.61223286,29.64782847]]",2.322576,Paving - Brick Border,floor,0.0508
afffd176-2c7d-481c-8b2a-ea85b7db4afd-0022e846,Roof - Decking,,02a23a8b-94c1-452d-91fe-6406594cff3b-00095ad3,,,0.2032,0.1179868608,28.08823286,27.20942847,18.0848,29.61223286,28.73342847,18.1356,"[[29.61223286,28.73342847],[28.08823286,28.73342847],[28.08823286,27.20942847],[29.61223286,27.20942847]]",2.322576,Exterior Decking,floor,0.0508
afffd176-2c7d-481c-8b2a-ea85b7db4afd-0022e84d,Roof - Planting Bed,,02a23a8b-94c1-452d-91fe-6406594cff3b-00095ad3,,,0.2032,0.2359737216,28.08823286,24.77102847,18.034,29.61223286,26.29502847,18.1356,"[[29.61223286,26.29502847],[28.08823286,26.29502847],[28.08823286,24.77102847],[29.61223286,24.77102847]]",2.322576,Planting Bed,floor,0.1016
afffd176-2c7d-481c-8b2a-ea85b7db4afd-0022e854,Roof - Porcelain Float Deck 2'x2',,02a23a8b-94c1-452d-91fe-6406594cff3b-00095ad3,,,0.2032,0.1179868608,28.08823286,22.33262847,18.0848,29.61223286,23.85662847,18.1356,"[[29.61223286,23.85662847],[28.08823286,23.85662847],[28.08823286,22.33262847],[29.61223286,22.33262847]]",2.322576,Stone Tiles,floor,0.0508
afffd176-2c7d-481c-8b2a-ea85b7db4afd-0022e85b,Roof - Sculpture Bed,,02a23a8b-94c1-452d-91fe-6406594cff3b-00095ad3,,,0.2032,0.294967152,28.08823286,19.89422847,18.0086,29.61223286,21.41822847,18.1356,"[[29.61223286,21.41822847],[28.08823286,21.41822847],[28.08823286,19.89422847],[29.61223286,19.89422847]]",2.322576,Sculpture Bed,floor,0.127
afffd176-2c7d-481c-8b2a-ea85b7db4afd-0022e862,Roof - Turf,,02a23a8b-94c1-452d-91fe-6406594cff3b-00095ad3,,,0.2032,0.2359737216,28.08823286,17.45582847,18.034,29.61223286,18.97982847,18.1356,"[[29.61223286,18.97982847],[28.08823286,18.97982847],[28.08823286,17.45582847],[29.61223286,17.45582847]]",2.322576,Grass - Turf,floor,0.1016
2f2dcf9b-395a-4397-bbf3-8bafa7cd1a8f-002339dd,"Concrete Slab 6""",,434b4aa7-f200-460c-b3bb-afb56c30ead0-00090d18,,,0,35.44846254,-33.740725,-8.721725,-1.9558,-15.1638,5.826125,-1.8034,"[[-15.1638,2.787650004],[-15.408275,2.787650004],[-27.555825,2.787650004],[-27.555825,5.826125],[-27.5717,5.826125],[-27.708225,5.826125],[-30.286325,5.826125],[-30.3657,5.826125],[-30.6705,5.826125],[-33.740725,5.826125],[-33.740725,5.5499],[-33.740725,-8.721725],[-33.3756,-8.721725],[-15.1638,-8.721725]]",232.6014602,"Concrete, Cast-in-Place gray",floor,0.1524
45ed4799-d124-4abc-8e2b-9d29089bad28-000b8215,"Concrete - 6""",,02a23a8b-94c1-452d-91fe-6406594cff3b-00095ad3,,,,95.36947728,-33.740725,-2.353469979,17.78,20.71432303,12.7254,17.9324,"[[2.1209,6.6421],[1.4859,6.6421]]",625.785095,"Concrete, Lightweight",roof,0.1524
45ed4799-d124-4abc-8e2b-9d29089bad28-000b83f0,"Concrete - 6""",,434b4aa7-f200-460c-b3bb-afb56c30ead0-00090d1b,,,,19.91554463,1.11125,-9.223871542,13.716,21.59285987,0.2753511476,13.8684,"[[21.59285987,-8.030410381],[20.75186268,-1.642402531],[19.77185488,-3.792975223],[16.35975715,-2.238095248],[16.928236,-0.9906],[15.5829,-0.9906],[15.5829,-6.2865],[12.4206,-6.2865],[12.4206,-0.9945643743],[12.0082339,-0.9945643743],[11.10416699,-2.978488994],[7.629832651,-1.395248031],[8.191056505,-0.1636734614],[7.227641391,0.2753511476],[6.160513446,-2.066401843],[2.545601068,-0.4191],[2.416162346,-0.3601152661],[2.331409809,-0.5461],[1.11125,-0.5461],[1.11125,-9.223871542],[12.52762235,-9.223871542]]",130.6794267,"Concrete, Lightweight",roof,0.1524
45ed4799-d124-4abc-8e2b-9d29089bad28-000b8461,"Concrete - 6""",,434b4aa7-f200-460c-b3bb-afb56c30ead0-00090d1b,,,,9.67066065,-15.0114,-8.54955323,13.716,-6.19125,0.6429439979,13.8684,"[[-15.0114,-8.54955323],[-14.8082,-8.54955323],[-6.4754125,-8.54955323],[-6.19125,-8.54955323],[-6.19125,-0.5461],[-7.776860375,-0.5461],[-8.925637677,-3.067027968],[-13.20159418,-1.118490828],[-12.64369875,0.1057797051],[-13.82247594,0.6429439979],[-15.0114,-1.96608379]]",63.45577854,"Concrete, Lightweight",roof,0.1524
3147f156-b90b-4390-99a7-3e9151cbdba3-000b96c1,Insulation on Metal Deck - EPDM,,8b2fcbb6-3350-4536-a114-8d91a78c59b4-000aa0c8,,,,4.16371485,-33.6804,6.0071,20.9804,-30.6705,13.0302,21.42262205,"[[-33.6804,13.0302],[-33.6804,6.0071],[-30.6705,6.0071],[-30.6705,13.0302]]",21.15171374,"Concrete, Cast-in-Place gray",roof,0.19685
c1d54505-61c2-449c-9999-8528a85092a8-000d7882,Insulation on Metal Deck - EPDM,,8b2fcbb6-3350-4536-a114-8d91a78c59b4-000aa0c8,,,,3.531251835,-14.859,6.0071,20.9804,-12.3063,13.0302,21.42262205,"[[-14.859,13.0302],[-14.859,6.0071],[-12.3063,6.0071],[-12.3063,13.0302]]",17.9387952,"Concrete, Cast-in-Place gray",roof,0.19685
9b742a74-29a2-4bfb-b21f-467adccc22dd-000eb7cf,"TPO Roof, 5"" Min. Rigid Insulation w 5/8"" Protection Board",,9b742a74-29a2-4bfb-b21f-467adccc22dd-000eb741,,,,9.784432608,-6.022975,-9.178284025,16.2687,0.942975,0.62865,16.4719,"[[-6.022975,-7.884639942],[-4.756145479,-7.884639942],[-4.756145479,-9.178284025],[-0.3238545212,-9.178284025],[-0.3238545212,-7.884639942],[0.942975,-7.884639942],[0.942975,-5.060460051],[0.917575,-5.051675453],[-5.997575,-5.051675191],[-6.022975,-5.060459786]]",68.31461207,Rigid insulation,roof,0
11c97122-e025-49a4-8083-873e3941cab3-001d3d87,Insulation on Metal Deck - EPDM,,8b2fcbb6-3350-4536-a114-8d91a78c59b4-000aa0c8,,,,1.130986706,-30.3657,7.9375,21.1836,-27.8257,10.1981,21.45951188,"[[-30.3657,10.1981],[-30.3657,7.9375],[-27.8257,7.9375],[-27.8257,10.1981]]",5.745423957,"Concrete, Cast-in-Place gray",roof,0.19685
a8f030e3-a453-4b12-a066-5c73499dae33-001d3e33,Insulation on Metal Deck - EPDM,,8b2fcbb6-3350-4536-a114-8d91a78c59b4-000aa0c8,,,,2.119440495,-17.34185,5.826125,20.9804,-15.1638,10.766425,21.34988907,"[[-17.34185,10.766425],[-17.34185,5.826125],[-15.1638,5.826125],[-15.1638,10.766425]]",10.76677925,"Concrete, Cast-in-Place gray",roof,0.19685
a8f030e3-a453-4b12-a066-5c73499dae33-001d3e82,Insulation on Metal Deck - EPDM,,8b2fcbb6-3350-4536-a114-8d91a78c59b4-000aa0c8,,,,3.294983629,12.7254,-5.9817,20.9804,15.2781,0.5715,21.40621278,"[[12.7254,0.5715],[12.7254,-5.9817],[15.2781,-5.9817],[15.2781,0.5715]]",16.73855031,"Concrete, Cast-in-Place gray",roof,0.19685
a8f030e3-a453-4b12-a066-5c73499dae33-001d3e92,Insulation on Metal Deck - EPDM,,8b2fcbb6-3350-4536-a114-8d91a78c59b4-000aa0c8,,,,3.200398512,-8.29945,5.876925,20.9804,-1.8542,8.397875,21.2654035,"[[-8.29945,8.397875],[-8.29945,5.876925],[-1.8542,5.876925],[-1.8542,8.397875]]",16.25805696,"Concrete, Cast-in-Place gray",roof,0.19685
a8f030e3-a453-4b12-a066-5c73499dae33-001d3ea2,Insulation on Metal Deck - EPDM,,8b2fcbb6-3350-4536-a114-8d91a78c59b4-000aa0c8,,,,1.130986706,-1.6002,6.0071,21.1836,0.9398,8.2677,21.45951188,"[[-1.6002,8.2677],[-1.6002,6.0071],[0.9398,6.0071],[0.9398,8.2677]]",5.745423957,"Concrete, Cast-in-Place gray",roof,0.19685
a8f030e3-a453-4b12-a066-5c73499dae33-001d3eb4,Insulation on Metal Deck - EPDM,,8b2fcbb6-3350-4536-a114-8d91a78c59b4-000aa0c8,,,,1.148194236,1.1938,4.23545,20.9804,2.670175,8.397875,21.32272507,"[[2.670175,8.397875],[1.1938,8.397875],[1.1938,4.23545],[2.670175,4.23545]]",5.833962434,"Concrete, Cast-in-Place gray",roof,0.19685
bf09761f-abbe-4f7b-bf24-58b710b64a00-001d5cd1,"TPO Roof, 5"" Min. Rigid Insulation w 5/8"" Protection Board",,02a23a8b-94c1-452d-91fe-6406594cff3b-00095ad3,,,,7.402102357,-9.693275,4.060825,17.9324,2.8448,9.7917,18.1737,"[[-9.693275,9.7917],[-8.474075,8.5725],[-8.29945,8.5725],[-1.8542,8.5725],[0.9398,8.5725],[2.8448,8.5725],[2.8448,9.7917]]",32.41470927,Rigid insulation,roof,0
bf09761f-abbe-4f7b-bf24-58b710b64a00-001d5cdc,"TPO Roof, 5"" Min. Rigid Insulation w 5/8"" Protection Board",,02a23a8b-94c1-452d-91fe-6406594cff3b-00095ad3,,,,3.280456697,-18.735675,4.4831,17.9324,-11.9507,10.94105,18.1737,"[[-18.735675,4.4831],[-11.9507,4.4831],[-11.9507,5.6515],[-12.0015,5.6515],[-15.1638,5.6515],[-17.516475,5.6515],[-17.6022,5.569346875]]",14.37984282,Rigid insulation,roof,0
bf09761f-abbe-4f7b-bf24-58b710b64a00-001d5ce5,"TPO Roof, 5"" Min. Rigid Insulation w 5/8"" Protection Board",,02a23a8b-94c1-452d-91fe-6406594cff3b-00095ad3,,,,0.9973822633,-30.3149,5.6515,17.9324,-27.5209,7.6327,18.1737,"[[-29.0957,6.4135],[-27.5209,6.4135],[-27.5209,7.546975],[-27.5209,7.6327],[-30.229175,7.6327],[-30.3149,7.6327]]",4.336415956,Rigid insulation,roof,0
680d599d-b12d-4d83-8008-40cbd0852e33-001d6398,"TPO Roof, 5"" Min. Rigid Insulation w 5/8"" Protection Board",,02a23a8b-94c1-452d-91fe-6406594cff3b-00095ad3,,,,105.2797988,-33.740725,-2.353469979,17.9324,20.71432303,12.7254,18.1991,"[[19.22091535,9.7917],[15.57021145,6.985],[19.97539936,4.060825]]",526.440286,Rigid insulation,roof,0
735d3163-b88f-43cf-948f-5c14478ee15b-001d87f1,"TPO Roof, 5"" Min. Rigid Insulation w 5/8"" Protection Board",,02a23a8b-94c1-452d-91fe-6406594cff3b-00095ad3,,,,0.9096786968,12.3698,0.9271,17.9324,15.6337,2.1463,18.1737,"[[15.6337,0.9271],[15.6337,2.1463],[12.3698,2.1463],[12.3698,0.9271]]",3.98021036,Rigid insulation,roof,0
5b34b8ef-3bd6-4609-8a59-2a8081aceb33-001e2602,"TPO Roof, 5"" Min. Rigid Insulation w 5/8"" Protection Board",,434b4aa7-f200-460c-b3bb-afb56c30ead0-00090d1b,,,,12.63888104,-15.0114,-8.54955323,13.8684,-6.19125,0.6429439979,14.1478,"[[-15.0114,-1.96608379],[-15.0114,-5.50155323],[-12.11864489,-4.286227968]]",63.5009548,Rigid insulation,roof,0
a37d03cc-42a8-4ebd-af02-9ffda95959ae-001e4afb,"TPO Roof, 5"" Min. Rigid Insulation w 5/8"" Protection Board",,434b4aa7-f200-460c-b3bb-afb56c30ead0-00090d1b,,,,25.79716809,1.11125,-9.223871542,13.8684,21.59285987,0.2753511476,14.1478,"[[9.138156723,-7.02555323],[6.160513446,-9.223871542],[12.4206,-9.223871542],[9.442956723,-7.02555323]]",130.9092829,Rigid insulation,roof,0
ea4552cf-a3f3-4a60-9671-9b82f7ba08f8-00203ca1,"Concrete - 6""",,02a23a8b-94c1-452d-91fe-6406594cff3b-00095ad3,,,,0.9434314563,-6.207125,0.4452432937,17.5006,1.127125,1.5494,17.8562,,6.19049512,"Concrete, Lightweight",roof,0.1524
